<?xml version="1.0" encoding="UTF-8"?>
<gpx creator="Loopi" version="1.1" xmlns="http://www.topografix.com/GPX/1/1" xmlns:xsi="http://www.w3.org/2001/XMLSchema-instance" xsi:schemaLocation="http://www.topografix.com/GPX/1/1 http://www.topografix.com/GPX/1/1/gpx.xsd http://www.garmin.com/xmlschemas/GpxExtensions/v3 http://www.garmin.com/xmlschemas/GpxExtensionsv3.xsd http://www.garmin.com/xmlschemas/TrackPointExtension/v1 http://www.garmin.com/xmlschemas/TrackPointExtensionv1.xsd">
  <metadata>
    <name>Activity</name>
  </metadata>
  <trk>
    <name>Du Mont Sutton au parc national de la Yamaska</name>
    <trkseg>
      <trkpt lat="45.104699" lon="-72.561453">
        <ele>402.17</ele>
      </trkpt>
      <trkpt lat="45.10483" lon="-72.561421">
        <ele>403.55</ele>
      </trkpt>
      <trkpt lat="45.10484" lon="-72.561419">
        <ele>402.52</ele>
      </trkpt>
      <trkpt lat="45.104883" lon="-72.561649">
        <ele>402.2</ele>
      </trkpt>
      <trkpt lat="45.104895" lon="-72.561711">
        <ele>401.12</ele>
      </trkpt>
      <trkpt lat="45.10491" lon="-72.561792">
        <ele>399.7</ele>
      </trkpt>
      <trkpt lat="45.104958" lon="-72.562067">
        <ele>397.56</ele>
      </trkpt>
      <trkpt lat="45.105057" lon="-72.562628">
        <ele>395.29</ele>
      </trkpt>
      <trkpt lat="45.105151" lon="-72.563222">
        <ele>393.7</ele>
      </trkpt>
      <trkpt lat="45.105238" lon="-72.563772">
        <ele>391.82</ele>
      </trkpt>
      <trkpt lat="45.105415" lon="-72.564894">
        <ele>390.02</ele>
      </trkpt>
      <trkpt lat="45.105417" lon="-72.564919">
        <ele>389.48</ele>
      </trkpt>
      <trkpt lat="45.105474" lon="-72.565591">
        <ele>388.14</ele>
      </trkpt>
      <trkpt lat="45.105529" lon="-72.566739">
        <ele>386.27</ele>
      </trkpt>
      <trkpt lat="45.105577" lon="-72.56794">
        <ele>385.23</ele>
      </trkpt>
      <trkpt lat="45.105596" lon="-72.568432">
        <ele>383.98</ele>
      </trkpt>
      <trkpt lat="45.105622" lon="-72.569142">
        <ele>382.79</ele>
      </trkpt>
      <trkpt lat="45.105632" lon="-72.569406">
        <ele>380.93</ele>
      </trkpt>
      <trkpt lat="45.105666" lon="-72.570344">
        <ele>377.45</ele>
      </trkpt>
      <trkpt lat="45.10571" lon="-72.571546">
        <ele>373.2</ele>
      </trkpt>
      <trkpt lat="45.105742" lon="-72.572421">
        <ele>367.98</ele>
      </trkpt>
      <trkpt lat="45.105757" lon="-72.572748">
        <ele>362.11</ele>
      </trkpt>
      <trkpt lat="45.105792" lon="-72.573509">
        <ele>357.54</ele>
      </trkpt>
      <trkpt lat="45.105808" lon="-72.57395">
        <ele>354.34</ele>
      </trkpt>
      <trkpt lat="45.105833" lon="-72.575174">
        <ele>351.24</ele>
      </trkpt>
      <trkpt lat="45.105842" lon="-72.575613">
        <ele>349.22</ele>
      </trkpt>
      <trkpt lat="45.105862" lon="-72.576399">
        <ele>347.99</ele>
      </trkpt>
      <trkpt lat="45.105893" lon="-72.577624">
        <ele>346.55</ele>
      </trkpt>
      <trkpt lat="45.105915" lon="-72.578489">
        <ele>344.25</ele>
      </trkpt>
      <trkpt lat="45.105925" lon="-72.578849">
        <ele>342.28</ele>
      </trkpt>
      <trkpt lat="45.105957" lon="-72.580074">
        <ele>339.58</ele>
      </trkpt>
      <trkpt lat="45.105965" lon="-72.580357">
        <ele>336.27</ele>
      </trkpt>
      <trkpt lat="45.105984" lon="-72.581301">
        <ele>332.05</ele>
      </trkpt>
      <trkpt lat="45.105986" lon="-72.581372">
        <ele>328.94</ele>
      </trkpt>
      <trkpt lat="45.106019" lon="-72.582555">
        <ele>325.67</ele>
      </trkpt>
      <trkpt lat="45.106054" lon="-72.583811">
        <ele>323.45</ele>
      </trkpt>
      <trkpt lat="45.106088" lon="-72.585033">
        <ele>321.34</ele>
      </trkpt>
      <trkpt lat="45.106089" lon="-72.585067">
        <ele>320.31</ele>
      </trkpt>
      <trkpt lat="45.10609" lon="-72.585131">
        <ele>318.13</ele>
      </trkpt>
      <trkpt lat="45.106123" lon="-72.586323">
        <ele>315.87</ele>
      </trkpt>
      <trkpt lat="45.106158" lon="-72.58758">
        <ele>313.42</ele>
      </trkpt>
      <trkpt lat="45.106165" lon="-72.587919">
        <ele>310.92</ele>
      </trkpt>
      <trkpt lat="45.106168" lon="-72.588095">
        <ele>308.65</ele>
      </trkpt>
      <trkpt lat="45.10617" lon="-72.588196">
        <ele>306.92</ele>
      </trkpt>
      <trkpt lat="45.106179" lon="-72.588711">
        <ele>305.84</ele>
      </trkpt>
      <trkpt lat="45.106199" lon="-72.589843">
        <ele>304.62</ele>
      </trkpt>
      <trkpt lat="45.106205" lon="-72.590151">
        <ele>302.49</ele>
      </trkpt>
      <trkpt lat="45.106223" lon="-72.590974">
        <ele>299.5</ele>
      </trkpt>
      <trkpt lat="45.106247" lon="-72.592106">
        <ele>296.35</ele>
      </trkpt>
      <trkpt lat="45.106272" lon="-72.593238">
        <ele>292.23</ele>
      </trkpt>
      <trkpt lat="45.106296" lon="-72.59437">
        <ele>288.24</ele>
      </trkpt>
      <trkpt lat="45.10632" lon="-72.595117">
        <ele>285.03</ele>
      </trkpt>
      <trkpt lat="45.10633" lon="-72.59544">
        <ele>283.03</ele>
      </trkpt>
      <trkpt lat="45.106356" lon="-72.595735">
        <ele>281.28</ele>
      </trkpt>
      <trkpt lat="45.106382" lon="-72.595946">
        <ele>281.92</ele>
      </trkpt>
      <trkpt lat="45.106427" lon="-72.596208">
        <ele>280.67</ele>
      </trkpt>
      <trkpt lat="45.106503" lon="-72.59648">
        <ele>279.66</ele>
      </trkpt>
      <trkpt lat="45.1066" lon="-72.596722">
        <ele>278.13</ele>
      </trkpt>
      <trkpt lat="45.106606" lon="-72.596735">
        <ele>276.89</ele>
      </trkpt>
      <trkpt lat="45.10688" lon="-72.597309">
        <ele>272.6</ele>
      </trkpt>
      <trkpt lat="45.106919" lon="-72.59739">
        <ele>270.42</ele>
      </trkpt>
      <trkpt lat="45.107138" lon="-72.597881">
        <ele>268.18</ele>
      </trkpt>
      <trkpt lat="45.107145" lon="-72.597899">
        <ele>266.37</ele>
      </trkpt>
      <trkpt lat="45.107307" lon="-72.598332">
        <ele>264.72</ele>
      </trkpt>
      <trkpt lat="45.107422" lon="-72.598688">
        <ele>265.25</ele>
      </trkpt>
      <trkpt lat="45.107425" lon="-72.598708">
        <ele>261.02</ele>
      </trkpt>
      <trkpt lat="45.107508" lon="-72.599258">
        <ele>258.45</ele>
      </trkpt>
      <trkpt lat="45.107627" lon="-72.600433">
        <ele>252.74</ele>
      </trkpt>
      <trkpt lat="45.107648" lon="-72.600643">
        <ele>246.41</ele>
      </trkpt>
      <trkpt lat="45.107751" lon="-72.601608">
        <ele>239.19</ele>
      </trkpt>
      <trkpt lat="45.107813" lon="-72.6023">
        <ele>236.64</ele>
      </trkpt>
      <trkpt lat="45.107815" lon="-72.602483">
        <ele>232</ele>
      </trkpt>
      <trkpt lat="45.107809" lon="-72.602611">
        <ele>230.62</ele>
      </trkpt>
      <trkpt lat="45.107793" lon="-72.602752">
        <ele>229.41</ele>
      </trkpt>
      <trkpt lat="45.107758" lon="-72.602879">
        <ele>228.47</ele>
      </trkpt>
      <trkpt lat="45.107485" lon="-72.603625">
        <ele>227.46</ele>
      </trkpt>
      <trkpt lat="45.107211" lon="-72.604371">
        <ele>226.93</ele>
      </trkpt>
      <trkpt lat="45.107154" lon="-72.604617">
        <ele>226.25</ele>
      </trkpt>
      <trkpt lat="45.107152" lon="-72.604631">
        <ele>225.97</ele>
      </trkpt>
      <trkpt lat="45.10714" lon="-72.604733">
        <ele>225.5</ele>
      </trkpt>
      <trkpt lat="45.107135" lon="-72.604857">
        <ele>225.19</ele>
      </trkpt>
      <trkpt lat="45.107151" lon="-72.604966">
        <ele>224.95</ele>
      </trkpt>
      <trkpt lat="45.107157" lon="-72.604986">
        <ele>223.97</ele>
      </trkpt>
      <trkpt lat="45.107177" lon="-72.605049">
        <ele>223.04</ele>
      </trkpt>
      <trkpt lat="45.107455" lon="-72.605918">
        <ele>221.12</ele>
      </trkpt>
      <trkpt lat="45.107465" lon="-72.605949">
        <ele>219.39</ele>
      </trkpt>
      <trkpt lat="45.107705" lon="-72.606698">
        <ele>217.57</ele>
      </trkpt>
      <trkpt lat="45.10774" lon="-72.60684">
        <ele>216.26</ele>
      </trkpt>
      <trkpt lat="45.107743" lon="-72.606859">
        <ele>214.83</ele>
      </trkpt>
      <trkpt lat="45.107767" lon="-72.607018">
        <ele>214.33</ele>
      </trkpt>
      <trkpt lat="45.107769" lon="-72.60714">
        <ele>213.45</ele>
      </trkpt>
      <trkpt lat="45.107765" lon="-72.607291">
        <ele>212.41</ele>
      </trkpt>
      <trkpt lat="45.10776" lon="-72.607363">
        <ele>211.25</ele>
      </trkpt>
      <trkpt lat="45.107726" lon="-72.607712">
        <ele>210.28</ele>
      </trkpt>
      <trkpt lat="45.107683" lon="-72.607941">
        <ele>209.2</ele>
      </trkpt>
      <trkpt lat="45.107648" lon="-72.608108">
        <ele>208.37</ele>
      </trkpt>
      <trkpt lat="45.10758" lon="-72.608273">
        <ele>207.84</ele>
      </trkpt>
      <trkpt lat="45.107571" lon="-72.608288">
        <ele>208.33</ele>
      </trkpt>
      <trkpt lat="45.107501" lon="-72.608392">
        <ele>208.76</ele>
      </trkpt>
      <trkpt lat="45.107299" lon="-72.608584">
        <ele>209.21</ele>
      </trkpt>
      <trkpt lat="45.107293" lon="-72.608594">
        <ele>209.61</ele>
      </trkpt>
      <trkpt lat="45.107206" lon="-72.608724">
        <ele>209.76</ele>
      </trkpt>
      <trkpt lat="45.107196" lon="-72.608746">
        <ele>209.15</ele>
      </trkpt>
      <trkpt lat="45.10713" lon="-72.60889">
        <ele>208.54</ele>
      </trkpt>
      <trkpt lat="45.1071" lon="-72.609049">
        <ele>205.68</ele>
      </trkpt>
      <trkpt lat="45.107099" lon="-72.609062">
        <ele>202.97</ele>
      </trkpt>
      <trkpt lat="45.107016" lon="-72.609912">
        <ele>199.8</ele>
      </trkpt>
      <trkpt lat="45.107001" lon="-72.610071">
        <ele>196.49</ele>
      </trkpt>
      <trkpt lat="45.106941" lon="-72.610764">
        <ele>193.2</ele>
      </trkpt>
      <trkpt lat="45.106924" lon="-72.610963">
        <ele>192.23</ele>
      </trkpt>
      <trkpt lat="45.106906" lon="-72.611275">
        <ele>190.67</ele>
      </trkpt>
      <trkpt lat="45.106882" lon="-72.61162">
        <ele>189.42</ele>
      </trkpt>
      <trkpt lat="45.106854" lon="-72.612445">
        <ele>188.46</ele>
      </trkpt>
      <trkpt lat="45.106826" lon="-72.613249">
        <ele>186.93</ele>
      </trkpt>
      <trkpt lat="45.106826" lon="-72.61327">
        <ele>185.66</ele>
      </trkpt>
      <trkpt lat="45.106825" lon="-72.614374">
        <ele>184.6</ele>
      </trkpt>
      <trkpt lat="45.106825" lon="-72.614536">
        <ele>183.83</ele>
      </trkpt>
      <trkpt lat="45.106818" lon="-72.614969">
        <ele>183.01</ele>
      </trkpt>
      <trkpt lat="45.106812" lon="-72.615378">
        <ele>182.63</ele>
      </trkpt>
      <trkpt lat="45.106813" lon="-72.615469">
        <ele>182.05</ele>
      </trkpt>
      <trkpt lat="45.10703" lon="-72.615599">
        <ele>181.86</ele>
      </trkpt>
      <trkpt lat="45.107265" lon="-72.61574">
        <ele>181.64</ele>
      </trkpt>
      <trkpt lat="45.107454" lon="-72.615857">
        <ele>181.32</ele>
      </trkpt>
      <trkpt lat="45.107474" lon="-72.615869">
        <ele>181.12</ele>
      </trkpt>
      <trkpt lat="45.107562" lon="-72.615923">
        <ele>180.83</ele>
      </trkpt>
      <trkpt lat="45.107759" lon="-72.616044">
        <ele>180.51</ele>
      </trkpt>
      <trkpt lat="45.107964" lon="-72.616169">
        <ele>180.22</ele>
      </trkpt>
      <trkpt lat="45.108093" lon="-72.616249">
        <ele>179.95</ele>
      </trkpt>
      <trkpt lat="45.108113" lon="-72.616261">
        <ele>179.5</ele>
      </trkpt>
      <trkpt lat="45.108446" lon="-72.616465">
        <ele>179.42</ele>
      </trkpt>
      <trkpt lat="45.108733" lon="-72.616641">
        <ele>178.78</ele>
      </trkpt>
      <trkpt lat="45.109373" lon="-72.617033">
        <ele>178.11</ele>
      </trkpt>
      <trkpt lat="45.109643" lon="-72.61723">
        <ele>177.51</ele>
      </trkpt>
      <trkpt lat="45.109651" lon="-72.617236">
        <ele>177.13</ele>
      </trkpt>
      <trkpt lat="45.109747" lon="-72.617322">
        <ele>176.71</ele>
      </trkpt>
      <trkpt lat="45.109894" lon="-72.617492">
        <ele>176.68</ele>
      </trkpt>
      <trkpt lat="45.110057" lon="-72.617706">
        <ele>176.85</ele>
      </trkpt>
      <trkpt lat="45.110122" lon="-72.61779">
        <ele>176.99</ele>
      </trkpt>
      <trkpt lat="45.110193" lon="-72.617883">
        <ele>177.49</ele>
      </trkpt>
      <trkpt lat="45.110533" lon="-72.618326">
        <ele>178.28</ele>
      </trkpt>
      <trkpt lat="45.110883" lon="-72.618787">
        <ele>180.38</ele>
      </trkpt>
      <trkpt lat="45.111167" lon="-72.61916">
        <ele>183.03</ele>
      </trkpt>
      <trkpt lat="45.111802" lon="-72.619994">
        <ele>185.51</ele>
      </trkpt>
      <trkpt lat="45.112437" lon="-72.620828">
        <ele>188.07</ele>
      </trkpt>
      <trkpt lat="45.11271" lon="-72.621157">
        <ele>190.53</ele>
      </trkpt>
      <trkpt lat="45.112844" lon="-72.621257">
        <ele>192.08</ele>
      </trkpt>
      <trkpt lat="45.112919" lon="-72.621284">
        <ele>193.11</ele>
      </trkpt>
      <trkpt lat="45.113011" lon="-72.621318">
        <ele>195.09</ele>
      </trkpt>
      <trkpt lat="45.113256" lon="-72.62138">
        <ele>196.38</ele>
      </trkpt>
      <trkpt lat="45.113435" lon="-72.62142">
        <ele>197.77</ele>
      </trkpt>
      <trkpt lat="45.113586" lon="-72.621454">
        <ele>199.51</ele>
      </trkpt>
      <trkpt lat="45.113932" lon="-72.621501">
        <ele>201.19</ele>
      </trkpt>
      <trkpt lat="45.11426" lon="-72.621536">
        <ele>202.57</ele>
      </trkpt>
      <trkpt lat="45.114508" lon="-72.621542">
        <ele>204.66</ele>
      </trkpt>
      <trkpt lat="45.114989" lon="-72.62149">
        <ele>206.83</ele>
      </trkpt>
      <trkpt lat="45.115488" lon="-72.621436">
        <ele>208.78</ele>
      </trkpt>
      <trkpt lat="45.116" lon="-72.621334">
        <ele>211.3</ele>
      </trkpt>
      <trkpt lat="45.1162" lon="-72.621294">
        <ele>215.35</ele>
      </trkpt>
      <trkpt lat="45.116926" lon="-72.62115">
        <ele>221.13</ele>
      </trkpt>
      <trkpt lat="45.117764" lon="-72.621037">
        <ele>226.42</ele>
      </trkpt>
      <trkpt lat="45.118501" lon="-72.620938">
        <ele>231.29</ele>
      </trkpt>
      <trkpt lat="45.11861" lon="-72.620925">
        <ele>236.27</ele>
      </trkpt>
      <trkpt lat="45.118619" lon="-72.620924">
        <ele>239.99</ele>
      </trkpt>
      <trkpt lat="45.118802" lon="-72.620866">
        <ele>243.13</ele>
      </trkpt>
      <trkpt lat="45.119084" lon="-72.620742">
        <ele>246.04</ele>
      </trkpt>
      <trkpt lat="45.119636" lon="-72.620454">
        <ele>249.51</ele>
      </trkpt>
      <trkpt lat="45.119684" lon="-72.620425">
        <ele>252.19</ele>
      </trkpt>
      <trkpt lat="45.119993" lon="-72.620241">
        <ele>254.78</ele>
      </trkpt>
      <trkpt lat="45.120296" lon="-72.6201">
        <ele>255.79</ele>
      </trkpt>
      <trkpt lat="45.120347" lon="-72.620076">
        <ele>257.06</ele>
      </trkpt>
      <trkpt lat="45.120853" lon="-72.619882">
        <ele>257.69</ele>
      </trkpt>
      <trkpt lat="45.121419" lon="-72.619665">
        <ele>258.82</ele>
      </trkpt>
      <trkpt lat="45.121429" lon="-72.619661">
        <ele>258.21</ele>
      </trkpt>
      <trkpt lat="45.122116" lon="-72.619368">
        <ele>256.72</ele>
      </trkpt>
      <trkpt lat="45.122445" lon="-72.619228">
        <ele>255.53</ele>
      </trkpt>
      <trkpt lat="45.122813" lon="-72.619069">
        <ele>254.38</ele>
      </trkpt>
      <trkpt lat="45.12351" lon="-72.618769">
        <ele>252.69</ele>
      </trkpt>
      <trkpt lat="45.123979" lon="-72.618567">
        <ele>253.13</ele>
      </trkpt>
      <trkpt lat="45.124207" lon="-72.618471">
        <ele>254.37</ele>
      </trkpt>
      <trkpt lat="45.124905" lon="-72.618177">
        <ele>255</ele>
      </trkpt>
      <trkpt lat="45.124916" lon="-72.618172">
        <ele>256.56</ele>
      </trkpt>
      <trkpt lat="45.125556" lon="-72.617892">
        <ele>258.63</ele>
      </trkpt>
      <trkpt lat="45.126207" lon="-72.617607">
        <ele>257.45</ele>
      </trkpt>
      <trkpt lat="45.126858" lon="-72.617322">
        <ele>255.84</ele>
      </trkpt>
      <trkpt lat="45.127515" lon="-72.617035">
        <ele>254.92</ele>
      </trkpt>
      <trkpt lat="45.127671" lon="-72.616981">
        <ele>253.01</ele>
      </trkpt>
      <trkpt lat="45.127897" lon="-72.616941">
        <ele>250.24</ele>
      </trkpt>
      <trkpt lat="45.128575" lon="-72.616904">
        <ele>249.67</ele>
      </trkpt>
      <trkpt lat="45.12926" lon="-72.616866">
        <ele>249.41</ele>
      </trkpt>
      <trkpt lat="45.12928" lon="-72.616865">
        <ele>248.23</ele>
      </trkpt>
      <trkpt lat="45.129767" lon="-72.616838">
        <ele>245.8</ele>
      </trkpt>
      <trkpt lat="45.13033" lon="-72.616791">
        <ele>243.52</ele>
      </trkpt>
      <trkpt lat="45.130735" lon="-72.616757">
        <ele>240.71</ele>
      </trkpt>
      <trkpt lat="45.130908" lon="-72.616746">
        <ele>236.98</ele>
      </trkpt>
      <trkpt lat="45.131691" lon="-72.61673">
        <ele>231.91</ele>
      </trkpt>
      <trkpt lat="45.132483" lon="-72.616714">
        <ele>227.08</ele>
      </trkpt>
      <trkpt lat="45.133275" lon="-72.616698">
        <ele>221.98</ele>
      </trkpt>
      <trkpt lat="45.134066" lon="-72.616681">
        <ele>217.31</ele>
      </trkpt>
      <trkpt lat="45.134858" lon="-72.616665">
        <ele>213.34</ele>
      </trkpt>
      <trkpt lat="45.135161" lon="-72.616659">
        <ele>211.25</ele>
      </trkpt>
      <trkpt lat="45.13565" lon="-72.616649">
        <ele>209.74</ele>
      </trkpt>
      <trkpt lat="45.13566" lon="-72.616649">
        <ele>209.06</ele>
      </trkpt>
      <trkpt lat="45.135923" lon="-72.616633">
        <ele>207.42</ele>
      </trkpt>
      <trkpt lat="45.135987" lon="-72.616629">
        <ele>205.61</ele>
      </trkpt>
      <trkpt lat="45.136184" lon="-72.616606">
        <ele>203.68</ele>
      </trkpt>
      <trkpt lat="45.136514" lon="-72.616567">
        <ele>201.98</ele>
      </trkpt>
      <trkpt lat="45.136723" lon="-72.616543">
        <ele>200.53</ele>
      </trkpt>
      <trkpt lat="45.137401" lon="-72.616498">
        <ele>200.42</ele>
      </trkpt>
      <trkpt lat="45.137571" lon="-72.616494">
        <ele>200.64</ele>
      </trkpt>
      <trkpt lat="45.137864" lon="-72.616507">
        <ele>202.2</ele>
      </trkpt>
      <trkpt lat="45.138033" lon="-72.616514">
        <ele>203.8</ele>
      </trkpt>
      <trkpt lat="45.138442" lon="-72.616491">
        <ele>205.06</ele>
      </trkpt>
      <trkpt lat="45.138545" lon="-72.61646">
        <ele>206.38</ele>
      </trkpt>
      <trkpt lat="45.138632" lon="-72.616418">
        <ele>207.45</ele>
      </trkpt>
      <trkpt lat="45.138716" lon="-72.616351">
        <ele>207.44</ele>
      </trkpt>
      <trkpt lat="45.138852" lon="-72.616177">
        <ele>206.9</ele>
      </trkpt>
      <trkpt lat="45.138891" lon="-72.616111">
        <ele>205.65</ele>
      </trkpt>
      <trkpt lat="45.138971" lon="-72.615954">
        <ele>204.49</ele>
      </trkpt>
      <trkpt lat="45.139072" lon="-72.615774">
        <ele>202.51</ele>
      </trkpt>
      <trkpt lat="45.139182" lon="-72.615602">
        <ele>200.44</ele>
      </trkpt>
      <trkpt lat="45.139327" lon="-72.615415">
        <ele>199.81</ele>
      </trkpt>
      <trkpt lat="45.139335" lon="-72.615405">
        <ele>198.99</ele>
      </trkpt>
      <trkpt lat="45.139491" lon="-72.615267">
        <ele>198.64</ele>
      </trkpt>
      <trkpt lat="45.139604" lon="-72.615187">
        <ele>199.5</ele>
      </trkpt>
      <trkpt lat="45.139722" lon="-72.615124">
        <ele>202.28</ele>
      </trkpt>
      <trkpt lat="45.13994" lon="-72.615039">
        <ele>202.1</ele>
      </trkpt>
      <trkpt lat="45.140341" lon="-72.614929">
        <ele>203.36</ele>
      </trkpt>
      <trkpt lat="45.140679" lon="-72.614864">
        <ele>201.66</ele>
      </trkpt>
      <trkpt lat="45.140922" lon="-72.614836">
        <ele>202.45</ele>
      </trkpt>
      <trkpt lat="45.141344" lon="-72.614848">
        <ele>200.96</ele>
      </trkpt>
      <trkpt lat="45.142203" lon="-72.61491">
        <ele>200.65</ele>
      </trkpt>
      <trkpt lat="45.142469" lon="-72.6149">
        <ele>199.95</ele>
      </trkpt>
      <trkpt lat="45.142957" lon="-72.614864">
        <ele>202.04</ele>
      </trkpt>
      <trkpt lat="45.143144" lon="-72.614826">
        <ele>200.8</ele>
      </trkpt>
      <trkpt lat="45.143978" lon="-72.614547">
        <ele>198.86</ele>
      </trkpt>
      <trkpt lat="45.144126" lon="-72.614497">
        <ele>198.06</ele>
      </trkpt>
      <trkpt lat="45.144819" lon="-72.614274">
        <ele>197.69</ele>
      </trkpt>
      <trkpt lat="45.144829" lon="-72.614271">
        <ele>196.61</ele>
      </trkpt>
      <trkpt lat="45.145501" lon="-72.614059">
        <ele>196.21</ele>
      </trkpt>
      <trkpt lat="45.145696" lon="-72.613997">
        <ele>196.88</ele>
      </trkpt>
      <trkpt lat="45.146099" lon="-72.61387">
        <ele>198.16</ele>
      </trkpt>
      <trkpt lat="45.146184" lon="-72.613843">
        <ele>198.79</ele>
      </trkpt>
      <trkpt lat="45.146574" lon="-72.613721">
        <ele>200.22</ele>
      </trkpt>
      <trkpt lat="45.146866" lon="-72.613628">
        <ele>201.83</ele>
      </trkpt>
      <trkpt lat="45.147552" lon="-72.61341">
        <ele>202.81</ele>
      </trkpt>
      <trkpt lat="45.147537" lon="-72.613172">
        <ele>201.3</ele>
      </trkpt>
      <trkpt lat="45.147524" lon="-72.612669">
        <ele>199.55</ele>
      </trkpt>
      <trkpt lat="45.147504" lon="-72.61192">
        <ele>195.44</ele>
      </trkpt>
      <trkpt lat="45.147503" lon="-72.611898">
        <ele>190.52</ele>
      </trkpt>
      <trkpt lat="45.147411" lon="-72.610848">
        <ele>184.28</ele>
      </trkpt>
      <trkpt lat="45.14741" lon="-72.610831">
        <ele>178.86</ele>
      </trkpt>
      <trkpt lat="45.147362" lon="-72.609749">
        <ele>173.96</ele>
      </trkpt>
      <trkpt lat="45.147338" lon="-72.608649">
        <ele>170.99</ele>
      </trkpt>
      <trkpt lat="45.147335" lon="-72.60849">
        <ele>169.44</ele>
      </trkpt>
      <trkpt lat="45.147304" lon="-72.607549">
        <ele>170.05</ele>
      </trkpt>
      <trkpt lat="45.147267" lon="-72.606449">
        <ele>171.76</ele>
      </trkpt>
      <trkpt lat="45.14723" lon="-72.605339">
        <ele>172.78</ele>
      </trkpt>
      <trkpt lat="45.147197" lon="-72.605146">
        <ele>173.5</ele>
      </trkpt>
      <trkpt lat="45.147166" lon="-72.605027">
        <ele>173.59</ele>
      </trkpt>
      <trkpt lat="45.147155" lon="-72.604987">
        <ele>173.54</ele>
      </trkpt>
      <trkpt lat="45.14712" lon="-72.60489">
        <ele>173.53</ele>
      </trkpt>
      <trkpt lat="45.147263" lon="-72.604619">
        <ele>173.47</ele>
      </trkpt>
      <trkpt lat="45.147337" lon="-72.604551">
        <ele>173.45</ele>
      </trkpt>
      <trkpt lat="45.147363" lon="-72.604543">
        <ele>172.71</ele>
      </trkpt>
      <trkpt lat="45.147424" lon="-72.604524">
        <ele>170.67</ele>
      </trkpt>
      <trkpt lat="45.148245" lon="-72.604544">
        <ele>168.57</ele>
      </trkpt>
      <trkpt lat="45.14907" lon="-72.604565">
        <ele>166.73</ele>
      </trkpt>
      <trkpt lat="45.149079" lon="-72.604565">
        <ele>164.99</ele>
      </trkpt>
      <trkpt lat="45.149729" lon="-72.60453">
        <ele>163.49</ele>
      </trkpt>
      <trkpt lat="45.150395" lon="-72.604494">
        <ele>163.04</ele>
      </trkpt>
      <trkpt lat="45.150663" lon="-72.604531">
        <ele>162.8</ele>
      </trkpt>
      <trkpt lat="45.151503" lon="-72.604509">
        <ele>162.23</ele>
      </trkpt>
      <trkpt lat="45.152346" lon="-72.604487">
        <ele>161.66</ele>
      </trkpt>
      <trkpt lat="45.153055" lon="-72.604469">
        <ele>161.54</ele>
      </trkpt>
      <trkpt lat="45.153191" lon="-72.604463">
        <ele>161.62</ele>
      </trkpt>
      <trkpt lat="45.153314" lon="-72.604476">
        <ele>161.08</ele>
      </trkpt>
      <trkpt lat="45.153446" lon="-72.604521">
        <ele>160.88</ele>
      </trkpt>
      <trkpt lat="45.153547" lon="-72.604585">
        <ele>160.37</ele>
      </trkpt>
      <trkpt lat="45.153679" lon="-72.60469">
        <ele>160</ele>
      </trkpt>
      <trkpt lat="45.154028" lon="-72.605019">
        <ele>159.26</ele>
      </trkpt>
      <trkpt lat="45.154147" lon="-72.605135">
        <ele>159.57</ele>
      </trkpt>
      <trkpt lat="45.154565" lon="-72.605563">
        <ele>160.08</ele>
      </trkpt>
      <trkpt lat="45.155258" lon="-72.606233">
        <ele>160.05</ele>
      </trkpt>
      <trkpt lat="45.155953" lon="-72.606905">
        <ele>160.02</ele>
      </trkpt>
      <trkpt lat="45.156417" lon="-72.607441">
        <ele>160.34</ele>
      </trkpt>
      <trkpt lat="45.156864" lon="-72.607996">
        <ele>159.75</ele>
      </trkpt>
      <trkpt lat="45.15731" lon="-72.608604">
        <ele>158.5</ele>
      </trkpt>
      <trkpt lat="45.157777" lon="-72.609182">
        <ele>157.89</ele>
      </trkpt>
      <trkpt lat="45.15795" lon="-72.609396">
        <ele>157.07</ele>
      </trkpt>
      <trkpt lat="45.158249" lon="-72.609752">
        <ele>156.23</ele>
      </trkpt>
      <trkpt lat="45.158635" lon="-72.610129">
        <ele>155.92</ele>
      </trkpt>
      <trkpt lat="45.159028" lon="-72.610476">
        <ele>155.96</ele>
      </trkpt>
      <trkpt lat="45.159487" lon="-72.610782">
        <ele>156.52</ele>
      </trkpt>
      <trkpt lat="45.159979" lon="-72.611018">
        <ele>156.58</ele>
      </trkpt>
      <trkpt lat="45.160473" lon="-72.611256">
        <ele>156.56</ele>
      </trkpt>
      <trkpt lat="45.16071" lon="-72.611339">
        <ele>156.29</ele>
      </trkpt>
      <trkpt lat="45.160791" lon="-72.611352">
        <ele>156.09</ele>
      </trkpt>
      <trkpt lat="45.160861" lon="-72.611355">
        <ele>155.17</ele>
      </trkpt>
      <trkpt lat="45.160933" lon="-72.611336">
        <ele>154.98</ele>
      </trkpt>
      <trkpt lat="45.160994" lon="-72.611304">
        <ele>154.78</ele>
      </trkpt>
      <trkpt lat="45.161071" lon="-72.611234">
        <ele>154.64</ele>
      </trkpt>
      <trkpt lat="45.161376" lon="-72.610966">
        <ele>154.39</ele>
      </trkpt>
      <trkpt lat="45.161422" lon="-72.610922">
        <ele>154.84</ele>
      </trkpt>
      <trkpt lat="45.161973" lon="-72.610399">
        <ele>155.34</ele>
      </trkpt>
      <trkpt lat="45.162527" lon="-72.609873">
        <ele>155.96</ele>
      </trkpt>
      <trkpt lat="45.163089" lon="-72.60934">
        <ele>156.09</ele>
      </trkpt>
      <trkpt lat="45.163301" lon="-72.609935">
        <ele>156.15</ele>
      </trkpt>
      <trkpt lat="45.163515" lon="-72.610535">
        <ele>155.78</ele>
      </trkpt>
      <trkpt lat="45.163703" lon="-72.61091">
        <ele>155.35</ele>
      </trkpt>
      <trkpt lat="45.163712" lon="-72.610921">
        <ele>154.85</ele>
      </trkpt>
      <trkpt lat="45.163837" lon="-72.611076">
        <ele>154.87</ele>
      </trkpt>
      <trkpt lat="45.163928" lon="-72.611141">
        <ele>154.6</ele>
      </trkpt>
      <trkpt lat="45.164017" lon="-72.611157">
        <ele>154.28</ele>
      </trkpt>
      <trkpt lat="45.164136" lon="-72.611153">
        <ele>154.15</ele>
      </trkpt>
      <trkpt lat="45.164708" lon="-72.611038">
        <ele>154.04</ele>
      </trkpt>
      <trkpt lat="45.165288" lon="-72.610921">
        <ele>153.86</ele>
      </trkpt>
      <trkpt lat="45.165299" lon="-72.610919">
        <ele>154.39</ele>
      </trkpt>
      <trkpt lat="45.165443" lon="-72.610922">
        <ele>154.84</ele>
      </trkpt>
      <trkpt lat="45.166143" lon="-72.611019">
        <ele>154.64</ele>
      </trkpt>
      <trkpt lat="45.166248" lon="-72.611052">
        <ele>154.49</ele>
      </trkpt>
      <trkpt lat="45.166332" lon="-72.611117">
        <ele>154.39</ele>
      </trkpt>
      <trkpt lat="45.166402" lon="-72.611199">
        <ele>154.08</ele>
      </trkpt>
      <trkpt lat="45.166441" lon="-72.611239">
        <ele>153.4</ele>
      </trkpt>
      <trkpt lat="45.166474" lon="-72.611311">
        <ele>153.67</ele>
      </trkpt>
      <trkpt lat="45.166532" lon="-72.61139">
        <ele>153.76</ele>
      </trkpt>
      <trkpt lat="45.166609" lon="-72.611447">
        <ele>153.51</ele>
      </trkpt>
      <trkpt lat="45.166714" lon="-72.611513">
        <ele>152.94</ele>
      </trkpt>
      <trkpt lat="45.167219" lon="-72.61173">
        <ele>154.33</ele>
      </trkpt>
      <trkpt lat="45.167656" lon="-72.611997">
        <ele>154.76</ele>
      </trkpt>
      <trkpt lat="45.168148" lon="-72.612251">
        <ele>156.82</ele>
      </trkpt>
      <trkpt lat="45.168623" lon="-72.612542">
        <ele>159.38</ele>
      </trkpt>
      <trkpt lat="45.169097" lon="-72.612832">
        <ele>162.38</ele>
      </trkpt>
      <trkpt lat="45.169193" lon="-72.612859">
        <ele>164.39</ele>
      </trkpt>
      <trkpt lat="45.169305" lon="-72.612871">
        <ele>166.59</ele>
      </trkpt>
      <trkpt lat="45.169401" lon="-72.612849">
        <ele>165.36</ele>
      </trkpt>
      <trkpt lat="45.169743" lon="-72.612714">
        <ele>164.05</ele>
      </trkpt>
      <trkpt lat="45.170146" lon="-72.612425">
        <ele>162.96</ele>
      </trkpt>
      <trkpt lat="45.170247" lon="-72.612377">
        <ele>161.8</ele>
      </trkpt>
      <trkpt lat="45.170564" lon="-72.61232">
        <ele>159.84</ele>
      </trkpt>
      <trkpt lat="45.170663" lon="-72.612344">
        <ele>159.49</ele>
      </trkpt>
      <trkpt lat="45.171264" lon="-72.612787">
        <ele>159.89</ele>
      </trkpt>
      <trkpt lat="45.171862" lon="-72.613227">
        <ele>159.95</ele>
      </trkpt>
      <trkpt lat="45.172011" lon="-72.613317">
        <ele>158.18</ele>
      </trkpt>
      <trkpt lat="45.17202" lon="-72.613322">
        <ele>155.82</ele>
      </trkpt>
      <trkpt lat="45.17275" lon="-72.613794">
        <ele>153.73</ele>
      </trkpt>
      <trkpt lat="45.173199" lon="-72.614038">
        <ele>150.48</ele>
      </trkpt>
      <trkpt lat="45.173285" lon="-72.614127">
        <ele>148.84</ele>
      </trkpt>
      <trkpt lat="45.173463" lon="-72.614245">
        <ele>149.33</ele>
      </trkpt>
      <trkpt lat="45.173546" lon="-72.614274">
        <ele>154.04</ele>
      </trkpt>
      <trkpt lat="45.17421" lon="-72.614269">
        <ele>158.51</ele>
      </trkpt>
      <trkpt lat="45.17488" lon="-72.614263">
        <ele>162.93</ele>
      </trkpt>
      <trkpt lat="45.175552" lon="-72.614258">
        <ele>165.19</ele>
      </trkpt>
      <trkpt lat="45.175688" lon="-72.614275">
        <ele>166.41</ele>
      </trkpt>
      <trkpt lat="45.175813" lon="-72.614327">
        <ele>165.37</ele>
      </trkpt>
      <trkpt lat="45.175905" lon="-72.614391">
        <ele>164.79</ele>
      </trkpt>
      <trkpt lat="45.176216" lon="-72.614608">
        <ele>165.61</ele>
      </trkpt>
      <trkpt lat="45.176622" lon="-72.61489">
        <ele>168.75</ele>
      </trkpt>
      <trkpt lat="45.177344" lon="-72.615392">
        <ele>173.67</ele>
      </trkpt>
      <trkpt lat="45.178065" lon="-72.615893">
        <ele>176.1</ele>
      </trkpt>
      <trkpt lat="45.178316" lon="-72.616022">
        <ele>178.36</ele>
      </trkpt>
      <trkpt lat="45.178416" lon="-72.616063">
        <ele>180.69</ele>
      </trkpt>
      <trkpt lat="45.178414" lon="-72.616062">
        <ele>182.21</ele>
      </trkpt>
      <trkpt lat="45.178523" lon="-72.616107">
        <ele>182.54</ele>
      </trkpt>
      <trkpt lat="45.178773" lon="-72.616204">
        <ele>184.78</ele>
      </trkpt>
      <trkpt lat="45.179135" lon="-72.616299">
        <ele>188.15</ele>
      </trkpt>
      <trkpt lat="45.179257" lon="-72.616331">
        <ele>190.11</ele>
      </trkpt>
      <trkpt lat="45.179741" lon="-72.616458">
        <ele>188.94</ele>
      </trkpt>
      <trkpt lat="45.17983" lon="-72.616482">
        <ele>187.48</ele>
      </trkpt>
      <trkpt lat="45.180612" lon="-72.616734">
        <ele>186.09</ele>
      </trkpt>
      <trkpt lat="45.180721" lon="-72.616756">
        <ele>183.12</ele>
      </trkpt>
      <trkpt lat="45.180844" lon="-72.616754">
        <ele>179.75</ele>
      </trkpt>
      <trkpt lat="45.181013" lon="-72.616732">
        <ele>177.25</ele>
      </trkpt>
      <trkpt lat="45.181344" lon="-72.616687">
        <ele>174.79</ele>
      </trkpt>
      <trkpt lat="45.181849" lon="-72.61662">
        <ele>171.02</ele>
      </trkpt>
      <trkpt lat="45.181858" lon="-72.616619">
        <ele>167.68</ele>
      </trkpt>
      <trkpt lat="45.182159" lon="-72.616605">
        <ele>164.44</ele>
      </trkpt>
      <trkpt lat="45.182168" lon="-72.616605">
        <ele>162.48</ele>
      </trkpt>
      <trkpt lat="45.1824" lon="-72.616625">
        <ele>161.32</ele>
      </trkpt>
      <trkpt lat="45.182681" lon="-72.616642">
        <ele>161.08</ele>
      </trkpt>
      <trkpt lat="45.182938" lon="-72.616608">
        <ele>160.04</ele>
      </trkpt>
      <trkpt lat="45.183055" lon="-72.616588">
        <ele>159.1</ele>
      </trkpt>
      <trkpt lat="45.183124" lon="-72.616876">
        <ele>158.42</ele>
      </trkpt>
      <trkpt lat="45.183178" lon="-72.617085">
        <ele>158.36</ele>
      </trkpt>
      <trkpt lat="45.183349" lon="-72.61778">
        <ele>158.61</ele>
      </trkpt>
      <trkpt lat="45.183573" lon="-72.618691">
        <ele>158.89</ele>
      </trkpt>
      <trkpt lat="45.183639" lon="-72.618976">
        <ele>159.8</ele>
      </trkpt>
      <trkpt lat="45.183873" lon="-72.619988">
        <ele>161.16</ele>
      </trkpt>
      <trkpt lat="45.183915" lon="-72.620177">
        <ele>161.63</ele>
      </trkpt>
      <trkpt lat="45.184076" lon="-72.620796">
        <ele>162.27</ele>
      </trkpt>
      <trkpt lat="45.184233" lon="-72.621401">
        <ele>164.1</ele>
      </trkpt>
      <trkpt lat="45.184237" lon="-72.621417">
        <ele>165.72</ele>
      </trkpt>
      <trkpt lat="45.184384" lon="-72.622072">
        <ele>167.46</ele>
      </trkpt>
      <trkpt lat="45.184532" lon="-72.622729">
        <ele>168.72</ele>
      </trkpt>
      <trkpt lat="45.184634" lon="-72.622962">
        <ele>171.13</ele>
      </trkpt>
      <trkpt lat="45.184642" lon="-72.622977">
        <ele>173.22</ele>
      </trkpt>
      <trkpt lat="45.184775" lon="-72.623224">
        <ele>175.84</ele>
      </trkpt>
      <trkpt lat="45.184782" lon="-72.623235">
        <ele>178.72</ele>
      </trkpt>
      <trkpt lat="45.185296" lon="-72.624055">
        <ele>181.83</ele>
      </trkpt>
      <trkpt lat="45.185715" lon="-72.624828">
        <ele>185.25</ele>
      </trkpt>
      <trkpt lat="45.185786" lon="-72.624959">
        <ele>188.49</ele>
      </trkpt>
      <trkpt lat="45.186139" lon="-72.625597">
        <ele>191.3</ele>
      </trkpt>
      <trkpt lat="45.186564" lon="-72.626366">
        <ele>193.26</ele>
      </trkpt>
      <trkpt lat="45.187029" lon="-72.627289">
        <ele>195.13</ele>
      </trkpt>
      <trkpt lat="45.18732" lon="-72.627866">
        <ele>194.21</ele>
      </trkpt>
      <trkpt lat="45.187492" lon="-72.628217">
        <ele>193.46</ele>
      </trkpt>
      <trkpt lat="45.18794" lon="-72.629131">
        <ele>192.83</ele>
      </trkpt>
      <trkpt lat="45.18795" lon="-72.629148">
        <ele>193.1</ele>
      </trkpt>
      <trkpt lat="45.188082" lon="-72.629362">
        <ele>192.88</ele>
      </trkpt>
      <trkpt lat="45.188189" lon="-72.629499">
        <ele>194.1</ele>
      </trkpt>
      <trkpt lat="45.188311" lon="-72.629608">
        <ele>194.42</ele>
      </trkpt>
      <trkpt lat="45.188653" lon="-72.629848">
        <ele>194.45</ele>
      </trkpt>
      <trkpt lat="45.189115" lon="-72.630179">
        <ele>192.21</ele>
      </trkpt>
      <trkpt lat="45.189371" lon="-72.630397">
        <ele>190.84</ele>
      </trkpt>
      <trkpt lat="45.189536" lon="-72.630536">
        <ele>189.44</ele>
      </trkpt>
      <trkpt lat="45.18975" lon="-72.630739">
        <ele>189.58</ele>
      </trkpt>
      <trkpt lat="45.189829" lon="-72.630829">
        <ele>189.99</ele>
      </trkpt>
      <trkpt lat="45.189868" lon="-72.630899">
        <ele>192.2</ele>
      </trkpt>
      <trkpt lat="45.189906" lon="-72.630997">
        <ele>195.81</ele>
      </trkpt>
      <trkpt lat="45.190058" lon="-72.631578">
        <ele>198.31</ele>
      </trkpt>
      <trkpt lat="45.190121" lon="-72.631802">
        <ele>198.39</ele>
      </trkpt>
      <trkpt lat="45.190363" lon="-72.632509">
        <ele>198</ele>
      </trkpt>
      <trkpt lat="45.190587" lon="-72.633051">
        <ele>196.84</ele>
      </trkpt>
      <trkpt lat="45.190754" lon="-72.633458">
        <ele>193.65</ele>
      </trkpt>
      <trkpt lat="45.190818" lon="-72.633655">
        <ele>191.43</ele>
      </trkpt>
      <trkpt lat="45.190847" lon="-72.633761">
        <ele>190.64</ele>
      </trkpt>
      <trkpt lat="45.19085" lon="-72.633776">
        <ele>189.82</ele>
      </trkpt>
      <trkpt lat="45.190882" lon="-72.633934">
        <ele>188.41</ele>
      </trkpt>
      <trkpt lat="45.190925" lon="-72.63417">
        <ele>187.14</ele>
      </trkpt>
      <trkpt lat="45.191066" lon="-72.634883">
        <ele>185.84</ele>
      </trkpt>
      <trkpt lat="45.191069" lon="-72.634895">
        <ele>184.85</ele>
      </trkpt>
      <trkpt lat="45.191225" lon="-72.635496">
        <ele>184.11</ele>
      </trkpt>
      <trkpt lat="45.191228" lon="-72.635518">
        <ele>184.1</ele>
      </trkpt>
      <trkpt lat="45.191249" lon="-72.635679">
        <ele>183.8</ele>
      </trkpt>
      <trkpt lat="45.19125" lon="-72.635699">
        <ele>182.69</ele>
      </trkpt>
      <trkpt lat="45.191261" lon="-72.635888">
        <ele>181</ele>
      </trkpt>
      <trkpt lat="45.191271" lon="-72.636819">
        <ele>179.27</ele>
      </trkpt>
      <trkpt lat="45.191283" lon="-72.63794">
        <ele>177.43</ele>
      </trkpt>
      <trkpt lat="45.191316" lon="-72.638662">
        <ele>176.1</ele>
      </trkpt>
      <trkpt lat="45.191318" lon="-72.638689">
        <ele>175.47</ele>
      </trkpt>
      <trkpt lat="45.191389" lon="-72.639568">
        <ele>175.25</ele>
      </trkpt>
      <trkpt lat="45.19154" lon="-72.640803">
        <ele>173.98</ele>
      </trkpt>
      <trkpt lat="45.191702" lon="-72.641702">
        <ele>172.71</ele>
      </trkpt>
      <trkpt lat="45.191861" lon="-72.642586">
        <ele>170.61</ele>
      </trkpt>
      <trkpt lat="45.191863" lon="-72.642599">
        <ele>169.03</ele>
      </trkpt>
      <trkpt lat="45.191983" lon="-72.64344">
        <ele>168.69</ele>
      </trkpt>
      <trkpt lat="45.192023" lon="-72.643629">
        <ele>168.85</ele>
      </trkpt>
      <trkpt lat="45.192259" lon="-72.644565">
        <ele>168.14</ele>
      </trkpt>
      <trkpt lat="45.192595" lon="-72.645728">
        <ele>168.46</ele>
      </trkpt>
      <trkpt lat="45.192932" lon="-72.646891">
        <ele>168.39</ele>
      </trkpt>
      <trkpt lat="45.193264" lon="-72.648039">
        <ele>167.15</ele>
      </trkpt>
      <trkpt lat="45.193268" lon="-72.648057">
        <ele>166.17</ele>
      </trkpt>
      <trkpt lat="45.19341" lon="-72.64872">
        <ele>166.04</ele>
      </trkpt>
      <trkpt lat="45.193549" lon="-72.649366">
        <ele>165.22</ele>
      </trkpt>
      <trkpt lat="45.193553" lon="-72.649383">
        <ele>164.51</ele>
      </trkpt>
      <trkpt lat="45.19367" lon="-72.649843">
        <ele>164.22</ele>
      </trkpt>
      <trkpt lat="45.193778" lon="-72.650222">
        <ele>164.81</ele>
      </trkpt>
      <trkpt lat="45.194013" lon="-72.651052">
        <ele>165.55</ele>
      </trkpt>
      <trkpt lat="45.194773" lon="-72.651012">
        <ele>166.86</ele>
      </trkpt>
      <trkpt lat="45.195536" lon="-72.650972">
        <ele>169.09</ele>
      </trkpt>
      <trkpt lat="45.1963" lon="-72.650932">
        <ele>170.88</ele>
      </trkpt>
      <trkpt lat="45.197063" lon="-72.650892">
        <ele>172.44</ele>
      </trkpt>
      <trkpt lat="45.197826" lon="-72.650852">
        <ele>173.9</ele>
      </trkpt>
      <trkpt lat="45.19859" lon="-72.650812">
        <ele>175.24</ele>
      </trkpt>
      <trkpt lat="45.198599" lon="-72.650812">
        <ele>176.3</ele>
      </trkpt>
      <trkpt lat="45.19924" lon="-72.650761">
        <ele>177.82</ele>
      </trkpt>
      <trkpt lat="45.19989" lon="-72.650709">
        <ele>179.45</ele>
      </trkpt>
      <trkpt lat="45.200546" lon="-72.650657">
        <ele>181.45</ele>
      </trkpt>
      <trkpt lat="45.201373" lon="-72.650639">
        <ele>183.99</ele>
      </trkpt>
      <trkpt lat="45.202206" lon="-72.650621">
        <ele>186.1</ele>
      </trkpt>
      <trkpt lat="45.203046" lon="-72.650603">
        <ele>187.71</ele>
      </trkpt>
      <trkpt lat="45.203885" lon="-72.650548">
        <ele>189.26</ele>
      </trkpt>
      <trkpt lat="45.203938" lon="-72.650544">
        <ele>190.07</ele>
      </trkpt>
      <trkpt lat="45.204632" lon="-72.650502">
        <ele>189.61</ele>
      </trkpt>
      <trkpt lat="45.20473" lon="-72.650496">
        <ele>188.39</ele>
      </trkpt>
      <trkpt lat="45.204983" lon="-72.650481">
        <ele>187.42</ele>
      </trkpt>
      <trkpt lat="45.205574" lon="-72.650442">
        <ele>186.09</ele>
      </trkpt>
      <trkpt lat="45.206426" lon="-72.650385">
        <ele>185.38</ele>
      </trkpt>
      <trkpt lat="45.206821" lon="-72.650392">
        <ele>185.49</ele>
      </trkpt>
      <trkpt lat="45.207208" lon="-72.650385">
        <ele>186.05</ele>
      </trkpt>
      <trkpt lat="45.20743" lon="-72.650385">
        <ele>186.79</ele>
      </trkpt>
      <trkpt lat="45.207469" lon="-72.650385">
        <ele>187.8</ele>
      </trkpt>
      <trkpt lat="45.207722" lon="-72.650372">
        <ele>188.77</ele>
      </trkpt>
      <trkpt lat="45.208045" lon="-72.650375">
        <ele>189.45</ele>
      </trkpt>
      <trkpt lat="45.208261" lon="-72.650398">
        <ele>189.9</ele>
      </trkpt>
      <trkpt lat="45.20827" lon="-72.650399">
        <ele>190.41</ele>
      </trkpt>
      <trkpt lat="45.20845" lon="-72.650382">
        <ele>190.4</ele>
      </trkpt>
      <trkpt lat="45.208585" lon="-72.650376">
        <ele>190.16</ele>
      </trkpt>
      <trkpt lat="45.20873" lon="-72.650347">
        <ele>190.29</ele>
      </trkpt>
      <trkpt lat="45.208739" lon="-72.650345">
        <ele>190.77</ele>
      </trkpt>
      <trkpt lat="45.208892" lon="-72.650327">
        <ele>190.58</ele>
      </trkpt>
      <trkpt lat="45.209127" lon="-72.6503">
        <ele>190.45</ele>
      </trkpt>
      <trkpt lat="45.209262" lon="-72.650294">
        <ele>190.19</ele>
      </trkpt>
      <trkpt lat="45.209542" lon="-72.650257">
        <ele>190.68</ele>
      </trkpt>
      <trkpt lat="45.20958" lon="-72.650252">
        <ele>190.9</ele>
      </trkpt>
      <trkpt lat="45.209591" lon="-72.65025">
        <ele>191.7</ele>
      </trkpt>
      <trkpt lat="45.210309" lon="-72.650154">
        <ele>192.01</ele>
      </trkpt>
      <trkpt lat="45.210436" lon="-72.650135">
        <ele>192.13</ele>
      </trkpt>
      <trkpt lat="45.210554" lon="-72.650103">
        <ele>191.05</ele>
      </trkpt>
      <trkpt lat="45.210605" lon="-72.650084">
        <ele>189.72</ele>
      </trkpt>
      <trkpt lat="45.210617" lon="-72.65008">
        <ele>188.21</ele>
      </trkpt>
      <trkpt lat="45.210681" lon="-72.650045">
        <ele>187.15</ele>
      </trkpt>
      <trkpt lat="45.21081" lon="-72.649937">
        <ele>186.27</ele>
      </trkpt>
      <trkpt lat="45.210901" lon="-72.649865">
        <ele>185</ele>
      </trkpt>
      <trkpt lat="45.210984" lon="-72.649805">
        <ele>184.12</ele>
      </trkpt>
      <trkpt lat="45.211155" lon="-72.649695">
        <ele>183.13</ele>
      </trkpt>
      <trkpt lat="45.211167" lon="-72.649687">
        <ele>182.09</ele>
      </trkpt>
      <trkpt lat="45.21192" lon="-72.649249">
        <ele>181.75</ele>
      </trkpt>
      <trkpt lat="45.212198" lon="-72.649088">
        <ele>180.18</ele>
      </trkpt>
      <trkpt lat="45.212685" lon="-72.648804">
        <ele>178.32</ele>
      </trkpt>
      <trkpt lat="45.21345" lon="-72.648359">
        <ele>175.93</ele>
      </trkpt>
      <trkpt lat="45.213914" lon="-72.648089">
        <ele>175.56</ele>
      </trkpt>
      <trkpt lat="45.214224" lon="-72.647926">
        <ele>175.43</ele>
      </trkpt>
      <trkpt lat="45.214872" lon="-72.647541">
        <ele>177.31</ele>
      </trkpt>
      <trkpt lat="45.215525" lon="-72.647154">
        <ele>181.11</ele>
      </trkpt>
      <trkpt lat="45.216187" lon="-72.646761">
        <ele>185.2</ele>
      </trkpt>
      <trkpt lat="45.216873" lon="-72.646374">
        <ele>188.59</ele>
      </trkpt>
      <trkpt lat="45.217568" lon="-72.645983">
        <ele>191.22</ele>
      </trkpt>
      <trkpt lat="45.218258" lon="-72.645594">
        <ele>193.94</ele>
      </trkpt>
      <trkpt lat="45.218267" lon="-72.645589">
        <ele>196.15</ele>
      </trkpt>
      <trkpt lat="45.218957" lon="-72.645229">
        <ele>198.89</ele>
      </trkpt>
      <trkpt lat="45.219656" lon="-72.644863">
        <ele>200.66</ele>
      </trkpt>
      <trkpt lat="45.220354" lon="-72.644499">
        <ele>204.19</ele>
      </trkpt>
      <trkpt lat="45.220363" lon="-72.644494">
        <ele>207.47</ele>
      </trkpt>
      <trkpt lat="45.221062" lon="-72.644153">
        <ele>211.09</ele>
      </trkpt>
      <trkpt lat="45.22177" lon="-72.643807">
        <ele>214.22</ele>
      </trkpt>
      <trkpt lat="45.222284" lon="-72.643556">
        <ele>217.45</ele>
      </trkpt>
      <trkpt lat="45.222484" lon="-72.643464">
        <ele>218.04</ele>
      </trkpt>
      <trkpt lat="45.222506" lon="-72.643325">
        <ele>218.76</ele>
      </trkpt>
      <trkpt lat="45.222527" lon="-72.643211">
        <ele>218.31</ele>
      </trkpt>
      <trkpt lat="45.222556" lon="-72.643098">
        <ele>218.45</ele>
      </trkpt>
      <trkpt lat="45.222577" lon="-72.642972">
        <ele>218.87</ele>
      </trkpt>
      <trkpt lat="45.222599" lon="-72.642833">
        <ele>219</ele>
      </trkpt>
      <trkpt lat="45.22262" lon="-72.642694">
        <ele>218.73</ele>
      </trkpt>
      <trkpt lat="45.22265" lon="-72.642555">
        <ele>217.96</ele>
      </trkpt>
      <trkpt lat="45.222672" lon="-72.642416">
        <ele>217.71</ele>
      </trkpt>
      <trkpt lat="45.222722" lon="-72.642202">
        <ele>216.97</ele>
      </trkpt>
      <trkpt lat="45.222763" lon="-72.642">
        <ele>217.02</ele>
      </trkpt>
      <trkpt lat="45.222804" lon="-72.641799">
        <ele>217.91</ele>
      </trkpt>
      <trkpt lat="45.222862" lon="-72.64161">
        <ele>219.38</ele>
      </trkpt>
      <trkpt lat="45.222893" lon="-72.641459">
        <ele>219.78</ele>
      </trkpt>
      <trkpt lat="45.222933" lon="-72.641295">
        <ele>219.96</ele>
      </trkpt>
      <trkpt lat="45.222972" lon="-72.641183">
        <ele>221.08</ele>
      </trkpt>
      <trkpt lat="45.22303" lon="-72.640995">
        <ele>221.32</ele>
      </trkpt>
      <trkpt lat="45.223097" lon="-72.640832">
        <ele>221.18</ele>
      </trkpt>
      <trkpt lat="45.223145" lon="-72.640707">
        <ele>221.75</ele>
      </trkpt>
      <trkpt lat="45.223155" lon="-72.640682">
        <ele>222.53</ele>
      </trkpt>
      <trkpt lat="45.22323" lon="-72.640546">
        <ele>223</ele>
      </trkpt>
      <trkpt lat="45.223296" lon="-72.640409">
        <ele>223.64</ele>
      </trkpt>
      <trkpt lat="45.223362" lon="-72.64031">
        <ele>225.22</ele>
      </trkpt>
      <trkpt lat="45.223427" lon="-72.640212">
        <ele>226.08</ele>
      </trkpt>
      <trkpt lat="45.223493" lon="-72.6401">
        <ele>226.78</ele>
      </trkpt>
      <trkpt lat="45.223558" lon="-72.640002">
        <ele>228.29</ele>
      </trkpt>
      <trkpt lat="45.223633" lon="-72.639878">
        <ele>229.42</ele>
      </trkpt>
      <trkpt lat="45.223717" lon="-72.639742">
        <ele>229.86</ele>
      </trkpt>
      <trkpt lat="45.223792" lon="-72.639631">
        <ele>230.78</ele>
      </trkpt>
      <trkpt lat="45.223867" lon="-72.63952">
        <ele>231.55</ele>
      </trkpt>
      <trkpt lat="45.223951" lon="-72.639397">
        <ele>230.14</ele>
      </trkpt>
      <trkpt lat="45.224034" lon="-72.639286">
        <ele>229.53</ele>
      </trkpt>
      <trkpt lat="45.224127" lon="-72.639176">
        <ele>229.13</ele>
      </trkpt>
      <trkpt lat="45.224211" lon="-72.639066">
        <ele>227.55</ele>
      </trkpt>
      <trkpt lat="45.224285" lon="-72.638967">
        <ele>226.55</ele>
      </trkpt>
      <trkpt lat="45.224336" lon="-72.638893">
        <ele>226.88</ele>
      </trkpt>
      <trkpt lat="45.224369" lon="-72.638844">
        <ele>226.35</ele>
      </trkpt>
      <trkpt lat="45.224444" lon="-72.638733">
        <ele>225.85</ele>
      </trkpt>
      <trkpt lat="45.224528" lon="-72.63861">
        <ele>226.3</ele>
      </trkpt>
      <trkpt lat="45.224602" lon="-72.638524">
        <ele>226.65</ele>
      </trkpt>
      <trkpt lat="45.224639" lon="-72.638462">
        <ele>226.78</ele>
      </trkpt>
      <trkpt lat="45.224667" lon="-72.638426">
        <ele>227.32</ele>
      </trkpt>
      <trkpt lat="45.224732" lon="-72.63834">
        <ele>227.41</ele>
      </trkpt>
      <trkpt lat="45.2248" lon="-72.63825">
        <ele>227.37</ele>
      </trkpt>
      <trkpt lat="45.224807" lon="-72.638241">
        <ele>227.57</ele>
      </trkpt>
      <trkpt lat="45.224844" lon="-72.638179">
        <ele>227.74</ele>
      </trkpt>
      <trkpt lat="45.224876" lon="-72.638116">
        <ele>227.99</ele>
      </trkpt>
      <trkpt lat="45.224882" lon="-72.638105">
        <ele>228.32</ele>
      </trkpt>
      <trkpt lat="45.224911" lon="-72.638017">
        <ele>228.73</ele>
      </trkpt>
      <trkpt lat="45.22494" lon="-72.637942">
        <ele>228.89</ele>
      </trkpt>
      <trkpt lat="45.22495" lon="-72.637879">
        <ele>229.01</ele>
      </trkpt>
      <trkpt lat="45.22497" lon="-72.637804">
        <ele>229.04</ele>
      </trkpt>
      <trkpt lat="45.224981" lon="-72.63774">
        <ele>228.93</ele>
      </trkpt>
      <trkpt lat="45.224991" lon="-72.637665">
        <ele>228.61</ele>
      </trkpt>
      <trkpt lat="45.224994" lon="-72.637563">
        <ele>228.26</ele>
      </trkpt>
      <trkpt lat="45.224996" lon="-72.637474">
        <ele>227.87</ele>
      </trkpt>
      <trkpt lat="45.224991" lon="-72.637295">
        <ele>227.51</ele>
      </trkpt>
      <trkpt lat="45.224982" lon="-72.63699">
        <ele>227.03</ele>
      </trkpt>
      <trkpt lat="45.224981" lon="-72.636964">
        <ele>226.8</ele>
      </trkpt>
      <trkpt lat="45.224955" lon="-72.636234">
        <ele>226.6</ele>
      </trkpt>
      <trkpt lat="45.224929" lon="-72.635479">
        <ele>226.16</ele>
      </trkpt>
      <trkpt lat="45.224928" lon="-72.635459">
        <ele>225.91</ele>
      </trkpt>
      <trkpt lat="45.224865" lon="-72.634268">
        <ele>226.75</ele>
      </trkpt>
      <trkpt lat="45.224829" lon="-72.633595">
        <ele>226.15</ele>
      </trkpt>
      <trkpt lat="45.224797" lon="-72.633058">
        <ele>224.83</ele>
      </trkpt>
      <trkpt lat="45.224778" lon="-72.632415">
        <ele>225.22</ele>
      </trkpt>
      <trkpt lat="45.224759" lon="-72.631769">
        <ele>225.54</ele>
      </trkpt>
      <trkpt lat="45.225619" lon="-72.631767">
        <ele>225.03</ele>
      </trkpt>
      <trkpt lat="45.226493" lon="-72.631765">
        <ele>226.06</ele>
      </trkpt>
      <trkpt lat="45.22679" lon="-72.631754">
        <ele>228.65</ele>
      </trkpt>
      <trkpt lat="45.226955" lon="-72.631749">
        <ele>229.82</ele>
      </trkpt>
      <trkpt lat="45.22742" lon="-72.631734">
        <ele>230.67</ele>
      </trkpt>
      <trkpt lat="45.227429" lon="-72.631734">
        <ele>231.89</ele>
      </trkpt>
      <trkpt lat="45.227718" lon="-72.63171">
        <ele>233.37</ele>
      </trkpt>
      <trkpt lat="45.228258" lon="-72.631698">
        <ele>236.18</ele>
      </trkpt>
      <trkpt lat="45.228319" lon="-72.631697">
        <ele>238.53</ele>
      </trkpt>
      <trkpt lat="45.228929" lon="-72.631688">
        <ele>242.23</ele>
      </trkpt>
      <trkpt lat="45.229275" lon="-72.631683">
        <ele>247.6</ele>
      </trkpt>
      <trkpt lat="45.22954" lon="-72.631678">
        <ele>253.03</ele>
      </trkpt>
      <trkpt lat="45.22968" lon="-72.631675">
        <ele>256.19</ele>
      </trkpt>
      <trkpt lat="45.230022" lon="-72.631668">
        <ele>260.88</ele>
      </trkpt>
      <trkpt lat="45.230113" lon="-72.63166">
        <ele>264.3</ele>
      </trkpt>
      <trkpt lat="45.230158" lon="-72.631662">
        <ele>264.92</ele>
      </trkpt>
      <trkpt lat="45.230193" lon="-72.631677">
        <ele>265.1</ele>
      </trkpt>
      <trkpt lat="45.230273" lon="-72.631719">
        <ele>265.38</ele>
      </trkpt>
      <trkpt lat="45.230317" lon="-72.631772">
        <ele>264.57</ele>
      </trkpt>
      <trkpt lat="45.230324" lon="-72.631789">
        <ele>263.82</ele>
      </trkpt>
      <trkpt lat="45.230342" lon="-72.631837">
        <ele>263.68</ele>
      </trkpt>
      <trkpt lat="45.23035" lon="-72.631888">
        <ele>263.48</ele>
      </trkpt>
      <trkpt lat="45.230366" lon="-72.631952">
        <ele>263.24</ele>
      </trkpt>
      <trkpt lat="45.230366" lon="-72.63198">
        <ele>262.92</ele>
      </trkpt>
      <trkpt lat="45.230365" lon="-72.632016">
        <ele>262.57</ele>
      </trkpt>
      <trkpt lat="45.230372" lon="-72.632093">
        <ele>262.2</ele>
      </trkpt>
      <trkpt lat="45.23038" lon="-72.632157">
        <ele>262.91</ele>
      </trkpt>
      <trkpt lat="45.230378" lon="-72.63222">
        <ele>263.22</ele>
      </trkpt>
      <trkpt lat="45.230387" lon="-72.63258">
        <ele>263.85</ele>
      </trkpt>
      <trkpt lat="45.230384" lon="-72.63273">
        <ele>265.94</ele>
      </trkpt>
      <trkpt lat="45.230379" lon="-72.63329">
        <ele>268.65</ele>
      </trkpt>
      <trkpt lat="45.230379" lon="-72.633539">
        <ele>270.67</ele>
      </trkpt>
      <trkpt lat="45.23038" lon="-72.634">
        <ele>274.15</ele>
      </trkpt>
      <trkpt lat="45.230378" lon="-72.63408">
        <ele>279.16</ele>
      </trkpt>
      <trkpt lat="45.230377" lon="-72.6345">
        <ele>282.06</ele>
      </trkpt>
      <trkpt lat="45.230402" lon="-72.635345">
        <ele>284.38</ele>
      </trkpt>
      <trkpt lat="45.230427" lon="-72.63617">
        <ele>287.89</ele>
      </trkpt>
      <trkpt lat="45.230427" lon="-72.63619">
        <ele>289.69</ele>
      </trkpt>
      <trkpt lat="45.230443" lon="-72.637083">
        <ele>289.7</ele>
      </trkpt>
      <trkpt lat="45.230437" lon="-72.637426">
        <ele>290.71</ele>
      </trkpt>
      <trkpt lat="45.230438" lon="-72.63745">
        <ele>293.44</ele>
      </trkpt>
      <trkpt lat="45.230446" lon="-72.637763">
        <ele>294.5</ele>
      </trkpt>
      <trkpt lat="45.230471" lon="-72.63812">
        <ele>295.63</ele>
      </trkpt>
      <trkpt lat="45.230476" lon="-72.63821">
        <ele>298.22</ele>
      </trkpt>
      <trkpt lat="45.230493" lon="-72.638619">
        <ele>300.48</ele>
      </trkpt>
      <trkpt lat="45.230507" lon="-72.638923">
        <ele>302.59</ele>
      </trkpt>
      <trkpt lat="45.230511" lon="-72.639014">
        <ele>305.01</ele>
      </trkpt>
      <trkpt lat="45.230528" lon="-72.639435">
        <ele>308.08</ele>
      </trkpt>
      <trkpt lat="45.230539" lon="-72.639716">
        <ele>310</ele>
      </trkpt>
      <trkpt lat="45.230539" lon="-72.63973">
        <ele>312.04</ele>
      </trkpt>
      <trkpt lat="45.230541" lon="-72.639996">
        <ele>312.53</ele>
      </trkpt>
      <trkpt lat="45.230528" lon="-72.640161">
        <ele>312.9</ele>
      </trkpt>
      <trkpt lat="45.230522" lon="-72.640181">
        <ele>311.32</ele>
      </trkpt>
      <trkpt lat="45.230479" lon="-72.640337">
        <ele>309.51</ele>
      </trkpt>
      <trkpt lat="45.230412" lon="-72.640512">
        <ele>308</ele>
      </trkpt>
      <trkpt lat="45.230402" lon="-72.640531">
        <ele>307.05</ele>
      </trkpt>
      <trkpt lat="45.230324" lon="-72.640683">
        <ele>304.99</ele>
      </trkpt>
      <trkpt lat="45.230231" lon="-72.640924">
        <ele>303.59</ele>
      </trkpt>
      <trkpt lat="45.230144" lon="-72.641174">
        <ele>302.91</ele>
      </trkpt>
      <trkpt lat="45.230137" lon="-72.641198">
        <ele>300.9</ele>
      </trkpt>
      <trkpt lat="45.230046" lon="-72.6415">
        <ele>298.66</ele>
      </trkpt>
      <trkpt lat="45.229957" lon="-72.641827">
        <ele>294.6</ele>
      </trkpt>
      <trkpt lat="45.229914" lon="-72.641969">
        <ele>290.93</ele>
      </trkpt>
      <trkpt lat="45.22982" lon="-72.642279">
        <ele>287.06</ele>
      </trkpt>
      <trkpt lat="45.22969" lon="-72.64274">
        <ele>282.56</ele>
      </trkpt>
      <trkpt lat="45.229612" lon="-72.643071">
        <ele>277.71</ele>
      </trkpt>
      <trkpt lat="45.229537" lon="-72.643384">
        <ele>275.54</ele>
      </trkpt>
      <trkpt lat="45.229531" lon="-72.643411">
        <ele>274.04</ele>
      </trkpt>
      <trkpt lat="45.22947" lon="-72.643726">
        <ele>271.97</ele>
      </trkpt>
      <trkpt lat="45.2294" lon="-72.644016">
        <ele>271.41</ele>
      </trkpt>
      <trkpt lat="45.229395" lon="-72.644033">
        <ele>270.99</ele>
      </trkpt>
      <trkpt lat="45.229312" lon="-72.644292">
        <ele>270.27</ele>
      </trkpt>
      <trkpt lat="45.229233" lon="-72.644581">
        <ele>269.7</ele>
      </trkpt>
      <trkpt lat="45.229154" lon="-72.644857">
        <ele>269.18</ele>
      </trkpt>
      <trkpt lat="45.229065" lon="-72.645152">
        <ele>268.72</ele>
      </trkpt>
      <trkpt lat="45.228987" lon="-72.645473">
        <ele>267.06</ele>
      </trkpt>
      <trkpt lat="45.228981" lon="-72.6455">
        <ele>264.73</ele>
      </trkpt>
      <trkpt lat="45.228916" lon="-72.645801">
        <ele>262.37</ele>
      </trkpt>
      <trkpt lat="45.228843" lon="-72.646205">
        <ele>259.7</ele>
      </trkpt>
      <trkpt lat="45.228821" lon="-72.646315">
        <ele>255.66</ele>
      </trkpt>
      <trkpt lat="45.228761" lon="-72.646608">
        <ele>252.77</ele>
      </trkpt>
      <trkpt lat="45.22871" lon="-72.64686">
        <ele>251.06</ele>
      </trkpt>
      <trkpt lat="45.228666" lon="-72.647132">
        <ele>248.8</ele>
      </trkpt>
      <trkpt lat="45.228645" lon="-72.64729">
        <ele>246.65</ele>
      </trkpt>
      <trkpt lat="45.228632" lon="-72.64748">
        <ele>245.75</ele>
      </trkpt>
      <trkpt lat="45.228636" lon="-72.647684">
        <ele>244.25</ele>
      </trkpt>
      <trkpt lat="45.22864" lon="-72.647888">
        <ele>242.58</ele>
      </trkpt>
      <trkpt lat="45.228634" lon="-72.64815">
        <ele>240.23</ele>
      </trkpt>
      <trkpt lat="45.228629" lon="-72.648346">
        <ele>238.03</ele>
      </trkpt>
      <trkpt lat="45.228627" lon="-72.648805">
        <ele>234.9</ele>
      </trkpt>
      <trkpt lat="45.228627" lon="-72.64882">
        <ele>231.95</ele>
      </trkpt>
      <trkpt lat="45.228634" lon="-72.649238">
        <ele>229.16</ele>
      </trkpt>
      <trkpt lat="45.228642" lon="-72.649671">
        <ele>227.7</ele>
      </trkpt>
      <trkpt lat="45.22865" lon="-72.649916">
        <ele>225.97</ele>
      </trkpt>
      <trkpt lat="45.228657" lon="-72.650156">
        <ele>225.38</ele>
      </trkpt>
      <trkpt lat="45.228655" lon="-72.650245">
        <ele>224.16</ele>
      </trkpt>
      <trkpt lat="45.228663" lon="-72.650653">
        <ele>223.23</ele>
      </trkpt>
      <trkpt lat="45.228668" lon="-72.650819">
        <ele>222.42</ele>
      </trkpt>
      <trkpt lat="45.228669" lon="-72.651014">
        <ele>221.75</ele>
      </trkpt>
      <trkpt lat="45.22867" lon="-72.651086">
        <ele>219.91</ele>
      </trkpt>
      <trkpt lat="45.228676" lon="-72.651952">
        <ele>218.86</ele>
      </trkpt>
      <trkpt lat="45.228679" lon="-72.652112">
        <ele>217.69</ele>
      </trkpt>
      <trkpt lat="45.228687" lon="-72.652628">
        <ele>217.33</ele>
      </trkpt>
      <trkpt lat="45.228694" lon="-72.652705">
        <ele>217.13</ele>
      </trkpt>
      <trkpt lat="45.2287" lon="-72.653189">
        <ele>218.29</ele>
      </trkpt>
      <trkpt lat="45.228701" lon="-72.65321">
        <ele>219.68</ele>
      </trkpt>
      <trkpt lat="45.228712" lon="-72.653457">
        <ele>220.43</ele>
      </trkpt>
      <trkpt lat="45.228774" lon="-72.654257">
        <ele>220.39</ele>
      </trkpt>
      <trkpt lat="45.22878" lon="-72.654339">
        <ele>220.34</ele>
      </trkpt>
      <trkpt lat="45.228829" lon="-72.655283">
        <ele>220.1</ele>
      </trkpt>
      <trkpt lat="45.228828" lon="-72.65531">
        <ele>220.06</ele>
      </trkpt>
      <trkpt lat="45.228827" lon="-72.655385">
        <ele>220.5</ele>
      </trkpt>
      <trkpt lat="45.228857" lon="-72.655972">
        <ele>221.35</ele>
      </trkpt>
      <trkpt lat="45.228858" lon="-72.656003">
        <ele>223.08</ele>
      </trkpt>
      <trkpt lat="45.228885" lon="-72.6567">
        <ele>224.8</ele>
      </trkpt>
      <trkpt lat="45.228879" lon="-72.657311">
        <ele>227.09</ele>
      </trkpt>
      <trkpt lat="45.22888" lon="-72.657329">
        <ele>229.81</ele>
      </trkpt>
      <trkpt lat="45.228912" lon="-72.657796">
        <ele>231.95</ele>
      </trkpt>
      <trkpt lat="45.228938" lon="-72.658192">
        <ele>232.45</ele>
      </trkpt>
      <trkpt lat="45.228974" lon="-72.658595">
        <ele>234.53</ele>
      </trkpt>
      <trkpt lat="45.229009" lon="-72.658985">
        <ele>236.03</ele>
      </trkpt>
      <trkpt lat="45.229069" lon="-72.659863">
        <ele>236.54</ele>
      </trkpt>
      <trkpt lat="45.229082" lon="-72.660058">
        <ele>237.14</ele>
      </trkpt>
      <trkpt lat="45.229173" lon="-72.661107">
        <ele>236.04</ele>
      </trkpt>
      <trkpt lat="45.229176" lon="-72.661129">
        <ele>234.26</ele>
      </trkpt>
      <trkpt lat="45.229203" lon="-72.66135">
        <ele>233.23</ele>
      </trkpt>
      <trkpt lat="45.229246" lon="-72.661786">
        <ele>233.08</ele>
      </trkpt>
      <trkpt lat="45.229293" lon="-72.662106">
        <ele>231.81</ele>
      </trkpt>
      <trkpt lat="45.229299" lon="-72.662196">
        <ele>233.09</ele>
      </trkpt>
      <trkpt lat="45.229307" lon="-72.66226">
        <ele>233.53</ele>
      </trkpt>
      <trkpt lat="45.229333" lon="-72.662312">
        <ele>234.22</ele>
      </trkpt>
      <trkpt lat="45.229367" lon="-72.662377">
        <ele>234.44</ele>
      </trkpt>
      <trkpt lat="45.229402" lon="-72.662417">
        <ele>235.42</ele>
      </trkpt>
      <trkpt lat="45.229437" lon="-72.662457">
        <ele>235.97</ele>
      </trkpt>
      <trkpt lat="45.229498" lon="-72.662524">
        <ele>235.54</ele>
      </trkpt>
      <trkpt lat="45.229569" lon="-72.662578">
        <ele>233.7</ele>
      </trkpt>
      <trkpt lat="45.229666" lon="-72.662659">
        <ele>231.68</ele>
      </trkpt>
      <trkpt lat="45.229773" lon="-72.662715">
        <ele>229.94</ele>
      </trkpt>
      <trkpt lat="45.229863" lon="-72.662772">
        <ele>228.48</ele>
      </trkpt>
      <trkpt lat="45.229959" lon="-72.662801">
        <ele>227.86</ele>
      </trkpt>
      <trkpt lat="45.230013" lon="-72.662829">
        <ele>227.34</ele>
      </trkpt>
      <trkpt lat="45.230066" lon="-72.66287">
        <ele>227.1</ele>
      </trkpt>
      <trkpt lat="45.230101" lon="-72.66291">
        <ele>228.76</ele>
      </trkpt>
      <trkpt lat="45.230136" lon="-72.662937">
        <ele>228.58</ele>
      </trkpt>
      <trkpt lat="45.230142" lon="-72.662948">
        <ele>228.49</ele>
      </trkpt>
      <trkpt lat="45.230162" lon="-72.662989">
        <ele>228.51</ele>
      </trkpt>
      <trkpt lat="45.230187" lon="-72.663067">
        <ele>228.58</ele>
      </trkpt>
      <trkpt lat="45.230212" lon="-72.663157">
        <ele>226.81</ele>
      </trkpt>
      <trkpt lat="45.230216" lon="-72.663178">
        <ele>226.95</ele>
      </trkpt>
      <trkpt lat="45.230228" lon="-72.663247">
        <ele>227.11</ele>
      </trkpt>
      <trkpt lat="45.230266" lon="-72.663529">
        <ele>227.15</ele>
      </trkpt>
      <trkpt lat="45.230323" lon="-72.663967">
        <ele>227.41</ele>
      </trkpt>
      <trkpt lat="45.230349" lon="-72.66417">
        <ele>226.43</ele>
      </trkpt>
      <trkpt lat="45.230426" lon="-72.664759">
        <ele>224.69</ele>
      </trkpt>
      <trkpt lat="45.230483" lon="-72.665297">
        <ele>222.67</ele>
      </trkpt>
      <trkpt lat="45.23052" lon="-72.665655">
        <ele>220.7</ele>
      </trkpt>
      <trkpt lat="45.230535" lon="-72.665771">
        <ele>219.12</ele>
      </trkpt>
      <trkpt lat="45.230535" lon="-72.66579">
        <ele>218.53</ele>
      </trkpt>
      <trkpt lat="45.230532" lon="-72.665898">
        <ele>218.47</ele>
      </trkpt>
      <trkpt lat="45.230537" lon="-72.666051">
        <ele>218.4</ele>
      </trkpt>
      <trkpt lat="45.230524" lon="-72.666229">
        <ele>218.33</ele>
      </trkpt>
      <trkpt lat="45.230529" lon="-72.666382">
        <ele>217.06</ele>
      </trkpt>
      <trkpt lat="45.230532" lon="-72.666408">
        <ele>215.9</ele>
      </trkpt>
      <trkpt lat="45.230543" lon="-72.666523">
        <ele>214.78</ele>
      </trkpt>
      <trkpt lat="45.230548" lon="-72.666714">
        <ele>212.6</ele>
      </trkpt>
      <trkpt lat="45.23057" lon="-72.666893">
        <ele>210.46</ele>
      </trkpt>
      <trkpt lat="45.230576" lon="-72.667034">
        <ele>208.9</ele>
      </trkpt>
      <trkpt lat="45.230581" lon="-72.667174">
        <ele>207.43</ele>
      </trkpt>
      <trkpt lat="45.230588" lon="-72.667276">
        <ele>206.07</ele>
      </trkpt>
      <trkpt lat="45.230591" lon="-72.667297">
        <ele>205.95</ele>
      </trkpt>
      <trkpt lat="45.230603" lon="-72.667379">
        <ele>205.76</ele>
      </trkpt>
      <trkpt lat="45.230619" lon="-72.667481">
        <ele>204.3</ele>
      </trkpt>
      <trkpt lat="45.230635" lon="-72.667587">
        <ele>202.95</ele>
      </trkpt>
      <trkpt lat="45.230667" lon="-72.667713">
        <ele>203.4</ele>
      </trkpt>
      <trkpt lat="45.230691" lon="-72.667829">
        <ele>204.05</ele>
      </trkpt>
      <trkpt lat="45.230733" lon="-72.667971">
        <ele>203.21</ele>
      </trkpt>
      <trkpt lat="45.230766" lon="-72.6681">
        <ele>203.63</ele>
      </trkpt>
      <trkpt lat="45.23079" lon="-72.668203">
        <ele>204</ele>
      </trkpt>
      <trkpt lat="45.230824" lon="-72.668306">
        <ele>203.45</ele>
      </trkpt>
      <trkpt lat="45.230871" lon="-72.668536">
        <ele>202.73</ele>
      </trkpt>
      <trkpt lat="45.231017" lon="-72.668497">
        <ele>204.49</ele>
      </trkpt>
      <trkpt lat="45.231026" lon="-72.668495">
        <ele>207.53</ele>
      </trkpt>
      <trkpt lat="45.231308" lon="-72.668394">
        <ele>210.71</ele>
      </trkpt>
      <trkpt lat="45.231562" lon="-72.668292">
        <ele>214.19</ele>
      </trkpt>
      <trkpt lat="45.231733" lon="-72.668275">
        <ele>217.77</ele>
      </trkpt>
      <trkpt lat="45.231842" lon="-72.668254">
        <ele>221.01</ele>
      </trkpt>
      <trkpt lat="45.232049" lon="-72.668239">
        <ele>223.47</ele>
      </trkpt>
      <trkpt lat="45.232265" lon="-72.668224">
        <ele>225.3</ele>
      </trkpt>
      <trkpt lat="45.232392" lon="-72.668205">
        <ele>225.82</ele>
      </trkpt>
      <trkpt lat="45.232492" lon="-72.668172">
        <ele>226.17</ele>
      </trkpt>
      <trkpt lat="45.232601" lon="-72.668113">
        <ele>225.69</ele>
      </trkpt>
      <trkpt lat="45.232692" lon="-72.668067">
        <ele>224.56</ele>
      </trkpt>
      <trkpt lat="45.232794" lon="-72.667957">
        <ele>223.66</ele>
      </trkpt>
      <trkpt lat="45.232896" lon="-72.667848">
        <ele>223.15</ele>
      </trkpt>
      <trkpt lat="45.232961" lon="-72.667749">
        <ele>221.82</ele>
      </trkpt>
      <trkpt lat="45.233018" lon="-72.667637">
        <ele>220.74</ele>
      </trkpt>
      <trkpt lat="45.233068" lon="-72.667528">
        <ele>220.16</ele>
      </trkpt>
      <trkpt lat="45.233075" lon="-72.667513">
        <ele>220.16</ele>
      </trkpt>
      <trkpt lat="45.233105" lon="-72.667399">
        <ele>220.15</ele>
      </trkpt>
      <trkpt lat="45.233135" lon="-72.667261">
        <ele>221.09</ele>
      </trkpt>
      <trkpt lat="45.233175" lon="-72.667175">
        <ele>220.96</ele>
      </trkpt>
      <trkpt lat="45.233182" lon="-72.667161">
        <ele>219.59</ele>
      </trkpt>
      <trkpt lat="45.233284" lon="-72.667052">
        <ele>217.8</ele>
      </trkpt>
      <trkpt lat="45.233497" lon="-72.666853">
        <ele>215.79</ele>
      </trkpt>
      <trkpt lat="45.233505" lon="-72.666846">
        <ele>213.58</ele>
      </trkpt>
      <trkpt lat="45.233627" lon="-72.666661">
        <ele>211.56</ele>
      </trkpt>
      <trkpt lat="45.233748" lon="-72.666476">
        <ele>210.74</ele>
      </trkpt>
      <trkpt lat="45.233804" lon="-72.666389">
        <ele>209.96</ele>
      </trkpt>
      <trkpt lat="45.233896" lon="-72.666235">
        <ele>209.59</ele>
      </trkpt>
      <trkpt lat="45.233907" lon="-72.666216">
        <ele>207.92</ele>
      </trkpt>
      <trkpt lat="45.233985" lon="-72.665991">
        <ele>207.72</ele>
      </trkpt>
      <trkpt lat="45.234073" lon="-72.665702">
        <ele>207.6</ele>
      </trkpt>
      <trkpt lat="45.234187" lon="-72.665453">
        <ele>206.14</ele>
      </trkpt>
      <trkpt lat="45.234256" lon="-72.665286">
        <ele>203.92</ele>
      </trkpt>
      <trkpt lat="45.234264" lon="-72.665266">
        <ele>203.22</ele>
      </trkpt>
      <trkpt lat="45.234308" lon="-72.665109">
        <ele>201.83</ele>
      </trkpt>
      <trkpt lat="45.234313" lon="-72.66509">
        <ele>200.15</ele>
      </trkpt>
      <trkpt lat="45.234531" lon="-72.664642">
        <ele>199.76</ele>
      </trkpt>
      <trkpt lat="45.234715" lon="-72.664305">
        <ele>199.16</ele>
      </trkpt>
      <trkpt lat="45.234728" lon="-72.664282">
        <ele>198.4</ele>
      </trkpt>
      <trkpt lat="45.234916" lon="-72.663986">
        <ele>197.47</ele>
      </trkpt>
      <trkpt lat="45.235037" lon="-72.663826">
        <ele>196.24</ele>
      </trkpt>
      <trkpt lat="45.235091" lon="-72.663791">
        <ele>194.65</ele>
      </trkpt>
      <trkpt lat="45.235137" lon="-72.66378">
        <ele>193.78</ele>
      </trkpt>
      <trkpt lat="45.235175" lon="-72.663693">
        <ele>192.69</ele>
      </trkpt>
      <trkpt lat="45.235201" lon="-72.663634">
        <ele>191.97</ele>
      </trkpt>
      <trkpt lat="45.235262" lon="-72.663464">
        <ele>191.67</ele>
      </trkpt>
      <trkpt lat="45.235334" lon="-72.66331">
        <ele>191.97</ele>
      </trkpt>
      <trkpt lat="45.235413" lon="-72.663135">
        <ele>192.59</ele>
      </trkpt>
      <trkpt lat="45.235561" lon="-72.662867">
        <ele>193.83</ele>
      </trkpt>
      <trkpt lat="45.235863" lon="-72.662232">
        <ele>194.33</ele>
      </trkpt>
      <trkpt lat="45.236038" lon="-72.661863">
        <ele>193.96</ele>
      </trkpt>
      <trkpt lat="45.236171" lon="-72.661589">
        <ele>193.37</ele>
      </trkpt>
      <trkpt lat="45.236553" lon="-72.660853">
        <ele>192.31</ele>
      </trkpt>
      <trkpt lat="45.236562" lon="-72.660835">
        <ele>190.97</ele>
      </trkpt>
      <trkpt lat="45.236922" lon="-72.660097">
        <ele>190.21</ele>
      </trkpt>
      <trkpt lat="45.236936" lon="-72.660067">
        <ele>190.16</ele>
      </trkpt>
      <trkpt lat="45.237284" lon="-72.659335">
        <ele>190.02</ele>
      </trkpt>
      <trkpt lat="45.237295" lon="-72.659312">
        <ele>189.34</ele>
      </trkpt>
      <trkpt lat="45.237695" lon="-72.658395">
        <ele>188.68</ele>
      </trkpt>
      <trkpt lat="45.238105" lon="-72.657454">
        <ele>187.12</ele>
      </trkpt>
      <trkpt lat="45.23811" lon="-72.657443">
        <ele>184.99</ele>
      </trkpt>
      <trkpt lat="45.238848" lon="-72.657403">
        <ele>182.01</ele>
      </trkpt>
      <trkpt lat="45.239596" lon="-72.657363">
        <ele>178.9</ele>
      </trkpt>
      <trkpt lat="45.240343" lon="-72.657322">
        <ele>174.99</ele>
      </trkpt>
      <trkpt lat="45.241091" lon="-72.657282">
        <ele>171.84</ele>
      </trkpt>
      <trkpt lat="45.24184" lon="-72.657241">
        <ele>169.26</ele>
      </trkpt>
      <trkpt lat="45.242475" lon="-72.657191">
        <ele>169.02</ele>
      </trkpt>
      <trkpt lat="45.243112" lon="-72.65714">
        <ele>170.05</ele>
      </trkpt>
      <trkpt lat="45.243752" lon="-72.657089">
        <ele>172.5</ele>
      </trkpt>
      <trkpt lat="45.244229" lon="-72.657073">
        <ele>175.92</ele>
      </trkpt>
      <trkpt lat="45.244715" lon="-72.657057">
        <ele>179.27</ele>
      </trkpt>
      <trkpt lat="45.245386" lon="-72.656986">
        <ele>181.59</ele>
      </trkpt>
      <trkpt lat="45.246063" lon="-72.656915">
        <ele>183.35</ele>
      </trkpt>
      <trkpt lat="45.24674" lon="-72.656844">
        <ele>185.18</ele>
      </trkpt>
      <trkpt lat="45.246749" lon="-72.656843">
        <ele>186.41</ele>
      </trkpt>
      <trkpt lat="45.247622" lon="-72.656718">
        <ele>187.84</ele>
      </trkpt>
      <trkpt lat="45.248016" lon="-72.656679">
        <ele>188.8</ele>
      </trkpt>
      <trkpt lat="45.248304" lon="-72.656681">
        <ele>189.32</ele>
      </trkpt>
      <trkpt lat="45.248773" lon="-72.656698">
        <ele>188.86</ele>
      </trkpt>
      <trkpt lat="45.249536" lon="-72.656727">
        <ele>188.12</ele>
      </trkpt>
      <trkpt lat="45.249947" lon="-72.656742">
        <ele>187.21</ele>
      </trkpt>
      <trkpt lat="45.250303" lon="-72.656748">
        <ele>186.19</ele>
      </trkpt>
      <trkpt lat="45.25116" lon="-72.656775">
        <ele>185.02</ele>
      </trkpt>
      <trkpt lat="45.252015" lon="-72.656781">
        <ele>182.01</ele>
      </trkpt>
      <trkpt lat="45.25277" lon="-72.656749">
        <ele>178.91</ele>
      </trkpt>
      <trkpt lat="45.25353" lon="-72.656716">
        <ele>176.47</ele>
      </trkpt>
      <trkpt lat="45.254007" lon="-72.656696">
        <ele>173.69</ele>
      </trkpt>
      <trkpt lat="45.254087" lon="-72.656693">
        <ele>170.51</ele>
      </trkpt>
      <trkpt lat="45.25429" lon="-72.656683">
        <ele>167.79</ele>
      </trkpt>
      <trkpt lat="45.255055" lon="-72.656645">
        <ele>164.15</ele>
      </trkpt>
      <trkpt lat="45.25591" lon="-72.656621">
        <ele>159.92</ele>
      </trkpt>
      <trkpt lat="45.25677" lon="-72.656596">
        <ele>156.21</ele>
      </trkpt>
      <trkpt lat="45.256779" lon="-72.656596">
        <ele>154.67</ele>
      </trkpt>
      <trkpt lat="45.25721" lon="-72.656587">
        <ele>154.9</ele>
      </trkpt>
      <trkpt lat="45.257638" lon="-72.656594">
        <ele>155.44</ele>
      </trkpt>
      <trkpt lat="45.257875" lon="-72.656613">
        <ele>154.69</ele>
      </trkpt>
      <trkpt lat="45.258639" lon="-72.656643">
        <ele>153.94</ele>
      </trkpt>
      <trkpt lat="45.25935" lon="-72.656671">
        <ele>152.01</ele>
      </trkpt>
      <trkpt lat="45.25941" lon="-72.656676">
        <ele>150.16</ele>
      </trkpt>
      <trkpt lat="45.259419" lon="-72.656677">
        <ele>149.19</ele>
      </trkpt>
      <trkpt lat="45.260095" lon="-72.65667">
        <ele>150.33</ele>
      </trkpt>
      <trkpt lat="45.260333" lon="-72.656667">
        <ele>151.13</ele>
      </trkpt>
      <trkpt lat="45.260788" lon="-72.656663">
        <ele>152.33</ele>
      </trkpt>
      <trkpt lat="45.261243" lon="-72.65664">
        <ele>153.04</ele>
      </trkpt>
      <trkpt lat="45.261221" lon="-72.657104">
        <ele>153.71</ele>
      </trkpt>
      <trkpt lat="45.261196" lon="-72.657426">
        <ele>153.64</ele>
      </trkpt>
      <trkpt lat="45.261181" lon="-72.657617">
        <ele>153.92</ele>
      </trkpt>
      <trkpt lat="45.261141" lon="-72.658185">
        <ele>153.72</ele>
      </trkpt>
      <trkpt lat="45.261136" lon="-72.658209">
        <ele>153.72</ele>
      </trkpt>
      <trkpt lat="45.260973" lon="-72.659065">
        <ele>154.12</ele>
      </trkpt>
      <trkpt lat="45.260945" lon="-72.659204">
        <ele>154.38</ele>
      </trkpt>
      <trkpt lat="45.260745" lon="-72.660197">
        <ele>154.87</ele>
      </trkpt>
      <trkpt lat="45.260675" lon="-72.660542">
        <ele>155</ele>
      </trkpt>
      <trkpt lat="45.260635" lon="-72.660748">
        <ele>154.43</ele>
      </trkpt>
      <trkpt lat="45.260549" lon="-72.661191">
        <ele>153.48</ele>
      </trkpt>
      <trkpt lat="45.26038" lon="-72.662061">
        <ele>152.67</ele>
      </trkpt>
      <trkpt lat="45.260356" lon="-72.662186">
        <ele>151.62</ele>
      </trkpt>
      <trkpt lat="45.260166" lon="-72.663156">
        <ele>152.81</ele>
      </trkpt>
      <trkpt lat="45.260161" lon="-72.66318">
        <ele>154.76</ele>
      </trkpt>
      <trkpt lat="45.259902" lon="-72.664386">
        <ele>156.81</ele>
      </trkpt>
      <trkpt lat="45.259898" lon="-72.664399">
        <ele>159.06</ele>
      </trkpt>
      <trkpt lat="45.259725" lon="-72.664921">
        <ele>161.46</ele>
      </trkpt>
      <trkpt lat="45.259666" lon="-72.665099">
        <ele>160.12</ele>
      </trkpt>
      <trkpt lat="45.259629" lon="-72.66521">
        <ele>158.86</ele>
      </trkpt>
      <trkpt lat="45.259423" lon="-72.665773">
        <ele>154.88</ele>
      </trkpt>
      <trkpt lat="45.259417" lon="-72.665788">
        <ele>150.69</ele>
      </trkpt>
      <trkpt lat="45.25909" lon="-72.666645">
        <ele>146.3</ele>
      </trkpt>
      <trkpt lat="45.259026" lon="-72.666814">
        <ele>143.87</ele>
      </trkpt>
      <trkpt lat="45.258947" lon="-72.667057">
        <ele>141.37</ele>
      </trkpt>
      <trkpt lat="45.258944" lon="-72.667081">
        <ele>141.25</ele>
      </trkpt>
      <trkpt lat="45.258898" lon="-72.66741">
        <ele>141.06</ele>
      </trkpt>
      <trkpt lat="45.258888" lon="-72.667773">
        <ele>141.69</ele>
      </trkpt>
      <trkpt lat="45.258889" lon="-72.6678">
        <ele>142.3</ele>
      </trkpt>
      <trkpt lat="45.258921" lon="-72.669036">
        <ele>143.02</ele>
      </trkpt>
      <trkpt lat="45.258922" lon="-72.669073">
        <ele>143.68</ele>
      </trkpt>
      <trkpt lat="45.258947" lon="-72.670066">
        <ele>143.99</ele>
      </trkpt>
      <trkpt lat="45.258954" lon="-72.670349">
        <ele>144.07</ele>
      </trkpt>
      <trkpt lat="45.258987" lon="-72.671623">
        <ele>144.18</ele>
      </trkpt>
      <trkpt lat="45.259019" lon="-72.672871">
        <ele>143.86</ele>
      </trkpt>
      <trkpt lat="45.259024" lon="-72.672894">
        <ele>143.72</ele>
      </trkpt>
      <trkpt lat="45.259092" lon="-72.673193">
        <ele>144.89</ele>
      </trkpt>
      <trkpt lat="45.259101" lon="-72.673208">
        <ele>145.59</ele>
      </trkpt>
      <trkpt lat="45.259276" lon="-72.673505">
        <ele>147.51</ele>
      </trkpt>
      <trkpt lat="45.2593" lon="-72.673533">
        <ele>148.71</ele>
      </trkpt>
      <trkpt lat="45.259848" lon="-72.67419">
        <ele>154.69</ele>
      </trkpt>
      <trkpt lat="45.260213" lon="-72.674778">
        <ele>155.17</ele>
      </trkpt>
      <trkpt lat="45.260657" lon="-72.675817">
        <ele>155.53</ele>
      </trkpt>
      <trkpt lat="45.260744" lon="-72.676204">
        <ele>156.76</ele>
      </trkpt>
      <trkpt lat="45.260744" lon="-72.67622">
        <ele>159.92</ele>
      </trkpt>
      <trkpt lat="45.260749" lon="-72.6765">
        <ele>158.98</ele>
      </trkpt>
      <trkpt lat="45.260682" lon="-72.676862">
        <ele>162.21</ele>
      </trkpt>
      <trkpt lat="45.260673" lon="-72.676884">
        <ele>166.57</ele>
      </trkpt>
      <trkpt lat="45.260509" lon="-72.677299">
        <ele>168.01</ele>
      </trkpt>
      <trkpt lat="45.260414" lon="-72.67762">
        <ele>168.49</ele>
      </trkpt>
      <trkpt lat="45.260402" lon="-72.677848">
        <ele>167.59</ele>
      </trkpt>
      <trkpt lat="45.260405" lon="-72.677869">
        <ele>167.07</ele>
      </trkpt>
      <trkpt lat="45.260434" lon="-72.67808">
        <ele>165.2</ele>
      </trkpt>
      <trkpt lat="45.260439" lon="-72.678095">
        <ele>162.42</ele>
      </trkpt>
      <trkpt lat="45.260498" lon="-72.678287">
        <ele>158.46</ele>
      </trkpt>
      <trkpt lat="45.260767" lon="-72.678896">
        <ele>155.87</ele>
      </trkpt>
      <trkpt lat="45.261115" lon="-72.679684">
        <ele>153.6</ele>
      </trkpt>
      <trkpt lat="45.261372" lon="-72.680267">
        <ele>151.6</ele>
      </trkpt>
      <trkpt lat="45.261483" lon="-72.680459">
        <ele>151.33</ele>
      </trkpt>
      <trkpt lat="45.261584" lon="-72.680633">
        <ele>151.65</ele>
      </trkpt>
      <trkpt lat="45.261876" lon="-72.681091">
        <ele>150.09</ele>
      </trkpt>
      <trkpt lat="45.262312" lon="-72.681639">
        <ele>147.13</ele>
      </trkpt>
      <trkpt lat="45.262816" lon="-72.682126">
        <ele>144.99</ele>
      </trkpt>
      <trkpt lat="45.263323" lon="-72.682615">
        <ele>143.79</ele>
      </trkpt>
      <trkpt lat="45.263587" lon="-72.682921">
        <ele>143.3</ele>
      </trkpt>
      <trkpt lat="45.263885" lon="-72.683427">
        <ele>143.99</ele>
      </trkpt>
      <trkpt lat="45.263913" lon="-72.683475">
        <ele>143.46</ele>
      </trkpt>
      <trkpt lat="45.263998" lon="-72.683621">
        <ele>143.14</ele>
      </trkpt>
      <trkpt lat="45.264109" lon="-72.683807">
        <ele>141.38</ele>
      </trkpt>
      <trkpt lat="45.26424" lon="-72.68403">
        <ele>140.01</ele>
      </trkpt>
      <trkpt lat="45.264209" lon="-72.684725">
        <ele>138.99</ele>
      </trkpt>
      <trkpt lat="45.264178" lon="-72.685421">
        <ele>140.43</ele>
      </trkpt>
      <trkpt lat="45.264137" lon="-72.686009">
        <ele>141.75</ele>
      </trkpt>
      <trkpt lat="45.264127" lon="-72.686108">
        <ele>143.16</ele>
      </trkpt>
      <trkpt lat="45.264059" lon="-72.68679">
        <ele>144.18</ele>
      </trkpt>
      <trkpt lat="45.263893" lon="-72.687791">
        <ele>143.99</ele>
      </trkpt>
      <trkpt lat="45.263889" lon="-72.68781">
        <ele>143.58</ele>
      </trkpt>
      <trkpt lat="45.263747" lon="-72.688553">
        <ele>142.02</ele>
      </trkpt>
      <trkpt lat="45.26374" lon="-72.68858">
        <ele>140.86</ele>
      </trkpt>
      <trkpt lat="45.263583" lon="-72.689171">
        <ele>139.5</ele>
      </trkpt>
      <trkpt lat="45.26358" lon="-72.68918">
        <ele>140.91</ele>
      </trkpt>
      <trkpt lat="45.263496" lon="-72.689497">
        <ele>143.88</ele>
      </trkpt>
      <trkpt lat="45.264216" lon="-72.689822">
        <ele>146.97</ele>
      </trkpt>
      <trkpt lat="45.264338" lon="-72.689855">
        <ele>151.08</ele>
      </trkpt>
      <trkpt lat="45.264484" lon="-72.689844">
        <ele>154.87</ele>
      </trkpt>
      <trkpt lat="45.264652" lon="-72.68978">
        <ele>156.45</ele>
      </trkpt>
      <trkpt lat="45.264787" lon="-72.689707">
        <ele>158.96</ele>
      </trkpt>
      <trkpt lat="45.264849" lon="-72.689667">
        <ele>163.04</ele>
      </trkpt>
      <trkpt lat="45.265053" lon="-72.689506">
        <ele>166.08</ele>
      </trkpt>
      <trkpt lat="45.26516" lon="-72.68938">
        <ele>170.01</ele>
      </trkpt>
      <trkpt lat="45.265169" lon="-72.689369">
        <ele>174.19</ele>
      </trkpt>
      <trkpt lat="45.265355" lon="-72.688975">
        <ele>177.48</ele>
      </trkpt>
      <trkpt lat="45.265364" lon="-72.688956">
        <ele>179.31</ele>
      </trkpt>
      <trkpt lat="45.265444" lon="-72.688832">
        <ele>180.51</ele>
      </trkpt>
      <trkpt lat="45.265451" lon="-72.688821">
        <ele>181.36</ele>
      </trkpt>
      <trkpt lat="45.265561" lon="-72.688737">
        <ele>182.66</ele>
      </trkpt>
      <trkpt lat="45.26593" lon="-72.688569">
        <ele>182.35</ele>
      </trkpt>
      <trkpt lat="45.266597" lon="-72.688307">
        <ele>183.24</ele>
      </trkpt>
      <trkpt lat="45.26668" lon="-72.688275">
        <ele>183.97</ele>
      </trkpt>
      <trkpt lat="45.26743" lon="-72.687982">
        <ele>185.76</ele>
      </trkpt>
      <trkpt lat="45.268185" lon="-72.687688">
        <ele>186.9</ele>
      </trkpt>
      <trkpt lat="45.268733" lon="-72.687388">
        <ele>189.55</ele>
      </trkpt>
      <trkpt lat="45.26929" lon="-72.687083">
        <ele>190.91</ele>
      </trkpt>
      <trkpt lat="45.269646" lon="-72.686964">
        <ele>193.43</ele>
      </trkpt>
      <trkpt lat="45.269862" lon="-72.686944">
        <ele>194.62</ele>
      </trkpt>
      <trkpt lat="45.270092" lon="-72.686953">
        <ele>196.21</ele>
      </trkpt>
      <trkpt lat="45.270306" lon="-72.686986">
        <ele>196.35</ele>
      </trkpt>
      <trkpt lat="45.27047" lon="-72.687043">
        <ele>196.62</ele>
      </trkpt>
      <trkpt lat="45.270528" lon="-72.687059">
        <ele>196.84</ele>
      </trkpt>
      <trkpt lat="45.270609" lon="-72.687077">
        <ele>197.53</ele>
      </trkpt>
      <trkpt lat="45.271136" lon="-72.687194">
        <ele>198.7</ele>
      </trkpt>
      <trkpt lat="45.271752" lon="-72.68727">
        <ele>199.87</ele>
      </trkpt>
      <trkpt lat="45.272351" lon="-72.687309">
        <ele>201.02</ele>
      </trkpt>
      <trkpt lat="45.27236" lon="-72.687309">
        <ele>202.31</ele>
      </trkpt>
      <trkpt lat="45.272491" lon="-72.687312">
        <ele>203.73</ele>
      </trkpt>
      <trkpt lat="45.272801" lon="-72.687299">
        <ele>204.09</ele>
      </trkpt>
      <trkpt lat="45.273064" lon="-72.687286">
        <ele>204.8</ele>
      </trkpt>
      <trkpt lat="45.27336" lon="-72.687223">
        <ele>205.4</ele>
      </trkpt>
      <trkpt lat="45.27371" lon="-72.687167">
        <ele>205.56</ele>
      </trkpt>
      <trkpt lat="45.2739" lon="-72.687135">
        <ele>206.45</ele>
      </trkpt>
      <trkpt lat="45.274088" lon="-72.687104">
        <ele>207.54</ele>
      </trkpt>
      <trkpt lat="45.274509" lon="-72.686978">
        <ele>208.98</ele>
      </trkpt>
      <trkpt lat="45.274644" lon="-72.68694">
        <ele>210.58</ele>
      </trkpt>
      <trkpt lat="45.275209" lon="-72.686783">
        <ele>212.19</ele>
      </trkpt>
      <trkpt lat="45.275218" lon="-72.68678">
        <ele>213.92</ele>
      </trkpt>
      <trkpt lat="45.275414" lon="-72.68671">
        <ele>215.76</ele>
      </trkpt>
      <trkpt lat="45.275599" lon="-72.686643">
        <ele>216.77</ele>
      </trkpt>
      <trkpt lat="45.275809" lon="-72.686567">
        <ele>219.93</ele>
      </trkpt>
      <trkpt lat="45.275798" lon="-72.686571">
        <ele>222.26</ele>
      </trkpt>
      <trkpt lat="45.27659" lon="-72.686284">
        <ele>223.64</ele>
      </trkpt>
      <trkpt lat="45.277252" lon="-72.686044">
        <ele>226.08</ele>
      </trkpt>
      <trkpt lat="45.277383" lon="-72.685996">
        <ele>228.77</ele>
      </trkpt>
      <trkpt lat="45.278174" lon="-72.685707">
        <ele>229.25</ele>
      </trkpt>
      <trkpt lat="45.278966" lon="-72.685417">
        <ele>230.45</ele>
      </trkpt>
      <trkpt lat="45.278976" lon="-72.685413">
        <ele>231.52</ele>
      </trkpt>
      <trkpt lat="45.279387" lon="-72.685256">
        <ele>231.76</ele>
      </trkpt>
      <trkpt lat="45.279544" lon="-72.685195">
        <ele>231.95</ele>
      </trkpt>
      <trkpt lat="45.279789" lon="-72.6851">
        <ele>231.94</ele>
      </trkpt>
      <trkpt lat="45.27999" lon="-72.685016">
        <ele>231.79</ele>
      </trkpt>
      <trkpt lat="45.280128" lon="-72.684958">
        <ele>230.84</ele>
      </trkpt>
      <trkpt lat="45.28058" lon="-72.684714">
        <ele>229.05</ele>
      </trkpt>
      <trkpt lat="45.281046" lon="-72.684462">
        <ele>226.29</ele>
      </trkpt>
      <trkpt lat="45.28125" lon="-72.684352">
        <ele>224.12</ele>
      </trkpt>
      <trkpt lat="45.281812" lon="-72.684099">
        <ele>222.21</ele>
      </trkpt>
      <trkpt lat="45.282085" lon="-72.683942">
        <ele>222.2</ele>
      </trkpt>
      <trkpt lat="45.282097" lon="-72.683935">
        <ele>221.72</ele>
      </trkpt>
      <trkpt lat="45.282363" lon="-72.683733">
        <ele>222.06</ele>
      </trkpt>
      <trkpt lat="45.283059" lon="-72.682975">
        <ele>222.07</ele>
      </trkpt>
      <trkpt lat="45.283195" lon="-72.682866">
        <ele>222.71</ele>
      </trkpt>
      <trkpt lat="45.283204" lon="-72.682859">
        <ele>222.15</ele>
      </trkpt>
      <trkpt lat="45.28342" lon="-72.682799">
        <ele>222.24</ele>
      </trkpt>
      <trkpt lat="45.283429" lon="-72.682796">
        <ele>222.04</ele>
      </trkpt>
      <trkpt lat="45.283478" lon="-72.682782">
        <ele>220.54</ele>
      </trkpt>
      <trkpt lat="45.283998" lon="-72.682794">
        <ele>219.63</ele>
      </trkpt>
      <trkpt lat="45.2846" lon="-72.682811">
        <ele>219.13</ele>
      </trkpt>
      <trkpt lat="45.28521" lon="-72.682829">
        <ele>219.36</ele>
      </trkpt>
      <trkpt lat="45.285795" lon="-72.682846">
        <ele>218.82</ele>
      </trkpt>
      <trkpt lat="45.28582" lon="-72.682847">
        <ele>220.7</ele>
      </trkpt>
      <trkpt lat="45.286269" lon="-72.682863">
        <ele>221.37</ele>
      </trkpt>
      <trkpt lat="45.28672" lon="-72.682879">
        <ele>221.32</ele>
      </trkpt>
      <trkpt lat="45.286729" lon="-72.682879">
        <ele>220.77</ele>
      </trkpt>
      <trkpt lat="45.287566" lon="-72.682858">
        <ele>221.7</ele>
      </trkpt>
      <trkpt lat="45.287738" lon="-72.682809">
        <ele>221.53</ele>
      </trkpt>
      <trkpt lat="45.287822" lon="-72.682741">
        <ele>221.48</ele>
      </trkpt>
      <trkpt lat="45.287833" lon="-72.682732">
        <ele>221.17</ele>
      </trkpt>
      <trkpt lat="45.287877" lon="-72.682666">
        <ele>221.06</ele>
      </trkpt>
      <trkpt lat="45.287886" lon="-72.682653">
        <ele>221</ele>
      </trkpt>
      <trkpt lat="45.287911" lon="-72.682538">
        <ele>220.74</ele>
      </trkpt>
      <trkpt lat="45.287961" lon="-72.681911">
        <ele>220.19</ele>
      </trkpt>
      <trkpt lat="45.287967" lon="-72.681756">
        <ele>220.01</ele>
      </trkpt>
      <trkpt lat="45.287972" lon="-72.681623">
        <ele>219.73</ele>
      </trkpt>
      <trkpt lat="45.287984" lon="-72.681324">
        <ele>218.77</ele>
      </trkpt>
      <trkpt lat="45.287994" lon="-72.681046">
        <ele>217.92</ele>
      </trkpt>
      <trkpt lat="45.287994" lon="-72.680769">
        <ele>217.19</ele>
      </trkpt>
      <trkpt lat="45.287994" lon="-72.680695">
        <ele>216.55</ele>
      </trkpt>
      <trkpt lat="45.287994" lon="-72.680667">
        <ele>215.8</ele>
      </trkpt>
      <trkpt lat="45.288006" lon="-72.680429">
        <ele>215.46</ele>
      </trkpt>
      <trkpt lat="45.288018" lon="-72.680314">
        <ele>215.27</ele>
      </trkpt>
      <trkpt lat="45.288037" lon="-72.679784">
        <ele>215.39</ele>
      </trkpt>
      <trkpt lat="45.288047" lon="-72.67951">
        <ele>214.79</ele>
      </trkpt>
      <trkpt lat="45.288056" lon="-72.679211">
        <ele>214.69</ele>
      </trkpt>
      <trkpt lat="45.288055" lon="-72.679025">
        <ele>214.49</ele>
      </trkpt>
      <trkpt lat="45.288052" lon="-72.67886">
        <ele>213.26</ele>
      </trkpt>
      <trkpt lat="45.288052" lon="-72.678847">
        <ele>211.65</ele>
      </trkpt>
      <trkpt lat="45.288003" lon="-72.678594">
        <ele>210.73</ele>
      </trkpt>
      <trkpt lat="45.287924" lon="-72.678316">
        <ele>209.46</ele>
      </trkpt>
      <trkpt lat="45.287611" lon="-72.677429">
        <ele>206.57</ele>
      </trkpt>
      <trkpt lat="45.287305" lon="-72.676598">
        <ele>205.72</ele>
      </trkpt>
      <trkpt lat="45.287123" lon="-72.676105">
        <ele>202.69</ele>
      </trkpt>
      <trkpt lat="45.286998" lon="-72.675772">
        <ele>199.19</ele>
      </trkpt>
      <trkpt lat="45.286816" lon="-72.675393">
        <ele>195.96</ele>
      </trkpt>
      <trkpt lat="45.286607" lon="-72.675021">
        <ele>194.17</ele>
      </trkpt>
      <trkpt lat="45.286414" lon="-72.674722">
        <ele>191.74</ele>
      </trkpt>
      <trkpt lat="45.286183" lon="-72.674456">
        <ele>191.55</ele>
      </trkpt>
      <trkpt lat="45.285787" lon="-72.674051">
        <ele>191.65</ele>
      </trkpt>
      <trkpt lat="45.285742" lon="-72.673982">
        <ele>191.63</ele>
      </trkpt>
      <trkpt lat="45.285711" lon="-72.673919">
        <ele>191.79</ele>
      </trkpt>
      <trkpt lat="45.285695" lon="-72.673885">
        <ele>191.4</ele>
      </trkpt>
      <trkpt lat="45.285675" lon="-72.673799">
        <ele>190.63</ele>
      </trkpt>
      <trkpt lat="45.28567" lon="-72.673753">
        <ele>191.36</ele>
      </trkpt>
      <trkpt lat="45.285628" lon="-72.672908">
        <ele>193.14</ele>
      </trkpt>
      <trkpt lat="45.285622" lon="-72.672794">
        <ele>194.9</ele>
      </trkpt>
      <trkpt lat="45.285574" lon="-72.67179">
        <ele>198.37</ele>
      </trkpt>
      <trkpt lat="45.285573" lon="-72.671775">
        <ele>202.48</ele>
      </trkpt>
      <trkpt lat="45.285533" lon="-72.67162">
        <ele>206.97</ele>
      </trkpt>
      <trkpt lat="45.286031" lon="-72.671192">
        <ele>209.99</ele>
      </trkpt>
      <trkpt lat="45.286273" lon="-72.670981">
        <ele>213</ele>
      </trkpt>
      <trkpt lat="45.286364" lon="-72.670901">
        <ele>213.97</ele>
      </trkpt>
      <trkpt lat="45.286943" lon="-72.670401">
        <ele>214.41</ele>
      </trkpt>
      <trkpt lat="45.287018" lon="-72.670336">
        <ele>213.35</ele>
      </trkpt>
      <trkpt lat="45.287375" lon="-72.670027">
        <ele>212.33</ele>
      </trkpt>
      <trkpt lat="45.287763" lon="-72.669692">
        <ele>211.84</ele>
      </trkpt>
      <trkpt lat="45.288041" lon="-72.669451">
        <ele>209.96</ele>
      </trkpt>
      <trkpt lat="45.288508" lon="-72.669047">
        <ele>208.33</ele>
      </trkpt>
      <trkpt lat="45.289253" lon="-72.668403">
        <ele>206.09</ele>
      </trkpt>
      <trkpt lat="45.289266" lon="-72.668392">
        <ele>203.92</ele>
      </trkpt>
      <trkpt lat="45.289917" lon="-72.667768">
        <ele>201.12</ele>
      </trkpt>
      <trkpt lat="45.290449" lon="-72.667259">
        <ele>199.93</ele>
      </trkpt>
      <trkpt lat="45.290582" lon="-72.667132">
        <ele>198.74</ele>
      </trkpt>
      <trkpt lat="45.291247" lon="-72.666496">
        <ele>198.22</ele>
      </trkpt>
      <trkpt lat="45.291796" lon="-72.66597">
        <ele>198.36</ele>
      </trkpt>
      <trkpt lat="45.291898" lon="-72.665861">
        <ele>198.4</ele>
      </trkpt>
      <trkpt lat="45.291908" lon="-72.665852">
        <ele>198.6</ele>
      </trkpt>
      <trkpt lat="45.292018" lon="-72.665753">
        <ele>199.19</ele>
      </trkpt>
      <trkpt lat="45.292031" lon="-72.665742">
        <ele>199.29</ele>
      </trkpt>
      <trkpt lat="45.292577" lon="-72.665208">
        <ele>199.71</ele>
      </trkpt>
      <trkpt lat="45.292904" lon="-72.66484">
        <ele>199.43</ele>
      </trkpt>
      <trkpt lat="45.292918" lon="-72.664824">
        <ele>199.11</ele>
      </trkpt>
      <trkpt lat="45.293214" lon="-72.664449">
        <ele>196.8</ele>
      </trkpt>
      <trkpt lat="45.293441" lon="-72.664139">
        <ele>194.24</ele>
      </trkpt>
      <trkpt lat="45.29378" lon="-72.663646">
        <ele>191.14</ele>
      </trkpt>
      <trkpt lat="45.294125" lon="-72.663145">
        <ele>188.72</ele>
      </trkpt>
      <trkpt lat="45.294236" lon="-72.662984">
        <ele>186.18</ele>
      </trkpt>
      <trkpt lat="45.294514" lon="-72.662607">
        <ele>185.28</ele>
      </trkpt>
      <trkpt lat="45.294654" lon="-72.662422">
        <ele>184.98</ele>
      </trkpt>
      <trkpt lat="45.294661" lon="-72.662413">
        <ele>184.79</ele>
      </trkpt>
      <trkpt lat="45.294837" lon="-72.662223">
        <ele>184.79</ele>
      </trkpt>
      <trkpt lat="45.295014" lon="-72.662058">
        <ele>184.95</ele>
      </trkpt>
      <trkpt lat="45.295024" lon="-72.662049">
        <ele>185.21</ele>
      </trkpt>
      <trkpt lat="45.295251" lon="-72.661883">
        <ele>185.26</ele>
      </trkpt>
      <trkpt lat="45.2955" lon="-72.66172">
        <ele>184.54</ele>
      </trkpt>
      <trkpt lat="45.295732" lon="-72.661624">
        <ele>183.8</ele>
      </trkpt>
      <trkpt lat="45.296469" lon="-72.661408">
        <ele>183.14</ele>
      </trkpt>
      <trkpt lat="45.296705" lon="-72.661339">
        <ele>181.19</ele>
      </trkpt>
      <trkpt lat="45.297211" lon="-72.661198">
        <ele>178.29</ele>
      </trkpt>
      <trkpt lat="45.297953" lon="-72.660991">
        <ele>175.54</ele>
      </trkpt>
      <trkpt lat="45.298474" lon="-72.660846">
        <ele>172.72</ele>
      </trkpt>
      <trkpt lat="45.298695" lon="-72.660786">
        <ele>169.23</ele>
      </trkpt>
      <trkpt lat="45.298745" lon="-72.660772">
        <ele>166.91</ele>
      </trkpt>
      <trkpt lat="45.299437" lon="-72.660582">
        <ele>165.69</ele>
      </trkpt>
      <trkpt lat="45.30018" lon="-72.660378">
        <ele>163.9</ele>
      </trkpt>
      <trkpt lat="45.300191" lon="-72.660375">
        <ele>161.26</ele>
      </trkpt>
      <trkpt lat="45.30095" lon="-72.660143">
        <ele>158.38</ele>
      </trkpt>
      <trkpt lat="45.301719" lon="-72.659908">
        <ele>154.46</ele>
      </trkpt>
      <trkpt lat="45.302492" lon="-72.659672">
        <ele>150.21</ele>
      </trkpt>
      <trkpt lat="45.303339" lon="-72.659431">
        <ele>146.34</ele>
      </trkpt>
      <trkpt lat="45.303661" lon="-72.659339">
        <ele>142.77</ele>
      </trkpt>
      <trkpt lat="45.304189" lon="-72.659187">
        <ele>140.59</ele>
      </trkpt>
      <trkpt lat="45.305039" lon="-72.658943">
        <ele>139.61</ele>
      </trkpt>
      <trkpt lat="45.305889" lon="-72.658698">
        <ele>139.13</ele>
      </trkpt>
      <trkpt lat="45.306745" lon="-72.658452">
        <ele>139.81</ele>
      </trkpt>
      <trkpt lat="45.30702" lon="-72.658366">
        <ele>141.48</ele>
      </trkpt>
      <trkpt lat="45.307587" lon="-72.658106">
        <ele>142.79</ele>
      </trkpt>
      <trkpt lat="45.307762" lon="-72.658026">
        <ele>144.27</ele>
      </trkpt>
      <trkpt lat="45.308162" lon="-72.657868">
        <ele>145.49</ele>
      </trkpt>
      <trkpt lat="45.308559" lon="-72.657728">
        <ele>146.13</ele>
      </trkpt>
      <trkpt lat="45.308991" lon="-72.657589">
        <ele>146.35</ele>
      </trkpt>
      <trkpt lat="45.30907" lon="-72.657655">
        <ele>146.24</ele>
      </trkpt>
      <trkpt lat="45.309135" lon="-72.657655">
        <ele>145.79</ele>
      </trkpt>
      <trkpt lat="45.309618" lon="-72.657569">
        <ele>145.53</ele>
      </trkpt>
      <trkpt lat="45.309629" lon="-72.657567">
        <ele>145.32</ele>
      </trkpt>
      <trkpt lat="45.309943" lon="-72.657535">
        <ele>144.93</ele>
      </trkpt>
      <trkpt lat="45.31065" lon="-72.657484">
        <ele>144.74</ele>
      </trkpt>
      <trkpt lat="45.31136" lon="-72.657434">
        <ele>144.46</ele>
      </trkpt>
      <trkpt lat="45.311369" lon="-72.657433">
        <ele>143.77</ele>
      </trkpt>
      <trkpt lat="45.312115" lon="-72.657379">
        <ele>142.52</ele>
      </trkpt>
      <trkpt lat="45.312249" lon="-72.657369">
        <ele>141.03</ele>
      </trkpt>
      <trkpt lat="45.31287" lon="-72.657327">
        <ele>139.03</ele>
      </trkpt>
      <trkpt lat="45.313625" lon="-72.657276">
        <ele>137.13</ele>
      </trkpt>
      <trkpt lat="45.314384" lon="-72.657224">
        <ele>135.64</ele>
      </trkpt>
      <trkpt lat="45.314417" lon="-72.657214">
        <ele>134.7</ele>
      </trkpt>
      <trkpt lat="45.314458" lon="-72.657193">
        <ele>134.28</ele>
      </trkpt>
      <trkpt lat="45.31449" lon="-72.657191">
        <ele>133.86</ele>
      </trkpt>
      <trkpt lat="45.314499" lon="-72.65719">
        <ele>133.41</ele>
      </trkpt>
      <trkpt lat="45.314627" lon="-72.657206">
        <ele>132.95</ele>
      </trkpt>
      <trkpt lat="45.314648" lon="-72.657204">
        <ele>132.47</ele>
      </trkpt>
      <trkpt lat="45.314683" lon="-72.657191">
        <ele>131.67</ele>
      </trkpt>
      <trkpt lat="45.314713" lon="-72.657186">
        <ele>131.43</ele>
      </trkpt>
      <trkpt lat="45.314874" lon="-72.657181">
        <ele>130.54</ele>
      </trkpt>
      <trkpt lat="45.315061" lon="-72.657176">
        <ele>129.33</ele>
      </trkpt>
      <trkpt lat="45.315637" lon="-72.657147">
        <ele>127.81</ele>
      </trkpt>
      <trkpt lat="45.315782" lon="-72.65714">
        <ele>126.66</ele>
      </trkpt>
      <trkpt lat="45.316334" lon="-72.657115">
        <ele>125.28</ele>
      </trkpt>
      <trkpt lat="45.316405" lon="-72.657112">
        <ele>124.65</ele>
      </trkpt>
      <trkpt lat="45.316631" lon="-72.657103">
        <ele>124.52</ele>
      </trkpt>
      <trkpt lat="45.316754" lon="-72.657095">
        <ele>125.27</ele>
      </trkpt>
      <trkpt lat="45.317172" lon="-72.657074">
        <ele>125.95</ele>
      </trkpt>
      <trkpt lat="45.31794" lon="-72.657036">
        <ele>126.81</ele>
      </trkpt>
      <trkpt lat="45.317949" lon="-72.657036">
        <ele>127.57</ele>
      </trkpt>
      <trkpt lat="45.317971" lon="-72.656949">
        <ele>128.13</ele>
      </trkpt>
      <trkpt lat="45.318137" lon="-72.656291">
        <ele>128.2</ele>
      </trkpt>
      <trkpt lat="45.318188" lon="-72.65609">
        <ele>128.28</ele>
      </trkpt>
      <trkpt lat="45.318227" lon="-72.655933">
        <ele>128.69</ele>
      </trkpt>
      <trkpt lat="45.318231" lon="-72.655916">
        <ele>129.03</ele>
      </trkpt>
      <trkpt lat="45.318495" lon="-72.654881">
        <ele>129.37</ele>
      </trkpt>
      <trkpt lat="45.318518" lon="-72.654789">
        <ele>129.7</ele>
      </trkpt>
      <trkpt lat="45.318555" lon="-72.654637">
        <ele>130.01</ele>
      </trkpt>
      <trkpt lat="45.318673" lon="-72.654169">
        <ele>129.95</ele>
      </trkpt>
      <trkpt lat="45.318747" lon="-72.653877">
        <ele>130.07</ele>
      </trkpt>
      <trkpt lat="45.318801" lon="-72.653661">
        <ele>130.62</ele>
      </trkpt>
      <trkpt lat="45.318843" lon="-72.653494">
        <ele>131.21</ele>
      </trkpt>
      <trkpt lat="45.319086" lon="-72.652533">
        <ele>131.27</ele>
      </trkpt>
      <trkpt lat="45.319151" lon="-72.652275">
        <ele>131.41</ele>
      </trkpt>
      <trkpt lat="45.319351" lon="-72.651463">
        <ele>131.5</ele>
      </trkpt>
      <trkpt lat="45.319368" lon="-72.651393">
        <ele>130.96</ele>
      </trkpt>
      <trkpt lat="45.319551" lon="-72.650678">
        <ele>130.15</ele>
      </trkpt>
      <trkpt lat="45.319738" lon="-72.649947">
        <ele>129.14</ele>
      </trkpt>
      <trkpt lat="45.319827" lon="-72.649623">
        <ele>127.47</ele>
      </trkpt>
      <trkpt lat="45.319924" lon="-72.649323">
        <ele>125.27</ele>
      </trkpt>
      <trkpt lat="45.320054" lon="-72.648994">
        <ele>123.31</ele>
      </trkpt>
      <trkpt lat="45.320262" lon="-72.648552">
        <ele>121.05</ele>
      </trkpt>
      <trkpt lat="45.320271" lon="-72.648534">
        <ele>119.47</ele>
      </trkpt>
      <trkpt lat="45.320473" lon="-72.648136">
        <ele>118.38</ele>
      </trkpt>
      <trkpt lat="45.320497" lon="-72.648091">
        <ele>117.77</ele>
      </trkpt>
      <trkpt lat="45.320703" lon="-72.647705">
        <ele>117.1</ele>
      </trkpt>
      <trkpt lat="45.320733" lon="-72.647643">
        <ele>116.94</ele>
      </trkpt>
      <trkpt lat="45.32075" lon="-72.64761">
        <ele>116.92</ele>
      </trkpt>
      <trkpt lat="45.320797" lon="-72.647521">
        <ele>117.95</ele>
      </trkpt>
      <trkpt lat="45.320937" lon="-72.647257">
        <ele>119.94</ele>
      </trkpt>
      <trkpt lat="45.321215" lon="-72.646745">
        <ele>122.32</ele>
      </trkpt>
      <trkpt lat="45.32127" lon="-72.646643">
        <ele>124.68</ele>
      </trkpt>
      <trkpt lat="45.321674" lon="-72.645823">
        <ele>126.86</ele>
      </trkpt>
      <trkpt lat="45.321682" lon="-72.645808">
        <ele>127.65</ele>
      </trkpt>
      <trkpt lat="45.321733" lon="-72.645711">
        <ele>127.68</ele>
      </trkpt>
      <trkpt lat="45.321842" lon="-72.645503">
        <ele>126.9</ele>
      </trkpt>
      <trkpt lat="45.321992" lon="-72.645199">
        <ele>126.15</ele>
      </trkpt>
      <trkpt lat="45.322131" lon="-72.644869">
        <ele>125.25</ele>
      </trkpt>
      <trkpt lat="45.32227" lon="-72.644506">
        <ele>125.55</ele>
      </trkpt>
      <trkpt lat="45.322357" lon="-72.644243">
        <ele>126.68</ele>
      </trkpt>
      <trkpt lat="45.322635" lon="-72.643212">
        <ele>127.59</ele>
      </trkpt>
      <trkpt lat="45.322808" lon="-72.642466">
        <ele>129.35</ele>
      </trkpt>
      <trkpt lat="45.322875" lon="-72.642178">
        <ele>131.34</ele>
      </trkpt>
      <trkpt lat="45.323023" lon="-72.641544">
        <ele>132.55</ele>
      </trkpt>
      <trkpt lat="45.323065" lon="-72.641359">
        <ele>132.66</ele>
      </trkpt>
      <trkpt lat="45.323084" lon="-72.641274">
        <ele>133.93</ele>
      </trkpt>
      <trkpt lat="45.323116" lon="-72.641136">
        <ele>134.81</ele>
      </trkpt>
      <trkpt lat="45.323357" lon="-72.640086">
        <ele>135.71</ele>
      </trkpt>
      <trkpt lat="45.32358" lon="-72.639164">
        <ele>137.72</ele>
      </trkpt>
      <trkpt lat="45.323803" lon="-72.638237">
        <ele>139.82</ele>
      </trkpt>
      <trkpt lat="45.324028" lon="-72.637308">
        <ele>141.77</ele>
      </trkpt>
      <trkpt lat="45.324123" lon="-72.636913">
        <ele>143.22</ele>
      </trkpt>
      <trkpt lat="45.324252" lon="-72.636379">
        <ele>144.75</ele>
      </trkpt>
      <trkpt lat="45.324402" lon="-72.635706">
        <ele>145.23</ele>
      </trkpt>
      <trkpt lat="45.324551" lon="-72.635031">
        <ele>145.91</ele>
      </trkpt>
      <trkpt lat="45.324557" lon="-72.635006">
        <ele>147.15</ele>
      </trkpt>
      <trkpt lat="45.324765" lon="-72.634135">
        <ele>148.19</ele>
      </trkpt>
      <trkpt lat="45.324981" lon="-72.633232">
        <ele>148.96</ele>
      </trkpt>
      <trkpt lat="45.325067" lon="-72.632952">
        <ele>149.75</ele>
      </trkpt>
      <trkpt lat="45.325139" lon="-72.632749">
        <ele>150.55</ele>
      </trkpt>
      <trkpt lat="45.325149" lon="-72.632721">
        <ele>150.66</ele>
      </trkpt>
      <trkpt lat="45.325236" lon="-72.632528">
        <ele>151.11</ele>
      </trkpt>
      <trkpt lat="45.325319" lon="-72.632371">
        <ele>151.33</ele>
      </trkpt>
      <trkpt lat="45.325362" lon="-72.632288">
        <ele>151.74</ele>
      </trkpt>
      <trkpt lat="45.325292" lon="-72.632211">
        <ele>152.1</ele>
      </trkpt>
      <trkpt lat="45.325208" lon="-72.632136">
        <ele>152.44</ele>
      </trkpt>
      <trkpt lat="45.325071" lon="-72.632089">
        <ele>153.23</ele>
      </trkpt>
      <trkpt lat="45.32498" lon="-72.632076">
        <ele>155.2</ele>
      </trkpt>
      <trkpt lat="45.324772" lon="-72.632095">
        <ele>157.07</ele>
      </trkpt>
      <trkpt lat="45.324517" lon="-72.632139">
        <ele>160.44</ele>
      </trkpt>
      <trkpt lat="45.32425" lon="-72.632188">
        <ele>161.54</ele>
      </trkpt>
      <trkpt lat="45.324072" lon="-72.63219">
        <ele>162.66</ele>
      </trkpt>
      <trkpt lat="45.323951" lon="-72.632164">
        <ele>160.74</ele>
      </trkpt>
      <trkpt lat="45.323842" lon="-72.632116">
        <ele>158.22</ele>
      </trkpt>
      <trkpt lat="45.323037" lon="-72.631568">
        <ele>153.89</ele>
      </trkpt>
      <trkpt lat="45.322625" lon="-72.631287">
        <ele>151.38</ele>
      </trkpt>
      <trkpt lat="45.322233" lon="-72.63102">
        <ele>148.13</ele>
      </trkpt>
      <trkpt lat="45.321952" lon="-72.630828">
        <ele>147.03</ele>
      </trkpt>
      <trkpt lat="45.321435" lon="-72.630457">
        <ele>146.06</ele>
      </trkpt>
      <trkpt lat="45.320695" lon="-72.629916">
        <ele>144.8</ele>
      </trkpt>
      <trkpt lat="45.319956" lon="-72.629377">
        <ele>143.69</ele>
      </trkpt>
      <trkpt lat="45.319194" lon="-72.628768">
        <ele>142.95</ele>
      </trkpt>
      <trkpt lat="45.318519" lon="-72.628229">
        <ele>142.18</ele>
      </trkpt>
      <trkpt lat="45.318433" lon="-72.62816">
        <ele>141.34</ele>
      </trkpt>
      <trkpt lat="45.317672" lon="-72.627548">
        <ele>140.33</ele>
      </trkpt>
      <trkpt lat="45.316912" lon="-72.626937">
        <ele>139.17</ele>
      </trkpt>
      <trkpt lat="45.316152" lon="-72.626326">
        <ele>138.06</ele>
      </trkpt>
      <trkpt lat="45.315392" lon="-72.625715">
        <ele>137.4</ele>
      </trkpt>
      <trkpt lat="45.314807" lon="-72.625247">
        <ele>137.29</ele>
      </trkpt>
      <trkpt lat="45.314602" lon="-72.625115">
        <ele>137.74</ele>
      </trkpt>
      <trkpt lat="45.31449" lon="-72.625053">
        <ele>138.85</ele>
      </trkpt>
      <trkpt lat="45.314355" lon="-72.625">
        <ele>139.67</ele>
      </trkpt>
      <trkpt lat="45.314211" lon="-72.624957">
        <ele>139.91</ele>
      </trkpt>
      <trkpt lat="45.314085" lon="-72.624882">
        <ele>140.43</ele>
      </trkpt>
      <trkpt lat="45.314003" lon="-72.624784">
        <ele>141.04</ele>
      </trkpt>
      <trkpt lat="45.313949" lon="-72.624707">
        <ele>141.27</ele>
      </trkpt>
      <trkpt lat="45.313875" lon="-72.624533">
        <ele>140.67</ele>
      </trkpt>
      <trkpt lat="45.313824" lon="-72.624379">
        <ele>140.17</ele>
      </trkpt>
      <trkpt lat="45.313605" lon="-72.623454">
        <ele>139.35</ele>
      </trkpt>
      <trkpt lat="45.313464" lon="-72.62286">
        <ele>138.51</ele>
      </trkpt>
      <trkpt lat="45.313375" lon="-72.622537">
        <ele>137.35</ele>
      </trkpt>
      <trkpt lat="45.31337" lon="-72.62252">
        <ele>137.83</ele>
      </trkpt>
      <trkpt lat="45.313273" lon="-72.622205">
        <ele>137.72</ele>
      </trkpt>
      <trkpt lat="45.313157" lon="-72.621862">
        <ele>137.51</ele>
      </trkpt>
      <trkpt lat="45.313023" lon="-72.621545">
        <ele>137.48</ele>
      </trkpt>
      <trkpt lat="45.312861" lon="-72.621118">
        <ele>137.72</ele>
      </trkpt>
      <trkpt lat="45.312766" lon="-72.620836">
        <ele>137.42</ele>
      </trkpt>
      <trkpt lat="45.312762" lon="-72.620824">
        <ele>137.88</ele>
      </trkpt>
      <trkpt lat="45.312623" lon="-72.620283">
        <ele>138.84</ele>
      </trkpt>
      <trkpt lat="45.312618" lon="-72.620265">
        <ele>139.78</ele>
      </trkpt>
      <trkpt lat="45.312481" lon="-72.619645">
        <ele>140.43</ele>
      </trkpt>
      <trkpt lat="45.312461" lon="-72.619536">
        <ele>141.17</ele>
      </trkpt>
      <trkpt lat="45.312391" lon="-72.619159">
        <ele>142.24</ele>
      </trkpt>
      <trkpt lat="45.312322" lon="-72.618771">
        <ele>142.79</ele>
      </trkpt>
      <trkpt lat="45.312271" lon="-72.618263">
        <ele>142.87</ele>
      </trkpt>
      <trkpt lat="45.312243" lon="-72.617841">
        <ele>143.25</ele>
      </trkpt>
      <trkpt lat="45.312238" lon="-72.617757">
        <ele>143.76</ele>
      </trkpt>
      <trkpt lat="45.312231" lon="-72.617645">
        <ele>143.86</ele>
      </trkpt>
      <trkpt lat="45.312251" lon="-72.616486">
        <ele>144.08</ele>
      </trkpt>
      <trkpt lat="45.312261" lon="-72.615941">
        <ele>146.99</ele>
      </trkpt>
      <trkpt lat="45.312277" lon="-72.615323">
        <ele>149.98</ele>
      </trkpt>
      <trkpt lat="45.312306" lon="-72.61416">
        <ele>153.21</ele>
      </trkpt>
      <trkpt lat="45.312307" lon="-72.614134">
        <ele>156.59</ele>
      </trkpt>
      <trkpt lat="45.312299" lon="-72.613939">
        <ele>158.86</ele>
      </trkpt>
      <trkpt lat="45.312298" lon="-72.613919">
        <ele>159.54</ele>
      </trkpt>
      <trkpt lat="45.312248" lon="-72.613497">
        <ele>160.18</ele>
      </trkpt>
      <trkpt lat="45.312198" lon="-72.613227">
        <ele>157.97</ele>
      </trkpt>
      <trkpt lat="45.312193" lon="-72.613203">
        <ele>155.51</ele>
      </trkpt>
      <trkpt lat="45.3121" lon="-72.612857">
        <ele>154.07</ele>
      </trkpt>
      <trkpt lat="45.311809" lon="-72.612118">
        <ele>151.39</ele>
      </trkpt>
      <trkpt lat="45.311726" lon="-72.611926">
        <ele>148.75</ele>
      </trkpt>
      <trkpt lat="45.311447" lon="-72.611283">
        <ele>148.15</ele>
      </trkpt>
      <trkpt lat="45.311367" lon="-72.611119">
        <ele>148.6</ele>
      </trkpt>
      <trkpt lat="45.311265" lon="-72.61098">
        <ele>147.72</ele>
      </trkpt>
      <trkpt lat="45.311069" lon="-72.610776">
        <ele>147.36</ele>
      </trkpt>
      <trkpt lat="45.310692" lon="-72.610497">
        <ele>147.28</ele>
      </trkpt>
      <trkpt lat="45.310555" lon="-72.610389">
        <ele>147.16</ele>
      </trkpt>
      <trkpt lat="45.310404" lon="-72.610271">
        <ele>146.43</ele>
      </trkpt>
      <trkpt lat="45.310266" lon="-72.610149">
        <ele>147.13</ele>
      </trkpt>
      <trkpt lat="45.310129" lon="-72.610013">
        <ele>147.92</ele>
      </trkpt>
      <trkpt lat="45.310035" lon="-72.609899">
        <ele>148.65</ele>
      </trkpt>
      <trkpt lat="45.309948" lon="-72.609775">
        <ele>149.25</ele>
      </trkpt>
      <trkpt lat="45.309869" lon="-72.609641">
        <ele>149.44</ele>
      </trkpt>
      <trkpt lat="45.309798" lon="-72.609497">
        <ele>149.49</ele>
      </trkpt>
      <trkpt lat="45.309743" lon="-72.60936">
        <ele>149.17</ele>
      </trkpt>
      <trkpt lat="45.309737" lon="-72.609345">
        <ele>148.69</ele>
      </trkpt>
      <trkpt lat="45.309684" lon="-72.609186">
        <ele>148.3</ele>
      </trkpt>
      <trkpt lat="45.309642" lon="-72.609021">
        <ele>148.02</ele>
      </trkpt>
      <trkpt lat="45.309603" lon="-72.608854">
        <ele>148.29</ele>
      </trkpt>
      <trkpt lat="45.309513" lon="-72.608355">
        <ele>148.48</ele>
      </trkpt>
      <trkpt lat="45.309337" lon="-72.607291">
        <ele>148.49</ele>
      </trkpt>
      <trkpt lat="45.309176" lon="-72.606316">
        <ele>148.59</ele>
      </trkpt>
      <trkpt lat="45.30916" lon="-72.606223">
        <ele>149.16</ele>
      </trkpt>
      <trkpt lat="45.308973" lon="-72.605155">
        <ele>149.19</ele>
      </trkpt>
      <trkpt lat="45.308813" lon="-72.604244">
        <ele>149.77</ele>
      </trkpt>
      <trkpt lat="45.308803" lon="-72.60419">
        <ele>152.12</ele>
      </trkpt>
      <trkpt lat="45.308631" lon="-72.603223">
        <ele>152.18</ele>
      </trkpt>
      <trkpt lat="45.308457" lon="-72.602247">
        <ele>152.21</ele>
      </trkpt>
      <trkpt lat="45.308272" lon="-72.601151">
        <ele>152.3</ele>
      </trkpt>
      <trkpt lat="45.308106" lon="-72.600163">
        <ele>151.93</ele>
      </trkpt>
      <trkpt lat="45.308087" lon="-72.600045">
        <ele>150.05</ele>
      </trkpt>
      <trkpt lat="45.308008" lon="-72.599558">
        <ele>150.56</ele>
      </trkpt>
      <trkpt lat="45.307911" lon="-72.598937">
        <ele>151.07</ele>
      </trkpt>
      <trkpt lat="45.307907" lon="-72.598914">
        <ele>151.59</ele>
      </trkpt>
      <trkpt lat="45.307799" lon="-72.598119">
        <ele>152.38</ele>
      </trkpt>
      <trkpt lat="45.30775" lon="-72.597761">
        <ele>152.71</ele>
      </trkpt>
      <trkpt lat="45.307727" lon="-72.597607">
        <ele>153</ele>
      </trkpt>
      <trkpt lat="45.307699" lon="-72.597455">
        <ele>152.98</ele>
      </trkpt>
      <trkpt lat="45.307667" lon="-72.597305">
        <ele>152.76</ele>
      </trkpt>
      <trkpt lat="45.307616" lon="-72.597107">
        <ele>152.52</ele>
      </trkpt>
      <trkpt lat="45.307556" lon="-72.596914">
        <ele>152.8</ele>
      </trkpt>
      <trkpt lat="45.307431" lon="-72.596534">
        <ele>152.93</ele>
      </trkpt>
      <trkpt lat="45.307373" lon="-72.596337">
        <ele>152.99</ele>
      </trkpt>
      <trkpt lat="45.307334" lon="-72.596154">
        <ele>153.26</ele>
      </trkpt>
      <trkpt lat="45.307329" lon="-72.596133">
        <ele>153.55</ele>
      </trkpt>
      <trkpt lat="45.307299" lon="-72.595924">
        <ele>153.5</ele>
      </trkpt>
      <trkpt lat="45.307284" lon="-72.595711">
        <ele>153.68</ele>
      </trkpt>
      <trkpt lat="45.307284" lon="-72.595498">
        <ele>153.76</ele>
      </trkpt>
      <trkpt lat="45.307389" lon="-72.595494">
        <ele>153.62</ele>
      </trkpt>
      <trkpt lat="45.307717" lon="-72.595477">
        <ele>153.47</ele>
      </trkpt>
      <trkpt lat="45.308144" lon="-72.595459">
        <ele>153.57</ele>
      </trkpt>
      <trkpt lat="45.308325" lon="-72.595451">
        <ele>153.61</ele>
      </trkpt>
      <trkpt lat="45.308908" lon="-72.595426">
        <ele>153.74</ele>
      </trkpt>
      <trkpt lat="45.30901" lon="-72.595422">
        <ele>154.23</ele>
      </trkpt>
      <trkpt lat="45.30902" lon="-72.595422">
        <ele>154.62</ele>
      </trkpt>
      <trkpt lat="45.309542" lon="-72.595402">
        <ele>154.74</ele>
      </trkpt>
      <trkpt lat="45.30981" lon="-72.595391">
        <ele>154.93</ele>
      </trkpt>
      <trkpt lat="45.310302" lon="-72.59537">
        <ele>155.28</ele>
      </trkpt>
      <trkpt lat="45.3106" lon="-72.595354">
        <ele>155.53</ele>
      </trkpt>
      <trkpt lat="45.31139" lon="-72.595312">
        <ele>155.99</ele>
      </trkpt>
      <trkpt lat="45.312071" lon="-72.595276">
        <ele>156.63</ele>
      </trkpt>
      <trkpt lat="45.31218" lon="-72.595271">
        <ele>157.32</ele>
      </trkpt>
      <trkpt lat="45.312637" lon="-72.595252">
        <ele>158.28</ele>
      </trkpt>
      <trkpt lat="45.312895" lon="-72.595245">
        <ele>159.24</ele>
      </trkpt>
      <trkpt lat="45.313287" lon="-72.595234">
        <ele>160.03</ele>
      </trkpt>
      <trkpt lat="45.313593" lon="-72.595227">
        <ele>160.54</ele>
      </trkpt>
      <trkpt lat="45.31361" lon="-72.595226">
        <ele>160.86</ele>
      </trkpt>
      <trkpt lat="45.313958" lon="-72.595216">
        <ele>160.51</ele>
      </trkpt>
      <trkpt lat="45.314011" lon="-72.595214">
        <ele>160.19</ele>
      </trkpt>
      <trkpt lat="45.314486" lon="-72.59519">
        <ele>160.05</ele>
      </trkpt>
      <trkpt lat="45.315363" lon="-72.595146">
        <ele>160.76</ele>
      </trkpt>
      <trkpt lat="45.315631" lon="-72.595133">
        <ele>161.2</ele>
      </trkpt>
      <trkpt lat="45.315746" lon="-72.595132">
        <ele>162.24</ele>
      </trkpt>
      <trkpt lat="45.31624" lon="-72.595116">
        <ele>162.18</ele>
      </trkpt>
      <trkpt lat="45.31625" lon="-72.595116">
        <ele>161.52</ele>
      </trkpt>
      <trkpt lat="45.316604" lon="-72.595104">
        <ele>160.46</ele>
      </trkpt>
      <trkpt lat="45.317049" lon="-72.59509">
        <ele>159.72</ele>
      </trkpt>
      <trkpt lat="45.317161" lon="-72.595083">
        <ele>158.58</ele>
      </trkpt>
      <trkpt lat="45.317185" lon="-72.595082">
        <ele>158.3</ele>
      </trkpt>
      <trkpt lat="45.317217" lon="-72.595075">
        <ele>158.41</ele>
      </trkpt>
      <trkpt lat="45.317266" lon="-72.595061">
        <ele>158.14</ele>
      </trkpt>
      <trkpt lat="45.317307" lon="-72.595047">
        <ele>158.53</ele>
      </trkpt>
      <trkpt lat="45.317352" lon="-72.595026">
        <ele>158.88</ele>
      </trkpt>
      <trkpt lat="45.317403" lon="-72.594996">
        <ele>159.19</ele>
      </trkpt>
      <trkpt lat="45.31745" lon="-72.594964">
        <ele>159.46</ele>
      </trkpt>
      <trkpt lat="45.317493" lon="-72.594928">
        <ele>159.68</ele>
      </trkpt>
      <trkpt lat="45.31754" lon="-72.594879">
        <ele>159.91</ele>
      </trkpt>
      <trkpt lat="45.31759" lon="-72.594823">
        <ele>160.14</ele>
      </trkpt>
      <trkpt lat="45.31764" lon="-72.594761">
        <ele>160.82</ele>
      </trkpt>
      <trkpt lat="45.317696" lon="-72.594684">
        <ele>161.59</ele>
      </trkpt>
      <trkpt lat="45.317759" lon="-72.594586">
        <ele>162.35</ele>
      </trkpt>
      <trkpt lat="45.317769" lon="-72.594571">
        <ele>162.58</ele>
      </trkpt>
      <trkpt lat="45.317852" lon="-72.594445">
        <ele>163.11</ele>
      </trkpt>
      <trkpt lat="45.318064" lon="-72.594103">
        <ele>163.27</ele>
      </trkpt>
      <trkpt lat="45.318111" lon="-72.594028">
        <ele>163.38</ele>
      </trkpt>
      <trkpt lat="45.318384" lon="-72.593594">
        <ele>163.56</ele>
      </trkpt>
      <trkpt lat="45.318439" lon="-72.593511">
        <ele>164.76</ele>
      </trkpt>
      <trkpt lat="45.318467" lon="-72.593475">
        <ele>165.54</ele>
      </trkpt>
      <trkpt lat="45.318489" lon="-72.593446">
        <ele>166.19</ele>
      </trkpt>
      <trkpt lat="45.318543" lon="-72.593384">
        <ele>166.77</ele>
      </trkpt>
      <trkpt lat="45.318593" lon="-72.593334">
        <ele>167.25</ele>
      </trkpt>
      <trkpt lat="45.318642" lon="-72.593287">
        <ele>166.94</ele>
      </trkpt>
      <trkpt lat="45.31869" lon="-72.593247">
        <ele>166.69</ele>
      </trkpt>
      <trkpt lat="45.318757" lon="-72.593195">
        <ele>166.44</ele>
      </trkpt>
      <trkpt lat="45.318821" lon="-72.593161">
        <ele>166.2</ele>
      </trkpt>
      <trkpt lat="45.318881" lon="-72.593134">
        <ele>165.9</ele>
      </trkpt>
      <trkpt lat="45.318937" lon="-72.593112">
        <ele>165.24</ele>
      </trkpt>
      <trkpt lat="45.319002" lon="-72.593088">
        <ele>165.14</ele>
      </trkpt>
      <trkpt lat="45.31902" lon="-72.593084">
        <ele>165.05</ele>
      </trkpt>
      <trkpt lat="45.319056" lon="-72.593076">
        <ele>164.93</ele>
      </trkpt>
      <trkpt lat="45.319111" lon="-72.593069">
        <ele>164.81</ele>
      </trkpt>
      <trkpt lat="45.319171" lon="-72.593066">
        <ele>165.39</ele>
      </trkpt>
      <trkpt lat="45.319237" lon="-72.593066">
        <ele>165.4</ele>
      </trkpt>
      <trkpt lat="45.319325" lon="-72.593072">
        <ele>165.7</ele>
      </trkpt>
      <trkpt lat="45.319376" lon="-72.593075">
        <ele>166.4</ele>
      </trkpt>
      <trkpt lat="45.319991" lon="-72.593112">
        <ele>167.54</ele>
      </trkpt>
      <trkpt lat="45.320753" lon="-72.593158">
        <ele>168.56</ele>
      </trkpt>
      <trkpt lat="45.321515" lon="-72.593205">
        <ele>170.08</ele>
      </trkpt>
      <trkpt lat="45.322276" lon="-72.593251">
        <ele>171.55</ele>
      </trkpt>
      <trkpt lat="45.323038" lon="-72.593297">
        <ele>172.94</ele>
      </trkpt>
      <trkpt lat="45.323371" lon="-72.593317">
        <ele>174.1</ele>
      </trkpt>
      <trkpt lat="45.323688" lon="-72.593336">
        <ele>174.75</ele>
      </trkpt>
      <trkpt lat="45.323796" lon="-72.593341">
        <ele>175.06</ele>
      </trkpt>
      <trkpt lat="45.323802" lon="-72.593407">
        <ele>175.27</ele>
      </trkpt>
      <trkpt lat="45.323808" lon="-72.59347">
        <ele>175.34</ele>
      </trkpt>
      <trkpt lat="45.323812" lon="-72.593506">
        <ele>175.41</ele>
      </trkpt>
      <trkpt lat="45.323823" lon="-72.593616">
        <ele>175.47</ele>
      </trkpt>
      <trkpt lat="45.323855" lon="-72.593861">
        <ele>175.36</ele>
      </trkpt>
      <trkpt lat="45.323875" lon="-72.594009">
        <ele>175.29</ele>
      </trkpt>
      <trkpt lat="45.323893" lon="-72.59413">
        <ele>175.31</ele>
      </trkpt>
      <trkpt lat="45.323916" lon="-72.594289">
        <ele>175.35</ele>
      </trkpt>
      <trkpt lat="45.323969" lon="-72.594556">
        <ele>175.28</ele>
      </trkpt>
      <trkpt lat="45.324039" lon="-72.594909">
        <ele>174.95</ele>
      </trkpt>
      <trkpt lat="45.32411" lon="-72.595187">
        <ele>174.79</ele>
      </trkpt>
      <trkpt lat="45.324184" lon="-72.595446">
        <ele>173.86</ele>
      </trkpt>
      <trkpt lat="45.32436" lon="-72.596025">
        <ele>172.5</ele>
      </trkpt>
      <trkpt lat="45.324718" lon="-72.597071">
        <ele>171.99</ele>
      </trkpt>
      <trkpt lat="45.325076" lon="-72.598119">
        <ele>171.1</ele>
      </trkpt>
      <trkpt lat="45.325435" lon="-72.599167">
        <ele>169.73</ele>
      </trkpt>
      <trkpt lat="45.325794" lon="-72.600217">
        <ele>168.74</ele>
      </trkpt>
      <trkpt lat="45.326154" lon="-72.601268">
        <ele>168.34</ele>
      </trkpt>
      <trkpt lat="45.326513" lon="-72.602318">
        <ele>166.83</ele>
      </trkpt>
      <trkpt lat="45.326873" lon="-72.603369">
        <ele>165.56</ele>
      </trkpt>
      <trkpt lat="45.327232" lon="-72.60442">
        <ele>164.3</ele>
      </trkpt>
      <trkpt lat="45.327592" lon="-72.605471">
        <ele>163.29</ele>
      </trkpt>
      <trkpt lat="45.327732" lon="-72.605841">
        <ele>162.09</ele>
      </trkpt>
      <trkpt lat="45.328011" lon="-72.606578">
        <ele>160.2</ele>
      </trkpt>
      <trkpt lat="45.328018" lon="-72.606591">
        <ele>159.26</ele>
      </trkpt>
      <trkpt lat="45.328449" lon="-72.607393">
        <ele>158.48</ele>
      </trkpt>
      <trkpt lat="45.328917" lon="-72.60808">
        <ele>157.9</ele>
      </trkpt>
      <trkpt lat="45.328979" lon="-72.608168">
        <ele>157.71</ele>
      </trkpt>
      <trkpt lat="45.329519" lon="-72.608928">
        <ele>157.75</ele>
      </trkpt>
      <trkpt lat="45.32996" lon="-72.60955">
        <ele>157.34</ele>
      </trkpt>
      <trkpt lat="45.330048" lon="-72.609704">
        <ele>157.75</ele>
      </trkpt>
      <trkpt lat="45.330133" lon="-72.609815">
        <ele>157.7</ele>
      </trkpt>
      <trkpt lat="45.330308" lon="-72.610081">
        <ele>157.64</ele>
      </trkpt>
      <trkpt lat="45.330639" lon="-72.610662">
        <ele>157.68</ele>
      </trkpt>
      <trkpt lat="45.330983" lon="-72.611406">
        <ele>157.3</ele>
      </trkpt>
      <trkpt lat="45.330989" lon="-72.611423">
        <ele>156.18</ele>
      </trkpt>
      <trkpt lat="45.331285" lon="-72.612264">
        <ele>154.62</ele>
      </trkpt>
      <trkpt lat="45.33129" lon="-72.612285">
        <ele>153.47</ele>
      </trkpt>
      <trkpt lat="45.331496" lon="-72.613188">
        <ele>153.94</ele>
      </trkpt>
      <trkpt lat="45.331677" lon="-72.614405">
        <ele>154.57</ele>
      </trkpt>
      <trkpt lat="45.331858" lon="-72.615623">
        <ele>154.49</ele>
      </trkpt>
      <trkpt lat="45.332039" lon="-72.616841">
        <ele>155.75</ele>
      </trkpt>
      <trkpt lat="45.33222" lon="-72.61806">
        <ele>156.19</ele>
      </trkpt>
      <trkpt lat="45.332462" lon="-72.619195">
        <ele>154.88</ele>
      </trkpt>
      <trkpt lat="45.332468" lon="-72.619215">
        <ele>153.9</ele>
      </trkpt>
      <trkpt lat="45.332808" lon="-72.620311">
        <ele>153.56</ele>
      </trkpt>
      <trkpt lat="45.332815" lon="-72.620327">
        <ele>152.61</ele>
      </trkpt>
      <trkpt lat="45.333079" lon="-72.620926">
        <ele>151.32</ele>
      </trkpt>
      <trkpt lat="45.333085" lon="-72.620939">
        <ele>150.83</ele>
      </trkpt>
      <trkpt lat="45.333276" lon="-72.621372">
        <ele>150.22</ele>
      </trkpt>
      <trkpt lat="45.333347" lon="-72.621526">
        <ele>150.17</ele>
      </trkpt>
      <trkpt lat="45.333421" lon="-72.621395">
        <ele>150.25</ele>
      </trkpt>
      <trkpt lat="45.33364" lon="-72.621013">
        <ele>151.93</ele>
      </trkpt>
      <trkpt lat="45.333798" lon="-72.620738">
        <ele>153.67</ele>
      </trkpt>
      <trkpt lat="45.334253" lon="-72.619943">
        <ele>155.46</ele>
      </trkpt>
      <trkpt lat="45.334259" lon="-72.619932">
        <ele>157.43</ele>
      </trkpt>
      <trkpt lat="45.334517" lon="-72.619412">
        <ele>159.79</ele>
      </trkpt>
      <trkpt lat="45.334784" lon="-72.618871">
        <ele>160.66</ele>
      </trkpt>
      <trkpt lat="45.334905" lon="-72.618562">
        <ele>162.09</ele>
      </trkpt>
      <trkpt lat="45.33496" lon="-72.618372">
        <ele>164.26</ele>
      </trkpt>
      <trkpt lat="45.335046" lon="-72.618016">
        <ele>165.73</ele>
      </trkpt>
      <trkpt lat="45.335089" lon="-72.617731">
        <ele>165.36</ele>
      </trkpt>
      <trkpt lat="45.335425" lon="-72.618821">
        <ele>164.44</ele>
      </trkpt>
      <trkpt lat="45.335761" lon="-72.619914">
        <ele>162.99</ele>
      </trkpt>
      <trkpt lat="45.336042" lon="-72.620901">
        <ele>160.86</ele>
      </trkpt>
      <trkpt lat="45.336323" lon="-72.621889">
        <ele>158.49</ele>
      </trkpt>
      <trkpt lat="45.336605" lon="-72.622878">
        <ele>157.71</ele>
      </trkpt>
      <trkpt lat="45.336886" lon="-72.623866">
        <ele>158.09</ele>
      </trkpt>
      <trkpt lat="45.337099" lon="-72.624497">
        <ele>158.44</ele>
      </trkpt>
      <trkpt lat="45.337308" lon="-72.625115">
        <ele>158.22</ele>
      </trkpt>
      <trkpt lat="45.337314" lon="-72.62513">
        <ele>158.23</ele>
      </trkpt>
      <trkpt lat="45.33765" lon="-72.626021">
        <ele>157.77</ele>
      </trkpt>
      <trkpt lat="45.337708" lon="-72.626174">
        <ele>155.94</ele>
      </trkpt>
      <trkpt lat="45.338103" lon="-72.627219">
        <ele>154.17</ele>
      </trkpt>
      <trkpt lat="45.338409" lon="-72.628029">
        <ele>153.03</ele>
      </trkpt>
      <trkpt lat="45.338491" lon="-72.628246">
        <ele>151.53</ele>
      </trkpt>
      <trkpt lat="45.338498" lon="-72.628262">
        <ele>149.47</ele>
      </trkpt>
      <trkpt lat="45.338837" lon="-72.629023">
        <ele>148.56</ele>
      </trkpt>
      <trkpt lat="45.339175" lon="-72.629784">
        <ele>147.15</ele>
      </trkpt>
      <trkpt lat="45.339514" lon="-72.630546">
        <ele>145.76</ele>
      </trkpt>
      <trkpt lat="45.339943" lon="-72.631392">
        <ele>144.89</ele>
      </trkpt>
      <trkpt lat="45.340372" lon="-72.63224">
        <ele>144.73</ele>
      </trkpt>
      <trkpt lat="45.340801" lon="-72.633087">
        <ele>144.46</ele>
      </trkpt>
      <trkpt lat="45.340943" lon="-72.633325">
        <ele>144.48</ele>
      </trkpt>
      <trkpt lat="45.341117" lon="-72.63351">
        <ele>144.42</ele>
      </trkpt>
      <trkpt lat="45.341409" lon="-72.633729">
        <ele>144.29</ele>
      </trkpt>
      <trkpt lat="45.341679" lon="-72.633903">
        <ele>144.26</ele>
      </trkpt>
      <trkpt lat="45.341823" lon="-72.63399">
        <ele>144.24</ele>
      </trkpt>
      <trkpt lat="45.341883" lon="-72.634026">
        <ele>144.59</ele>
      </trkpt>
      <trkpt lat="45.342007" lon="-72.634101">
        <ele>144.54</ele>
      </trkpt>
      <trkpt lat="45.342247" lon="-72.634244">
        <ele>144.09</ele>
      </trkpt>
      <trkpt lat="45.343043" lon="-72.634647">
        <ele>144.24</ele>
      </trkpt>
      <trkpt lat="45.34384" lon="-72.63505">
        <ele>145.08</ele>
      </trkpt>
      <trkpt lat="45.344635" lon="-72.635452">
        <ele>145.84</ele>
      </trkpt>
      <trkpt lat="45.344926" lon="-72.635554">
        <ele>146.85</ele>
      </trkpt>
      <trkpt lat="45.345174" lon="-72.635642">
        <ele>148.19</ele>
      </trkpt>
      <trkpt lat="45.345467" lon="-72.635745">
        <ele>149.68</ele>
      </trkpt>
      <trkpt lat="45.345476" lon="-72.635748">
        <ele>150.35</ele>
      </trkpt>
      <trkpt lat="45.346031" lon="-72.635944">
        <ele>151.17</ele>
      </trkpt>
      <trkpt lat="45.346774" lon="-72.636205">
        <ele>153.67</ele>
      </trkpt>
      <trkpt lat="45.34743" lon="-72.636481">
        <ele>156.99</ele>
      </trkpt>
      <trkpt lat="45.348087" lon="-72.636758">
        <ele>157.52</ele>
      </trkpt>
      <trkpt lat="45.348274" lon="-72.636837">
        <ele>160.07</ele>
      </trkpt>
      <trkpt lat="45.348742" lon="-72.637045">
        <ele>163.8</ele>
      </trkpt>
      <trkpt lat="45.349144" lon="-72.637303">
        <ele>164.29</ele>
      </trkpt>
      <trkpt lat="45.349318" lon="-72.637446">
        <ele>164.05</ele>
      </trkpt>
      <trkpt lat="45.349488" lon="-72.637642">
        <ele>165.7</ele>
      </trkpt>
      <trkpt lat="45.349582" lon="-72.637808">
        <ele>164.35</ele>
      </trkpt>
      <trkpt lat="45.349844" lon="-72.638541">
        <ele>163.14</ele>
      </trkpt>
      <trkpt lat="45.350107" lon="-72.639276">
        <ele>162.29</ele>
      </trkpt>
      <trkpt lat="45.350525" lon="-72.640307">
        <ele>161.26</ele>
      </trkpt>
      <trkpt lat="45.350875" lon="-72.64127">
        <ele>160.33</ele>
      </trkpt>
      <trkpt lat="45.35122" lon="-72.642217">
        <ele>161.2</ele>
      </trkpt>
      <trkpt lat="45.351227" lon="-72.642234">
        <ele>159.45</ele>
      </trkpt>
      <trkpt lat="45.351609" lon="-72.643146">
        <ele>159.04</ele>
      </trkpt>
      <trkpt lat="45.351909" lon="-72.643901">
        <ele>158.71</ele>
      </trkpt>
      <trkpt lat="45.352211" lon="-72.644659">
        <ele>158.49</ele>
      </trkpt>
      <trkpt lat="45.352273" lon="-72.644816">
        <ele>157.07</ele>
      </trkpt>
      <trkpt lat="45.35252" lon="-72.645418">
        <ele>156.72</ele>
      </trkpt>
      <trkpt lat="45.352934" lon="-72.64627">
        <ele>156.4</ele>
      </trkpt>
      <trkpt lat="45.353037" lon="-72.646482">
        <ele>157.31</ele>
      </trkpt>
      <trkpt lat="45.353336" lon="-72.647141">
        <ele>156.91</ele>
      </trkpt>
      <trkpt lat="45.353504" lon="-72.647114">
        <ele>157.68</ele>
      </trkpt>
      <trkpt lat="45.353672" lon="-72.647087">
        <ele>158.31</ele>
      </trkpt>
      <trkpt lat="45.354372" lon="-72.646894">
        <ele>158.94</ele>
      </trkpt>
      <trkpt lat="45.355151" lon="-72.646692">
        <ele>158.27</ele>
      </trkpt>
      <trkpt lat="45.355492" lon="-72.646676">
        <ele>160.75</ele>
      </trkpt>
      <trkpt lat="45.355885" lon="-72.6467">
        <ele>161.76</ele>
      </trkpt>
      <trkpt lat="45.356365" lon="-72.64674">
        <ele>163.6</ele>
      </trkpt>
      <trkpt lat="45.356852" lon="-72.646781">
        <ele>166.07</ele>
      </trkpt>
      <trkpt lat="45.357507" lon="-72.646806">
        <ele>171.27</ele>
      </trkpt>
      <trkpt lat="45.358188" lon="-72.646761">
        <ele>174.22</ele>
      </trkpt>
      <trkpt lat="45.358864" lon="-72.646768">
        <ele>178.26</ele>
      </trkpt>
      <trkpt lat="45.35891" lon="-72.646771">
        <ele>182.95</ele>
      </trkpt>
      <trkpt lat="45.359275" lon="-72.646799">
        <ele>187.47</ele>
      </trkpt>
      <trkpt lat="45.359735" lon="-72.646923">
        <ele>191.94</ele>
      </trkpt>
      <trkpt lat="45.360022" lon="-72.647008">
        <ele>194.61</ele>
      </trkpt>
      <trkpt lat="45.360773" lon="-72.647231">
        <ele>197.48</ele>
      </trkpt>
      <trkpt lat="45.361403" lon="-72.647343">
        <ele>199.79</ele>
      </trkpt>
      <trkpt lat="45.36216" lon="-72.647434">
        <ele>199.95</ele>
      </trkpt>
      <trkpt lat="45.36292" lon="-72.647525">
        <ele>198.3</ele>
      </trkpt>
      <trkpt lat="45.363192" lon="-72.647558">
        <ele>200.3</ele>
      </trkpt>
      <trkpt lat="45.363684" lon="-72.647612">
        <ele>200.94</ele>
      </trkpt>
      <trkpt lat="45.36403" lon="-72.64761">
        <ele>200.96</ele>
      </trkpt>
      <trkpt lat="45.364371" lon="-72.647523">
        <ele>202.12</ele>
      </trkpt>
      <trkpt lat="45.364626" lon="-72.64743">
        <ele>201.95</ele>
      </trkpt>
      <trkpt lat="45.365034" lon="-72.64724">
        <ele>199.84</ele>
      </trkpt>
      <trkpt lat="45.365562" lon="-72.646983">
        <ele>198.86</ele>
      </trkpt>
      <trkpt lat="45.365863" lon="-72.646833">
        <ele>198.24</ele>
      </trkpt>
      <trkpt lat="45.366694" lon="-72.646418">
        <ele>196.35</ele>
      </trkpt>
      <trkpt lat="45.367525" lon="-72.646004">
        <ele>194.91</ele>
      </trkpt>
      <trkpt lat="45.368355" lon="-72.64559">
        <ele>193.76</ele>
      </trkpt>
      <trkpt lat="45.369186" lon="-72.645175">
        <ele>193.86</ele>
      </trkpt>
      <trkpt lat="45.369197" lon="-72.64517">
        <ele>192.8</ele>
      </trkpt>
      <trkpt lat="45.369479" lon="-72.644983">
        <ele>193.46</ele>
      </trkpt>
      <trkpt lat="45.369713" lon="-72.644811">
        <ele>193.21</ele>
      </trkpt>
      <trkpt lat="45.369725" lon="-72.644802">
        <ele>192.99</ele>
      </trkpt>
      <trkpt lat="45.370036" lon="-72.64455">
        <ele>190.72</ele>
      </trkpt>
      <trkpt lat="45.370048" lon="-72.64454">
        <ele>189.26</ele>
      </trkpt>
      <trkpt lat="45.370411" lon="-72.644192">
        <ele>187.81</ele>
      </trkpt>
      <trkpt lat="45.37042" lon="-72.644183">
        <ele>188.03</ele>
      </trkpt>
      <trkpt lat="45.370961" lon="-72.64361">
        <ele>187.47</ele>
      </trkpt>
      <trkpt lat="45.371359" lon="-72.643188">
        <ele>187.14</ele>
      </trkpt>
      <trkpt lat="45.371512" lon="-72.643029">
        <ele>187.72</ele>
      </trkpt>
      <trkpt lat="45.372073" lon="-72.642448">
        <ele>188.25</ele>
      </trkpt>
      <trkpt lat="45.372743" lon="-72.641782">
        <ele>188.16</ele>
      </trkpt>
      <trkpt lat="45.373418" lon="-72.641111">
        <ele>187.62</ele>
      </trkpt>
      <trkpt lat="45.374094" lon="-72.64044">
        <ele>187.35</ele>
      </trkpt>
      <trkpt lat="45.374769" lon="-72.639769">
        <ele>187.16</ele>
      </trkpt>
      <trkpt lat="45.374778" lon="-72.63976">
        <ele>186.84</ele>
      </trkpt>
      <trkpt lat="45.375441" lon="-72.639062">
        <ele>187.04</ele>
      </trkpt>
      <trkpt lat="45.376119" lon="-72.638348">
        <ele>187.4</ele>
      </trkpt>
      <trkpt lat="45.376617" lon="-72.637909">
        <ele>186.9</ele>
      </trkpt>
      <trkpt lat="45.377125" lon="-72.63746">
        <ele>185.14</ele>
      </trkpt>
      <trkpt lat="45.377874" lon="-72.636845">
        <ele>182.42</ele>
      </trkpt>
      <trkpt lat="45.377886" lon="-72.636835">
        <ele>178.45</ele>
      </trkpt>
      <trkpt lat="45.378608" lon="-72.636325">
        <ele>176.11</ele>
      </trkpt>
      <trkpt lat="45.379343" lon="-72.635805">
        <ele>174.09</ele>
      </trkpt>
      <trkpt lat="45.380077" lon="-72.635286">
        <ele>171.64</ele>
      </trkpt>
      <trkpt lat="45.380566" lon="-72.634941">
        <ele>169.29</ele>
      </trkpt>
      <trkpt lat="45.380814" lon="-72.634755">
        <ele>167.43</ele>
      </trkpt>
      <trkpt lat="45.381092" lon="-72.634527">
        <ele>164.95</ele>
      </trkpt>
      <trkpt lat="45.381376" lon="-72.634291">
        <ele>163.04</ele>
      </trkpt>
      <trkpt lat="45.381475" lon="-72.634203">
        <ele>161.59</ele>
      </trkpt>
      <trkpt lat="45.38161" lon="-72.633999">
        <ele>161.26</ele>
      </trkpt>
      <trkpt lat="45.381617" lon="-72.633988">
        <ele>160.91</ele>
      </trkpt>
      <trkpt lat="45.381803" lon="-72.633765">
        <ele>160.26</ele>
      </trkpt>
      <trkpt lat="45.381952" lon="-72.633652">
        <ele>159.56</ele>
      </trkpt>
      <trkpt lat="45.382085" lon="-72.633605">
        <ele>158.48</ele>
      </trkpt>
      <trkpt lat="45.382204" lon="-72.633588">
        <ele>157.33</ele>
      </trkpt>
      <trkpt lat="45.382366" lon="-72.633578">
        <ele>156.46</ele>
      </trkpt>
      <trkpt lat="45.382676" lon="-72.633619">
        <ele>156.24</ele>
      </trkpt>
      <trkpt lat="45.383358" lon="-72.633746">
        <ele>156.4</ele>
      </trkpt>
      <trkpt lat="45.384044" lon="-72.633873">
        <ele>157.72</ele>
      </trkpt>
      <trkpt lat="45.384735" lon="-72.634001">
        <ele>159.24</ele>
      </trkpt>
      <trkpt lat="45.385374" lon="-72.63412">
        <ele>161.48</ele>
      </trkpt>
      <trkpt lat="45.386018" lon="-72.634239">
        <ele>164.26</ele>
      </trkpt>
      <trkpt lat="45.386662" lon="-72.634359">
        <ele>166.47</ele>
      </trkpt>
      <trkpt lat="45.38721" lon="-72.634461">
        <ele>168.78</ele>
      </trkpt>
      <trkpt lat="45.387963" lon="-72.634627">
        <ele>172.97</ele>
      </trkpt>
      <trkpt lat="45.388722" lon="-72.634795">
        <ele>176.86</ele>
      </trkpt>
      <trkpt lat="45.389481" lon="-72.634962">
        <ele>180.82</ele>
      </trkpt>
      <trkpt lat="45.390241" lon="-72.63513">
        <ele>184.99</ele>
      </trkpt>
      <trkpt lat="45.391" lon="-72.635297">
        <ele>187.78</ele>
      </trkpt>
      <trkpt lat="45.391009" lon="-72.635299">
        <ele>188.41</ele>
      </trkpt>
      <trkpt lat="45.391625" lon="-72.635366">
        <ele>187.63</ele>
      </trkpt>
      <trkpt lat="45.391997" lon="-72.635383">
        <ele>186.03</ele>
      </trkpt>
      <trkpt lat="45.392575" lon="-72.635363">
        <ele>184.36</ele>
      </trkpt>
      <trkpt lat="45.392585" lon="-72.635363">
        <ele>180.95</ele>
      </trkpt>
      <trkpt lat="45.39318" lon="-72.63536">
        <ele>177.52</ele>
      </trkpt>
      <trkpt lat="45.393795" lon="-72.635358">
        <ele>173.85</ele>
      </trkpt>
      <trkpt lat="45.394416" lon="-72.635355">
        <ele>170.6</ele>
      </trkpt>
      <trkpt lat="45.395147" lon="-72.635325">
        <ele>167.48</ele>
      </trkpt>
      <trkpt lat="45.395569" lon="-72.635278">
        <ele>166.3</ele>
      </trkpt>
      <trkpt lat="45.395578" lon="-72.635277">
        <ele>163.19</ele>
      </trkpt>
      <trkpt lat="45.395898" lon="-72.635205">
        <ele>160.65</ele>
      </trkpt>
      <trkpt lat="45.3961" lon="-72.635153">
        <ele>158</ele>
      </trkpt>
      <trkpt lat="45.396264" lon="-72.635103">
        <ele>153.77</ele>
      </trkpt>
      <trkpt lat="45.396442" lon="-72.635015">
        <ele>148.85</ele>
      </trkpt>
      <trkpt lat="45.396853" lon="-72.634759">
        <ele>146.03</ele>
      </trkpt>
      <trkpt lat="45.39727" lon="-72.6345">
        <ele>144.24</ele>
      </trkpt>
      <trkpt lat="45.397279" lon="-72.634494">
        <ele>142.07</ele>
      </trkpt>
      <trkpt lat="45.397388" lon="-72.63444">
        <ele>141.18</ele>
      </trkpt>
      <trkpt lat="45.397422" lon="-72.634423">
        <ele>141.8</ele>
      </trkpt>
      <trkpt lat="45.397543" lon="-72.634372">
        <ele>142.14</ele>
      </trkpt>
      <trkpt lat="45.397715" lon="-72.634319">
        <ele>142.6</ele>
      </trkpt>
      <trkpt lat="45.397895" lon="-72.634278">
        <ele>142.6</ele>
      </trkpt>
      <trkpt lat="45.39803" lon="-72.634258">
        <ele>143.06</ele>
      </trkpt>
      <trkpt lat="45.397895" lon="-72.634278">
        <ele>143.06</ele>
      </trkpt>
      <trkpt lat="45.397739" lon="-72.634314">
        <ele>143.06</ele>
      </trkpt>
      <trkpt lat="45.397715" lon="-72.634319">
        <ele>143.06</ele>
      </trkpt>
      <trkpt lat="45.397895" lon="-72.634278">
        <ele>143.31</ele>
      </trkpt>
      <trkpt lat="45.398038" lon="-72.634257">
        <ele>143.3</ele>
      </trkpt>
      <trkpt lat="45.397912" lon="-72.633221">
        <ele>143.49</ele>
      </trkpt>
      <trkpt lat="45.397907" lon="-72.633182">
        <ele>143.66</ele>
      </trkpt>
      <trkpt lat="45.397785" lon="-72.632184">
        <ele>143.25</ele>
      </trkpt>
      <trkpt lat="45.397658" lon="-72.631139">
        <ele>143.84</ele>
      </trkpt>
      <trkpt lat="45.397527" lon="-72.63014">
        <ele>144.93</ele>
      </trkpt>
      <trkpt lat="45.397394" lon="-72.629133">
        <ele>145.8</ele>
      </trkpt>
      <trkpt lat="45.397262" lon="-72.628127">
        <ele>147</ele>
      </trkpt>
      <trkpt lat="45.397258" lon="-72.6281">
        <ele>148.46</ele>
      </trkpt>
      <trkpt lat="45.397187" lon="-72.627694">
        <ele>149.19</ele>
      </trkpt>
      <trkpt lat="45.397134" lon="-72.627368">
        <ele>150.27</ele>
      </trkpt>
      <trkpt lat="45.397011" lon="-72.626603">
        <ele>151.35</ele>
      </trkpt>
      <trkpt lat="45.396834" lon="-72.625758">
        <ele>152.84</ele>
      </trkpt>
      <trkpt lat="45.396831" lon="-72.625742">
        <ele>153.99</ele>
      </trkpt>
      <trkpt lat="45.396608" lon="-72.625014">
        <ele>156.31</ele>
      </trkpt>
      <trkpt lat="45.396378" lon="-72.624266">
        <ele>157.8</ele>
      </trkpt>
      <trkpt lat="45.396107" lon="-72.623515">
        <ele>159.1</ele>
      </trkpt>
      <trkpt lat="45.396101" lon="-72.623498">
        <ele>160.27</ele>
      </trkpt>
      <trkpt lat="45.395821" lon="-72.622618">
        <ele>161.39</ele>
      </trkpt>
      <trkpt lat="45.395696" lon="-72.622225">
        <ele>160.98</ele>
      </trkpt>
      <trkpt lat="45.395535" lon="-72.621721">
        <ele>161.27</ele>
      </trkpt>
      <trkpt lat="45.395249" lon="-72.620824">
        <ele>161.05</ele>
      </trkpt>
      <trkpt lat="45.394963" lon="-72.619928">
        <ele>160.51</ele>
      </trkpt>
      <trkpt lat="45.394731" lon="-72.619302">
        <ele>160.11</ele>
      </trkpt>
      <trkpt lat="45.394726" lon="-72.619289">
        <ele>160.3</ele>
      </trkpt>
      <trkpt lat="45.394585" lon="-72.619001">
        <ele>159.58</ele>
      </trkpt>
      <trkpt lat="45.394315" lon="-72.618641">
        <ele>159.75</ele>
      </trkpt>
      <trkpt lat="45.394114" lon="-72.618446">
        <ele>159.4</ele>
      </trkpt>
      <trkpt lat="45.393827" lon="-72.618087">
        <ele>159.86</ele>
      </trkpt>
      <trkpt lat="45.393717" lon="-72.617785">
        <ele>159.76</ele>
      </trkpt>
      <trkpt lat="45.393713" lon="-72.617773">
        <ele>159.79</ele>
      </trkpt>
      <trkpt lat="45.393596" lon="-72.616909">
        <ele>160.26</ele>
      </trkpt>
      <trkpt lat="45.393542" lon="-72.616099">
        <ele>161.11</ele>
      </trkpt>
      <trkpt lat="45.39353" lon="-72.615928">
        <ele>161.03</ele>
      </trkpt>
      <trkpt lat="45.393499" lon="-72.615278">
        <ele>161.71</ele>
      </trkpt>
      <trkpt lat="45.393413" lon="-72.614193">
        <ele>162.68</ele>
      </trkpt>
      <trkpt lat="45.393327" lon="-72.6131">
        <ele>163</ele>
      </trkpt>
      <trkpt lat="45.393262" lon="-72.612062">
        <ele>164.28</ele>
      </trkpt>
      <trkpt lat="45.39326" lon="-72.61203">
        <ele>165.58</ele>
      </trkpt>
      <trkpt lat="45.393196" lon="-72.611028">
        <ele>167.02</ele>
      </trkpt>
      <trkpt lat="45.393153" lon="-72.610361">
        <ele>168.67</ele>
      </trkpt>
      <trkpt lat="45.393113" lon="-72.609757">
        <ele>170.52</ele>
      </trkpt>
      <trkpt lat="45.393073" lon="-72.60915">
        <ele>171.52</ele>
      </trkpt>
      <trkpt lat="45.393024" lon="-72.608488">
        <ele>172.6</ele>
      </trkpt>
      <trkpt lat="45.393027" lon="-72.608207">
        <ele>173.06</ele>
      </trkpt>
      <trkpt lat="45.393049" lon="-72.608062">
        <ele>173.59</ele>
      </trkpt>
      <trkpt lat="45.393085" lon="-72.607974">
        <ele>173.89</ele>
      </trkpt>
      <trkpt lat="45.393137" lon="-72.607896">
        <ele>174.32</ele>
      </trkpt>
      <trkpt lat="45.393146" lon="-72.607882">
        <ele>175.22</ele>
      </trkpt>
      <trkpt lat="45.39367" lon="-72.607554">
        <ele>176.93</ele>
      </trkpt>
      <trkpt lat="45.3943" lon="-72.607225">
        <ele>178.59</ele>
      </trkpt>
      <trkpt lat="45.394724" lon="-72.607004">
        <ele>181.33</ele>
      </trkpt>
      <trkpt lat="45.394943" lon="-72.606887">
        <ele>183.95</ele>
      </trkpt>
      <trkpt lat="45.395196" lon="-72.606681">
        <ele>186.27</ele>
      </trkpt>
      <trkpt lat="45.395209" lon="-72.606671">
        <ele>188.08</ele>
      </trkpt>
      <trkpt lat="45.395456" lon="-72.606418">
        <ele>189.42</ele>
      </trkpt>
      <trkpt lat="45.395626" lon="-72.606184">
        <ele>190.11</ele>
      </trkpt>
      <trkpt lat="45.395639" lon="-72.606167">
        <ele>190.81</ele>
      </trkpt>
      <trkpt lat="45.395781" lon="-72.605891">
        <ele>191.64</ele>
      </trkpt>
      <trkpt lat="45.395786" lon="-72.60588">
        <ele>192.16</ele>
      </trkpt>
      <trkpt lat="45.395911" lon="-72.605389">
        <ele>192.71</ele>
      </trkpt>
      <trkpt lat="45.395969" lon="-72.604762">
        <ele>193.62</ele>
      </trkpt>
      <trkpt lat="45.39597" lon="-72.604748">
        <ele>194.5</ele>
      </trkpt>
      <trkpt lat="45.395987" lon="-72.604275">
        <ele>195.1</ele>
      </trkpt>
      <trkpt lat="45.395995" lon="-72.604025">
        <ele>195.59</ele>
      </trkpt>
      <trkpt lat="45.39602" lon="-72.603289">
        <ele>196.04</ele>
      </trkpt>
      <trkpt lat="45.396009" lon="-72.602332">
        <ele>195.86</ele>
      </trkpt>
      <trkpt lat="45.396008" lon="-72.602234">
        <ele>195.73</ele>
      </trkpt>
      <trkpt lat="45.395993" lon="-72.60118">
        <ele>195.57</ele>
      </trkpt>
      <trkpt lat="45.395993" lon="-72.601157">
        <ele>195.89</ele>
      </trkpt>
      <trkpt lat="45.395994" lon="-72.599918">
        <ele>196.96</ele>
      </trkpt>
      <trkpt lat="45.396003" lon="-72.598875">
        <ele>198.46</ele>
      </trkpt>
      <trkpt lat="45.396013" lon="-72.597821">
        <ele>200.35</ele>
      </trkpt>
      <trkpt lat="45.396037" lon="-72.59711">
        <ele>202.31</ele>
      </trkpt>
      <trkpt lat="45.396062" lon="-72.59639">
        <ele>203.71</ele>
      </trkpt>
      <trkpt lat="45.396063" lon="-72.596363">
        <ele>203.85</ele>
      </trkpt>
      <trkpt lat="45.396142" lon="-72.595536">
        <ele>203.3</ele>
      </trkpt>
      <trkpt lat="45.396223" lon="-72.594684">
        <ele>202.36</ele>
      </trkpt>
      <trkpt lat="45.396305" lon="-72.593831">
        <ele>201.6</ele>
      </trkpt>
      <trkpt lat="45.396307" lon="-72.59381">
        <ele>201.05</ele>
      </trkpt>
      <trkpt lat="45.396416" lon="-72.592793">
        <ele>200.96</ele>
      </trkpt>
      <trkpt lat="45.396528" lon="-72.591756">
        <ele>201.19</ele>
      </trkpt>
      <trkpt lat="45.396639" lon="-72.590717">
        <ele>201.53</ele>
      </trkpt>
      <trkpt lat="45.396751" lon="-72.589677">
        <ele>201.9</ele>
      </trkpt>
      <trkpt lat="45.396765" lon="-72.589387">
        <ele>202.68</ele>
      </trkpt>
      <trkpt lat="45.396769" lon="-72.589145">
        <ele>203.2</ele>
      </trkpt>
      <trkpt lat="45.396095" lon="-72.589567">
        <ele>202.84</ele>
      </trkpt>
      <trkpt lat="45.395423" lon="-72.589988">
        <ele>200.93</ele>
      </trkpt>
      <trkpt lat="45.39475" lon="-72.590409">
        <ele>198.42</ele>
      </trkpt>
      <trkpt lat="45.394077" lon="-72.59083">
        <ele>195.59</ele>
      </trkpt>
      <trkpt lat="45.393497" lon="-72.591182">
        <ele>191.94</ele>
      </trkpt>
      <trkpt lat="45.393474" lon="-72.591195">
        <ele>189.06</ele>
      </trkpt>
      <trkpt lat="45.392867" lon="-72.591543">
        <ele>187.28</ele>
      </trkpt>
      <trkpt lat="45.392729" lon="-72.591592">
        <ele>186.15</ele>
      </trkpt>
      <trkpt lat="45.39255" lon="-72.591612">
        <ele>183.87</ele>
      </trkpt>
      <trkpt lat="45.392422" lon="-72.591595">
        <ele>182.17</ele>
      </trkpt>
      <trkpt lat="45.392213" lon="-72.591466">
        <ele>180.85</ele>
      </trkpt>
      <trkpt lat="45.392026" lon="-72.591225">
        <ele>179.88</ele>
      </trkpt>
      <trkpt lat="45.39196" lon="-72.591099">
        <ele>178.47</ele>
      </trkpt>
      <trkpt lat="45.391951" lon="-72.591082">
        <ele>177.91</ele>
      </trkpt>
      <trkpt lat="45.391886" lon="-72.590845">
        <ele>177.94</ele>
      </trkpt>
      <trkpt lat="45.391792" lon="-72.589855">
        <ele>178.59</ele>
      </trkpt>
      <trkpt lat="45.39178" lon="-72.589733">
        <ele>179.25</ele>
      </trkpt>
      <trkpt lat="45.391681" lon="-72.588717">
        <ele>180.1</ele>
      </trkpt>
      <trkpt lat="45.391671" lon="-72.588619">
        <ele>182.39</ele>
      </trkpt>
      <trkpt lat="45.391646" lon="-72.588374">
        <ele>185.43</ele>
      </trkpt>
      <trkpt lat="45.391567" lon="-72.587504">
        <ele>188.41</ele>
      </trkpt>
      <trkpt lat="45.391465" lon="-72.586389">
        <ele>191.67</ele>
      </trkpt>
      <trkpt lat="45.391386" lon="-72.585413">
        <ele>195.07</ele>
      </trkpt>
      <trkpt lat="45.391337" lon="-72.584797">
        <ele>198.09</ele>
      </trkpt>
      <trkpt lat="45.391312" lon="-72.584436">
        <ele>201.33</ele>
      </trkpt>
      <trkpt lat="45.391245" lon="-72.583459">
        <ele>204.29</ele>
      </trkpt>
      <trkpt lat="45.391161" lon="-72.58236">
        <ele>207.17</ele>
      </trkpt>
      <trkpt lat="45.391096" lon="-72.581511">
        <ele>211.16</ele>
      </trkpt>
      <trkpt lat="45.391075" lon="-72.581261">
        <ele>215.34</ele>
      </trkpt>
      <trkpt lat="45.390982" lon="-72.580165">
        <ele>218.75</ele>
      </trkpt>
      <trkpt lat="45.390908" lon="-72.579285">
        <ele>221.4</ele>
      </trkpt>
      <trkpt lat="45.39089" lon="-72.579068">
        <ele>224.31</ele>
      </trkpt>
      <trkpt lat="45.390889" lon="-72.579051">
        <ele>226.06</ele>
      </trkpt>
      <trkpt lat="45.390886" lon="-72.578846">
        <ele>226.85</ele>
      </trkpt>
      <trkpt lat="45.390889" lon="-72.5787">
        <ele>227.55</ele>
      </trkpt>
      <trkpt lat="45.39089" lon="-72.57867">
        <ele>228.82</ele>
      </trkpt>
      <trkpt lat="45.390906" lon="-72.578479">
        <ele>230.69</ele>
      </trkpt>
      <trkpt lat="45.390943" lon="-72.578275">
        <ele>231.99</ele>
      </trkpt>
      <trkpt lat="45.391035" lon="-72.577865">
        <ele>233.46</ele>
      </trkpt>
      <trkpt lat="45.39106" lon="-72.577731">
        <ele>235.05</ele>
      </trkpt>
      <trkpt lat="45.391071" lon="-72.577593">
        <ele>236.23</ele>
      </trkpt>
      <trkpt lat="45.39107" lon="-72.577454">
        <ele>236.29</ele>
      </trkpt>
      <trkpt lat="45.391055" lon="-72.577317">
        <ele>237.04</ele>
      </trkpt>
      <trkpt lat="45.391027" lon="-72.577184">
        <ele>238.62</ele>
      </trkpt>
      <trkpt lat="45.390985" lon="-72.577017">
        <ele>240.21</ele>
      </trkpt>
      <trkpt lat="45.390712" lon="-72.576145">
        <ele>241.61</ele>
      </trkpt>
      <trkpt lat="45.39063" lon="-72.575874">
        <ele>243.25</ele>
      </trkpt>
      <trkpt lat="45.390625" lon="-72.575858">
        <ele>244.85</ele>
      </trkpt>
      <trkpt lat="45.390521" lon="-72.575582">
        <ele>245.6</ele>
      </trkpt>
      <trkpt lat="45.3904" lon="-72.575309">
        <ele>247.46</ele>
      </trkpt>
      <trkpt lat="45.390346" lon="-72.575175">
        <ele>248.58</ele>
      </trkpt>
      <trkpt lat="45.390242" lon="-72.574913">
        <ele>249.56</ele>
      </trkpt>
      <trkpt lat="45.390063" lon="-72.574479">
        <ele>250.96</ele>
      </trkpt>
      <trkpt lat="45.390057" lon="-72.574463">
        <ele>252.24</ele>
      </trkpt>
      <trkpt lat="45.389979" lon="-72.57426">
        <ele>252.24</ele>
      </trkpt>
      <trkpt lat="45.38993" lon="-72.574123">
        <ele>252.8</ele>
      </trkpt>
      <trkpt lat="45.389885" lon="-72.573983">
        <ele>253.51</ele>
      </trkpt>
      <trkpt lat="45.389843" lon="-72.573841">
        <ele>253.59</ele>
      </trkpt>
      <trkpt lat="45.389811" lon="-72.573717">
        <ele>253.61</ele>
      </trkpt>
      <trkpt lat="45.38978" lon="-72.573628">
        <ele>253.57</ele>
      </trkpt>
      <trkpt lat="45.38975" lon="-72.573559">
        <ele>253.7</ele>
      </trkpt>
      <trkpt lat="45.38972" lon="-72.573509">
        <ele>253.67</ele>
      </trkpt>
      <trkpt lat="45.389678" lon="-72.573469">
        <ele>253.77</ele>
      </trkpt>
      <trkpt lat="45.389633" lon="-72.573446">
        <ele>253.92</ele>
      </trkpt>
      <trkpt lat="45.389574" lon="-72.573431">
        <ele>254.13</ele>
      </trkpt>
      <trkpt lat="45.389526" lon="-72.573425">
        <ele>254.94</ele>
      </trkpt>
      <trkpt lat="45.38946" lon="-72.57342">
        <ele>256.23</ele>
      </trkpt>
      <trkpt lat="45.389182" lon="-72.573402">
        <ele>257.46</ele>
      </trkpt>
      <trkpt lat="45.388891" lon="-72.57336">
        <ele>258.72</ele>
      </trkpt>
      <trkpt lat="45.388601" lon="-72.573308">
        <ele>259.53</ele>
      </trkpt>
      <trkpt lat="45.388261" lon="-72.573236">
        <ele>259.79</ele>
      </trkpt>
      <trkpt lat="45.388106" lon="-72.573201">
        <ele>261.06</ele>
      </trkpt>
      <trkpt lat="45.388041" lon="-72.573189">
        <ele>261.31</ele>
      </trkpt>
      <trkpt lat="45.387923" lon="-72.573168">
        <ele>261.19</ele>
      </trkpt>
      <trkpt lat="45.387667" lon="-72.573117">
        <ele>261.47</ele>
      </trkpt>
      <trkpt lat="45.387449" lon="-72.573073">
        <ele>261.58</ele>
      </trkpt>
      <trkpt lat="45.3873" lon="-72.57304">
        <ele>260.2</ele>
      </trkpt>
      <trkpt lat="45.387205" lon="-72.573019">
        <ele>259.57</ele>
      </trkpt>
      <trkpt lat="45.38719" lon="-72.573016">
        <ele>258.62</ele>
      </trkpt>
      <trkpt lat="45.387022" lon="-72.572987">
        <ele>257.63</ele>
      </trkpt>
      <trkpt lat="45.386617" lon="-72.572922">
        <ele>255.99</ele>
      </trkpt>
      <trkpt lat="45.386591" lon="-72.572918">
        <ele>253.38</ele>
      </trkpt>
      <trkpt lat="45.386194" lon="-72.572854">
        <ele>251.42</ele>
      </trkpt>
      <trkpt lat="45.385991" lon="-72.572823">
        <ele>250.19</ele>
      </trkpt>
      <trkpt lat="45.385391" lon="-72.572732">
        <ele>249.04</ele>
      </trkpt>
      <trkpt lat="45.385101" lon="-72.572688">
        <ele>248.7</ele>
      </trkpt>
      <trkpt lat="45.384705" lon="-72.572611">
        <ele>249.33</ele>
      </trkpt>
      <trkpt lat="45.384683" lon="-72.572607">
        <ele>248.74</ele>
      </trkpt>
      <trkpt lat="45.384163" lon="-72.572518">
        <ele>247.74</ele>
      </trkpt>
      <trkpt lat="45.384021" lon="-72.572492">
        <ele>246.6</ele>
      </trkpt>
      <trkpt lat="45.38369" lon="-72.572432">
        <ele>244.89</ele>
      </trkpt>
      <trkpt lat="45.38353" lon="-72.572403">
        <ele>242.03</ele>
      </trkpt>
      <trkpt lat="45.383041" lon="-72.572313">
        <ele>239.13</ele>
      </trkpt>
      <trkpt lat="45.382235" lon="-72.572175">
        <ele>236.89</ele>
      </trkpt>
      <trkpt lat="45.38143" lon="-72.572038">
        <ele>234.89</ele>
      </trkpt>
      <trkpt lat="45.380616" lon="-72.571883">
        <ele>233.53</ele>
      </trkpt>
      <trkpt lat="45.380308" lon="-72.571825">
        <ele>233.73</ele>
      </trkpt>
      <trkpt lat="45.379803" lon="-72.571729">
        <ele>235.3</ele>
      </trkpt>
      <trkpt lat="45.379247" lon="-72.571623">
        <ele>236.82</ele>
      </trkpt>
      <trkpt lat="45.378989" lon="-72.571575">
        <ele>238.97</ele>
      </trkpt>
      <trkpt lat="45.378479" lon="-72.571479">
        <ele>243.13</ele>
      </trkpt>
      <trkpt lat="45.378175" lon="-72.571423">
        <ele>247.65</ele>
      </trkpt>
      <trkpt lat="45.37741" lon="-72.571282">
        <ele>252.04</ele>
      </trkpt>
      <trkpt lat="45.377361" lon="-72.571272">
        <ele>255.7</ele>
      </trkpt>
      <trkpt lat="45.377039" lon="-72.571208">
        <ele>258.11</ele>
      </trkpt>
      <trkpt lat="45.376784" lon="-72.571158">
        <ele>258.25</ele>
      </trkpt>
      <trkpt lat="45.376512" lon="-72.571112">
        <ele>257.66</ele>
      </trkpt>
      <trkpt lat="45.376338" lon="-72.571084">
        <ele>256.62</ele>
      </trkpt>
      <trkpt lat="45.37616" lon="-72.571057">
        <ele>256.33</ele>
      </trkpt>
      <trkpt lat="45.375772" lon="-72.571003">
        <ele>256.43</ele>
      </trkpt>
      <trkpt lat="45.375358" lon="-72.570946">
        <ele>256.47</ele>
      </trkpt>
      <trkpt lat="45.375031" lon="-72.570895">
        <ele>255.89</ele>
      </trkpt>
      <trkpt lat="45.374779" lon="-72.570869">
        <ele>255.48</ele>
      </trkpt>
      <trkpt lat="45.374608" lon="-72.570849">
        <ele>254.53</ele>
      </trkpt>
      <trkpt lat="45.374475" lon="-72.570835">
        <ele>253.74</ele>
      </trkpt>
      <trkpt lat="45.37432" lon="-72.570826">
        <ele>252.92</ele>
      </trkpt>
      <trkpt lat="45.374184" lon="-72.570821">
        <ele>252.72</ele>
      </trkpt>
      <trkpt lat="45.374033" lon="-72.570825">
        <ele>252.8</ele>
      </trkpt>
      <trkpt lat="45.37381" lon="-72.570837">
        <ele>253.15</ele>
      </trkpt>
      <trkpt lat="45.373331" lon="-72.570857">
        <ele>253.54</ele>
      </trkpt>
      <trkpt lat="45.373273" lon="-72.570864">
        <ele>253.52</ele>
      </trkpt>
      <trkpt lat="45.373216" lon="-72.570881">
        <ele>254.04</ele>
      </trkpt>
      <trkpt lat="45.373161" lon="-72.570909">
        <ele>253.48</ele>
      </trkpt>
      <trkpt lat="45.373068" lon="-72.570657">
        <ele>252.74</ele>
      </trkpt>
      <trkpt lat="45.372816" lon="-72.569972">
        <ele>251.83</ele>
      </trkpt>
      <trkpt lat="45.372761" lon="-72.569817">
        <ele>251.58</ele>
      </trkpt>
      <trkpt lat="45.372633" lon="-72.569454">
        <ele>250.9</ele>
      </trkpt>
      <trkpt lat="45.372616" lon="-72.569405">
        <ele>250.95</ele>
      </trkpt>
      <trkpt lat="45.372464" lon="-72.568966">
        <ele>251.11</ele>
      </trkpt>
      <trkpt lat="45.372381" lon="-72.568713">
        <ele>251.33</ele>
      </trkpt>
      <trkpt lat="45.372376" lon="-72.568698">
        <ele>251.55</ele>
      </trkpt>
      <trkpt lat="45.372324" lon="-72.568511">
        <ele>251.67</ele>
      </trkpt>
      <trkpt lat="45.372316" lon="-72.568481">
        <ele>251.81</ele>
      </trkpt>
      <trkpt lat="45.372286" lon="-72.568365">
        <ele>251.96</ele>
      </trkpt>
      <trkpt lat="45.372253" lon="-72.568224">
        <ele>252.27</ele>
      </trkpt>
      <trkpt lat="45.372248" lon="-72.568204">
        <ele>252.55</ele>
      </trkpt>
      <trkpt lat="45.372209" lon="-72.568">
        <ele>252.91</ele>
      </trkpt>
      <trkpt lat="45.372184" lon="-72.567843">
        <ele>253.42</ele>
      </trkpt>
      <trkpt lat="45.372175" lon="-72.567778">
        <ele>254.14</ele>
      </trkpt>
      <trkpt lat="45.372161" lon="-72.567673">
        <ele>254.43</ele>
      </trkpt>
      <trkpt lat="45.37215" lon="-72.567569">
        <ele>255.36</ele>
      </trkpt>
      <trkpt lat="45.372132" lon="-72.567366">
        <ele>256.12</ele>
      </trkpt>
      <trkpt lat="45.372093" lon="-72.566773">
        <ele>256.63</ele>
      </trkpt>
      <trkpt lat="45.372091" lon="-72.566737">
        <ele>257.05</ele>
      </trkpt>
      <trkpt lat="45.372088" lon="-72.566684">
        <ele>257.04</ele>
      </trkpt>
      <trkpt lat="45.372037" lon="-72.565865">
        <ele>256.64</ele>
      </trkpt>
      <trkpt lat="45.372024" lon="-72.56565">
        <ele>256.25</ele>
      </trkpt>
      <trkpt lat="45.371978" lon="-72.564954">
        <ele>256.25</ele>
      </trkpt>
      <trkpt lat="45.371973" lon="-72.564867">
        <ele>256.23</ele>
      </trkpt>
      <trkpt lat="45.371934" lon="-72.564357">
        <ele>257.01</ele>
      </trkpt>
      <trkpt lat="45.371923" lon="-72.564234">
        <ele>257.45</ele>
      </trkpt>
      <trkpt lat="45.371915" lon="-72.564139">
        <ele>258.4</ele>
      </trkpt>
      <trkpt lat="45.371883" lon="-72.563755">
        <ele>258.92</ele>
      </trkpt>
      <trkpt lat="45.371823" lon="-72.563021">
        <ele>259.2</ele>
      </trkpt>
      <trkpt lat="45.371817" lon="-72.56294">
        <ele>259.67</ele>
      </trkpt>
      <trkpt lat="45.371798" lon="-72.562714">
        <ele>260.32</ele>
      </trkpt>
      <trkpt lat="45.371785" lon="-72.562553">
        <ele>260.57</ele>
      </trkpt>
      <trkpt lat="45.371783" lon="-72.56253">
        <ele>259.92</ele>
      </trkpt>
      <trkpt lat="45.371738" lon="-72.561983">
        <ele>259.31</ele>
      </trkpt>
      <trkpt lat="45.371703" lon="-72.561489">
        <ele>258.28</ele>
      </trkpt>
      <trkpt lat="45.371699" lon="-72.561425">
        <ele>256.66</ele>
      </trkpt>
      <trkpt lat="45.371694" lon="-72.561347">
        <ele>254.2</ele>
      </trkpt>
      <trkpt lat="45.371665" lon="-72.560862">
        <ele>252.73</ele>
      </trkpt>
      <trkpt lat="45.371631" lon="-72.560313">
        <ele>251.4</ele>
      </trkpt>
      <trkpt lat="45.371627" lon="-72.560257">
        <ele>250.17</ele>
      </trkpt>
      <trkpt lat="45.371617" lon="-72.560088">
        <ele>249.62</ele>
      </trkpt>
      <trkpt lat="45.371576" lon="-72.55943">
        <ele>249.63</ele>
      </trkpt>
      <trkpt lat="45.371568" lon="-72.559279">
        <ele>250.06</ele>
      </trkpt>
      <trkpt lat="45.371567" lon="-72.559257">
        <ele>250.86</ele>
      </trkpt>
      <trkpt lat="45.371563" lon="-72.559083">
        <ele>252.05</ele>
      </trkpt>
      <trkpt lat="45.371565" lon="-72.558909">
        <ele>253.18</ele>
      </trkpt>
      <trkpt lat="45.371571" lon="-72.558735">
        <ele>254.11</ele>
      </trkpt>
      <trkpt lat="45.371573" lon="-72.558707">
        <ele>254.8</ele>
      </trkpt>
      <trkpt lat="45.371583" lon="-72.558562">
        <ele>255.19</ele>
      </trkpt>
      <trkpt lat="45.3716" lon="-72.55839">
        <ele>255.28</ele>
      </trkpt>
      <trkpt lat="45.371645" lon="-72.558016">
        <ele>255.42</ele>
      </trkpt>
      <trkpt lat="45.371671" lon="-72.557797">
        <ele>255.89</ele>
      </trkpt>
      <trkpt lat="45.371691" lon="-72.557629">
        <ele>256.21</ele>
      </trkpt>
      <trkpt lat="45.371705" lon="-72.55746">
        <ele>256.42</ele>
      </trkpt>
      <trkpt lat="45.371711" lon="-72.557312">
        <ele>256.57</ele>
      </trkpt>
      <trkpt lat="45.371712" lon="-72.55729">
        <ele>256.52</ele>
      </trkpt>
      <trkpt lat="45.371713" lon="-72.557119">
        <ele>256.62</ele>
      </trkpt>
      <trkpt lat="45.371704" lon="-72.55694">
        <ele>256.88</ele>
      </trkpt>
      <trkpt lat="45.371687" lon="-72.556573">
        <ele>257.24</ele>
      </trkpt>
      <trkpt lat="45.371658" lon="-72.555973">
        <ele>257.55</ele>
      </trkpt>
      <trkpt lat="45.371654" lon="-72.55583">
        <ele>257.63</ele>
      </trkpt>
      <trkpt lat="45.371653" lon="-72.555811">
        <ele>257.72</ele>
      </trkpt>
      <trkpt lat="45.371654" lon="-72.555648">
        <ele>257.63</ele>
      </trkpt>
      <trkpt lat="45.37166" lon="-72.55551">
        <ele>257.58</ele>
      </trkpt>
      <trkpt lat="45.371661" lon="-72.555486">
        <ele>257.15</ele>
      </trkpt>
      <trkpt lat="45.371675" lon="-72.555324">
        <ele>257.11</ele>
      </trkpt>
      <trkpt lat="45.371705" lon="-72.555061">
        <ele>257.03</ele>
      </trkpt>
      <trkpt lat="45.371725" lon="-72.554916">
        <ele>257.01</ele>
      </trkpt>
      <trkpt lat="45.371747" lon="-72.55481">
        <ele>256.87</ele>
      </trkpt>
      <trkpt lat="45.371777" lon="-72.554699">
        <ele>256.36</ele>
      </trkpt>
      <trkpt lat="45.371784" lon="-72.554674">
        <ele>255.99</ele>
      </trkpt>
      <trkpt lat="45.371838" lon="-72.554508">
        <ele>255.58</ele>
      </trkpt>
      <trkpt lat="45.371967" lon="-72.554168">
        <ele>254.83</ele>
      </trkpt>
      <trkpt lat="45.371974" lon="-72.55415">
        <ele>254.31</ele>
      </trkpt>
      <trkpt lat="45.372076" lon="-72.553893">
        <ele>254.83</ele>
      </trkpt>
      <trkpt lat="45.3722" lon="-72.553585">
        <ele>255.25</ele>
      </trkpt>
      <trkpt lat="45.372325" lon="-72.553278">
        <ele>255.41</ele>
      </trkpt>
      <trkpt lat="45.372389" lon="-72.55312">
        <ele>255.88</ele>
      </trkpt>
      <trkpt lat="45.372649" lon="-72.552495">
        <ele>256.06</ele>
      </trkpt>
      <trkpt lat="45.37269" lon="-72.552397">
        <ele>256.03</ele>
      </trkpt>
      <trkpt lat="45.372965" lon="-72.551736">
        <ele>255.5</ele>
      </trkpt>
      <trkpt lat="45.373058" lon="-72.551516">
        <ele>255.54</ele>
      </trkpt>
      <trkpt lat="45.3733" lon="-72.55094">
        <ele>255</ele>
      </trkpt>
      <trkpt lat="45.373431" lon="-72.550638">
        <ele>254.56</ele>
      </trkpt>
      <trkpt lat="45.373565" lon="-72.550346">
        <ele>253.06</ele>
      </trkpt>
      <trkpt lat="45.373724" lon="-72.550013">
        <ele>252.03</ele>
      </trkpt>
      <trkpt lat="45.373757" lon="-72.549942">
        <ele>250.54</ele>
      </trkpt>
      <trkpt lat="45.374048" lon="-72.549329">
        <ele>249.42</ele>
      </trkpt>
      <trkpt lat="45.374092" lon="-72.54924">
        <ele>248.45</ele>
      </trkpt>
      <trkpt lat="45.374425" lon="-72.548554">
        <ele>247.17</ele>
      </trkpt>
      <trkpt lat="45.374509" lon="-72.548386">
        <ele>245.98</ele>
      </trkpt>
      <trkpt lat="45.374598" lon="-72.548208">
        <ele>245.18</ele>
      </trkpt>
      <trkpt lat="45.374677" lon="-72.548051">
        <ele>244.07</ele>
      </trkpt>
      <trkpt lat="45.374774" lon="-72.547859">
        <ele>242.71</ele>
      </trkpt>
      <trkpt lat="45.37494" lon="-72.547534">
        <ele>242.09</ele>
      </trkpt>
      <trkpt lat="45.37495" lon="-72.547515">
        <ele>241.67</ele>
      </trkpt>
      <trkpt lat="45.375282" lon="-72.546848">
        <ele>241.15</ele>
      </trkpt>
      <trkpt lat="45.375366" lon="-72.546668">
        <ele>239.28</ele>
      </trkpt>
      <trkpt lat="45.3754" lon="-72.546596">
        <ele>237.97</ele>
      </trkpt>
      <trkpt lat="45.375514" lon="-72.546338">
        <ele>235.16</ele>
      </trkpt>
      <trkpt lat="45.375622" lon="-72.546076">
        <ele>231.72</ele>
      </trkpt>
      <trkpt lat="45.375748" lon="-72.545767">
        <ele>228.15</ele>
      </trkpt>
      <trkpt lat="45.376119" lon="-72.544854">
        <ele>226.45</ele>
      </trkpt>
      <trkpt lat="45.376211" lon="-72.544644">
        <ele>224.17</ele>
      </trkpt>
      <trkpt lat="45.376313" lon="-72.544442">
        <ele>223.95</ele>
      </trkpt>
      <trkpt lat="45.376394" lon="-72.544301">
        <ele>223.59</ele>
      </trkpt>
      <trkpt lat="45.37648" lon="-72.544165">
        <ele>223.19</ele>
      </trkpt>
      <trkpt lat="45.376562" lon="-72.544048">
        <ele>222.97</ele>
      </trkpt>
      <trkpt lat="45.376571" lon="-72.544035">
        <ele>222.41</ele>
      </trkpt>
      <trkpt lat="45.376664" lon="-72.54391">
        <ele>222.04</ele>
      </trkpt>
      <trkpt lat="45.377063" lon="-72.543403">
        <ele>222.03</ele>
      </trkpt>
      <trkpt lat="45.37719" lon="-72.543242">
        <ele>221.96</ele>
      </trkpt>
      <trkpt lat="45.377252" lon="-72.543163">
        <ele>222.17</ele>
      </trkpt>
      <trkpt lat="45.3777" lon="-72.542597">
        <ele>223.59</ele>
      </trkpt>
      <trkpt lat="45.377821" lon="-72.542433">
        <ele>224.39</ele>
      </trkpt>
      <trkpt lat="45.377917" lon="-72.542282">
        <ele>224.92</ele>
      </trkpt>
      <trkpt lat="45.378006" lon="-72.542124">
        <ele>226.75</ele>
      </trkpt>
      <trkpt lat="45.37809" lon="-72.54196">
        <ele>227.85</ele>
      </trkpt>
      <trkpt lat="45.378138" lon="-72.541856">
        <ele>228.95</ele>
      </trkpt>
      <trkpt lat="45.378168" lon="-72.541789">
        <ele>230.48</ele>
      </trkpt>
      <trkpt lat="45.37824" lon="-72.541614">
        <ele>232.42</ele>
      </trkpt>
      <trkpt lat="45.378305" lon="-72.541433">
        <ele>233.29</ele>
      </trkpt>
      <trkpt lat="45.378389" lon="-72.541193">
        <ele>234.62</ele>
      </trkpt>
      <trkpt lat="45.378451" lon="-72.541011">
        <ele>234.62</ele>
      </trkpt>
      <trkpt lat="45.378477" lon="-72.540933">
        <ele>235.09</ele>
      </trkpt>
      <trkpt lat="45.378591" lon="-72.540588">
        <ele>235.48</ele>
      </trkpt>
      <trkpt lat="45.378764" lon="-72.540033">
        <ele>235.59</ele>
      </trkpt>
      <trkpt lat="45.37877" lon="-72.540014">
        <ele>236.07</ele>
      </trkpt>
      <trkpt lat="45.378838" lon="-72.539757">
        <ele>236.8</ele>
      </trkpt>
      <trkpt lat="45.378897" lon="-72.539496">
        <ele>236.96</ele>
      </trkpt>
      <trkpt lat="45.378939" lon="-72.539272">
        <ele>238.04</ele>
      </trkpt>
      <trkpt lat="45.378953" lon="-72.539193">
        <ele>238.84</ele>
      </trkpt>
      <trkpt lat="45.378988" lon="-72.538964">
        <ele>238.18</ele>
      </trkpt>
      <trkpt lat="45.37902" lon="-72.538693">
        <ele>237.82</ele>
      </trkpt>
      <trkpt lat="45.379054" lon="-72.538391">
        <ele>237.94</ele>
      </trkpt>
      <trkpt lat="45.37906" lon="-72.538338">
        <ele>236.73</ele>
      </trkpt>
      <trkpt lat="45.37909" lon="-72.538018">
        <ele>235.7</ele>
      </trkpt>
      <trkpt lat="45.379148" lon="-72.53742">
        <ele>235.45</ele>
      </trkpt>
      <trkpt lat="45.379244" lon="-72.53644">
        <ele>235.12</ele>
      </trkpt>
      <trkpt lat="45.37927" lon="-72.536173">
        <ele>234.31</ele>
      </trkpt>
      <trkpt lat="45.379287" lon="-72.535997">
        <ele>233.65</ele>
      </trkpt>
      <trkpt lat="45.37935" lon="-72.535457">
        <ele>233.02</ele>
      </trkpt>
      <trkpt lat="45.379453" lon="-72.534569">
        <ele>232.59</ele>
      </trkpt>
      <trkpt lat="45.379487" lon="-72.534285">
        <ele>231.35</ele>
      </trkpt>
      <trkpt lat="45.379545" lon="-72.533805">
        <ele>230.22</ele>
      </trkpt>
      <trkpt lat="45.379624" lon="-72.53315">
        <ele>229.09</ele>
      </trkpt>
      <trkpt lat="45.379629" lon="-72.533108">
        <ele>227.7</ele>
      </trkpt>
      <trkpt lat="45.37971" lon="-72.532432">
        <ele>225.35</ele>
      </trkpt>
      <trkpt lat="45.379773" lon="-72.531932">
        <ele>223.82</ele>
      </trkpt>
      <trkpt lat="45.379919" lon="-72.530781">
        <ele>222.69</ele>
      </trkpt>
      <trkpt lat="45.379922" lon="-72.530758">
        <ele>222.18</ele>
      </trkpt>
      <trkpt lat="45.379997" lon="-72.53018">
        <ele>222.08</ele>
      </trkpt>
      <trkpt lat="45.380065" lon="-72.529581">
        <ele>222.85</ele>
      </trkpt>
      <trkpt lat="45.380066" lon="-72.529572">
        <ele>224.44</ele>
      </trkpt>
      <trkpt lat="45.380075" lon="-72.529497">
        <ele>225.7</ele>
      </trkpt>
      <trkpt lat="45.380141" lon="-72.528844">
        <ele>227.51</ele>
      </trkpt>
      <trkpt lat="45.380172" lon="-72.52852">
        <ele>229.9</ele>
      </trkpt>
      <trkpt lat="45.380199" lon="-72.528243">
        <ele>233.21</ele>
      </trkpt>
      <trkpt lat="45.380246" lon="-72.527748">
        <ele>235.52</ele>
      </trkpt>
      <trkpt lat="45.380269" lon="-72.527468">
        <ele>237.96</ele>
      </trkpt>
      <trkpt lat="45.380334" lon="-72.526697">
        <ele>239.37</ele>
      </trkpt>
      <trkpt lat="45.380359" lon="-72.526414">
        <ele>240.49</ele>
      </trkpt>
      <trkpt lat="45.380428" lon="-72.525611">
        <ele>240.56</ele>
      </trkpt>
      <trkpt lat="45.380455" lon="-72.525361">
        <ele>240.9</ele>
      </trkpt>
      <trkpt lat="45.380527" lon="-72.524706">
        <ele>241.02</ele>
      </trkpt>
      <trkpt lat="45.380565" lon="-72.524311">
        <ele>241.77</ele>
      </trkpt>
      <trkpt lat="45.380568" lon="-72.524282">
        <ele>242.9</ele>
      </trkpt>
      <trkpt lat="45.38061" lon="-72.523823">
        <ele>244.17</ele>
      </trkpt>
      <trkpt lat="45.380655" lon="-72.523322">
        <ele>245.49</ele>
      </trkpt>
      <trkpt lat="45.380691" lon="-72.522922">
        <ele>246.87</ele>
      </trkpt>
      <trkpt lat="45.380738" lon="-72.522331">
        <ele>247.46</ele>
      </trkpt>
      <trkpt lat="45.380773" lon="-72.521901">
        <ele>247.12</ele>
      </trkpt>
      <trkpt lat="45.38082" lon="-72.52134">
        <ele>246.78</ele>
      </trkpt>
      <trkpt lat="45.380869" lon="-72.520729">
        <ele>246.13</ele>
      </trkpt>
      <trkpt lat="45.380873" lon="-72.520681">
        <ele>245.44</ele>
      </trkpt>
      <trkpt lat="45.3809" lon="-72.520374">
        <ele>244.81</ele>
      </trkpt>
      <trkpt lat="45.380922" lon="-72.520017">
        <ele>244.05</ele>
      </trkpt>
      <trkpt lat="45.380936" lon="-72.519659">
        <ele>243.28</ele>
      </trkpt>
      <trkpt lat="45.380942" lon="-72.519301">
        <ele>242.54</ele>
      </trkpt>
      <trkpt lat="45.380942" lon="-72.519269">
        <ele>241.71</ele>
      </trkpt>
      <trkpt lat="45.38094" lon="-72.519047">
        <ele>239.34</ele>
      </trkpt>
      <trkpt lat="45.38094" lon="-72.518943">
        <ele>237.32</ele>
      </trkpt>
      <trkpt lat="45.380929" lon="-72.518586">
        <ele>235.23</ele>
      </trkpt>
      <trkpt lat="45.380922" lon="-72.518466">
        <ele>232.52</ele>
      </trkpt>
      <trkpt lat="45.380909" lon="-72.518229">
        <ele>229.74</ele>
      </trkpt>
      <trkpt lat="45.380882" lon="-72.517873">
        <ele>228.32</ele>
      </trkpt>
      <trkpt lat="45.380865" lon="-72.517658">
        <ele>226.27</ele>
      </trkpt>
      <trkpt lat="45.38083" lon="-72.517207">
        <ele>224.24</ele>
      </trkpt>
      <trkpt lat="45.380809" lon="-72.516943">
        <ele>222.4</ele>
      </trkpt>
      <trkpt lat="45.380784" lon="-72.516623">
        <ele>220.18</ele>
      </trkpt>
      <trkpt lat="45.380758" lon="-72.5163">
        <ele>218.08</ele>
      </trkpt>
      <trkpt lat="45.380702" lon="-72.515589">
        <ele>216.65</ele>
      </trkpt>
      <trkpt lat="45.380621" lon="-72.514554">
        <ele>215.35</ele>
      </trkpt>
      <trkpt lat="45.3806" lon="-72.514288">
        <ele>214.59</ele>
      </trkpt>
      <trkpt lat="45.380544" lon="-72.513512">
        <ele>214.33</ele>
      </trkpt>
      <trkpt lat="45.38053" lon="-72.513311">
        <ele>214.5</ele>
      </trkpt>
      <trkpt lat="45.380507" lon="-72.512994">
        <ele>214.58</ele>
      </trkpt>
      <trkpt lat="45.380471" lon="-72.512437">
        <ele>214.8</ele>
      </trkpt>
      <trkpt lat="45.380466" lon="-72.512365">
        <ele>214.99</ele>
      </trkpt>
      <trkpt lat="45.380422" lon="-72.51171">
        <ele>216.56</ele>
      </trkpt>
      <trkpt lat="45.38042" lon="-72.511664">
        <ele>216.14</ele>
      </trkpt>
      <trkpt lat="45.380402" lon="-72.511354">
        <ele>215.74</ele>
      </trkpt>
      <trkpt lat="45.38034" lon="-72.510272">
        <ele>214.69</ele>
      </trkpt>
      <trkpt lat="45.380319" lon="-72.5099">
        <ele>213.15</ele>
      </trkpt>
      <trkpt lat="45.380272" lon="-72.509184">
        <ele>211.01</ele>
      </trkpt>
      <trkpt lat="45.380254" lon="-72.508911">
        <ele>210.69</ele>
      </trkpt>
      <trkpt lat="45.380186" lon="-72.507959">
        <ele>209.79</ele>
      </trkpt>
      <trkpt lat="45.380184" lon="-72.507932">
        <ele>209.27</ele>
      </trkpt>
      <trkpt lat="45.380117" lon="-72.507127">
        <ele>208.99</ele>
      </trkpt>
      <trkpt lat="45.380111" lon="-72.507054">
        <ele>207.86</ele>
      </trkpt>
      <trkpt lat="45.380087" lon="-72.50681">
        <ele>207.5</ele>
      </trkpt>
      <trkpt lat="45.380078" lon="-72.506723">
        <ele>207.56</ele>
      </trkpt>
      <trkpt lat="45.380055" lon="-72.506466">
        <ele>207.69</ele>
      </trkpt>
      <trkpt lat="45.380038" lon="-72.506297">
        <ele>207.95</ele>
      </trkpt>
      <trkpt lat="45.380036" lon="-72.506281">
        <ele>209.02</ele>
      </trkpt>
      <trkpt lat="45.380021" lon="-72.506147">
        <ele>209.19</ele>
      </trkpt>
      <trkpt lat="45.379978" lon="-72.505826">
        <ele>209.41</ele>
      </trkpt>
      <trkpt lat="45.379944" lon="-72.505598">
        <ele>209.59</ele>
      </trkpt>
      <trkpt lat="45.379905" lon="-72.505373">
        <ele>209.92</ele>
      </trkpt>
      <trkpt lat="45.379882" lon="-72.505243">
        <ele>209.03</ele>
      </trkpt>
      <trkpt lat="45.379877" lon="-72.505217">
        <ele>208.81</ele>
      </trkpt>
      <trkpt lat="45.379812" lon="-72.504908">
        <ele>208.58</ele>
      </trkpt>
      <trkpt lat="45.379699" lon="-72.504361">
        <ele>209.11</ele>
      </trkpt>
      <trkpt lat="45.379817" lon="-72.504359">
        <ele>209.56</ele>
      </trkpt>
      <trkpt lat="45.379872" lon="-72.504354">
        <ele>210.5</ele>
      </trkpt>
      <trkpt lat="45.37991" lon="-72.504346">
        <ele>210.84</ele>
      </trkpt>
      <trkpt lat="45.37992" lon="-72.504344">
        <ele>211.22</ele>
      </trkpt>
      <trkpt lat="45.379967" lon="-72.504327">
        <ele>210.84</ele>
      </trkpt>
      <trkpt lat="45.380013" lon="-72.504306">
        <ele>210.51</ele>
      </trkpt>
      <trkpt lat="45.380046" lon="-72.504286">
        <ele>210.34</ele>
      </trkpt>
      <trkpt lat="45.380057" lon="-72.504279">
        <ele>210.24</ele>
      </trkpt>
      <trkpt lat="45.3801" lon="-72.504246">
        <ele>210.27</ele>
      </trkpt>
      <trkpt lat="45.380141" lon="-72.504209">
        <ele>210.36</ele>
      </trkpt>
      <trkpt lat="45.380153" lon="-72.504195">
        <ele>210.21</ele>
      </trkpt>
      <trkpt lat="45.380141" lon="-72.504209">
        <ele>209.99</ele>
      </trkpt>
      <trkpt lat="45.380115" lon="-72.504274">
        <ele>209.86</ele>
      </trkpt>
      <trkpt lat="45.380092" lon="-72.504329">
        <ele>209.84</ele>
      </trkpt>
      <trkpt lat="45.380059" lon="-72.504395">
        <ele>209.82</ele>
      </trkpt>
      <trkpt lat="45.380218" lon="-72.504571">
        <ele>210.03</ele>
      </trkpt>
      <trkpt lat="45.380259" lon="-72.504614">
        <ele>210.15</ele>
      </trkpt>
      <trkpt lat="45.380297" lon="-72.504641">
        <ele>210.18</ele>
      </trkpt>
      <trkpt lat="45.380344" lon="-72.504662">
        <ele>210.07</ele>
      </trkpt>
      <trkpt lat="45.380374" lon="-72.504676">
        <ele>210.09</ele>
      </trkpt>
      <trkpt lat="45.380371" lon="-72.504628">
        <ele>210.03</ele>
      </trkpt>
      <trkpt lat="45.38042" lon="-72.50453">
        <ele>210</ele>
      </trkpt>
      <trkpt lat="45.380371" lon="-72.504628">
        <ele>210</ele>
      </trkpt>
      <trkpt lat="45.380372" lon="-72.50465">
        <ele>209.99</ele>
      </trkpt>
      <trkpt lat="45.380374" lon="-72.504676">
        <ele>209.9</ele>
      </trkpt>
      <trkpt lat="45.38039" lon="-72.504684">
        <ele>210.72</ele>
      </trkpt>
      <trkpt lat="45.380417" lon="-72.504701">
        <ele>211.66</ele>
      </trkpt>
      <trkpt lat="45.38064" lon="-72.504981">
        <ele>212.69</ele>
      </trkpt>
      <trkpt lat="45.380665" lon="-72.505005">
        <ele>213.06</ele>
      </trkpt>
      <trkpt lat="45.380688" lon="-72.505021">
        <ele>213.6</ele>
      </trkpt>
      <trkpt lat="45.380721" lon="-72.505036">
        <ele>213.61</ele>
      </trkpt>
      <trkpt lat="45.380788" lon="-72.505059">
        <ele>213.56</ele>
      </trkpt>
      <trkpt lat="45.380911" lon="-72.505078">
        <ele>213.42</ele>
      </trkpt>
      <trkpt lat="45.380937" lon="-72.505083">
        <ele>213.93</ele>
      </trkpt>
      <trkpt lat="45.380961" lon="-72.505097">
        <ele>214.18</ele>
      </trkpt>
      <trkpt lat="45.380983" lon="-72.505117">
        <ele>213.21</ele>
      </trkpt>
      <trkpt lat="45.381001" lon="-72.505144">
        <ele>212.14</ele>
      </trkpt>
      <trkpt lat="45.381446" lon="-72.504866">
        <ele>213.28</ele>
      </trkpt>
      <trkpt lat="45.381458" lon="-72.504858">
        <ele>211.02</ele>
      </trkpt>
      <trkpt lat="45.38188" lon="-72.504553">
        <ele>208.86</ele>
      </trkpt>
      <trkpt lat="45.382316" lon="-72.504237">
        <ele>207.9</ele>
      </trkpt>
      <trkpt lat="45.382326" lon="-72.50423">
        <ele>206.27</ele>
      </trkpt>
      <trkpt lat="45.382879" lon="-72.503851">
        <ele>202.89</ele>
      </trkpt>
      <trkpt lat="45.383268" lon="-72.503585">
        <ele>202.33</ele>
      </trkpt>
      <trkpt lat="45.383443" lon="-72.503465">
        <ele>201.78</ele>
      </trkpt>
      <trkpt lat="45.384007" lon="-72.50308">
        <ele>201.22</ele>
      </trkpt>
      <trkpt lat="45.384018" lon="-72.503072">
        <ele>201.65</ele>
      </trkpt>
      <trkpt lat="45.384447" lon="-72.502814">
        <ele>200.51</ele>
      </trkpt>
      <trkpt lat="45.38479" lon="-72.502627">
        <ele>200.09</ele>
      </trkpt>
      <trkpt lat="45.384882" lon="-72.502581">
        <ele>200.14</ele>
      </trkpt>
      <trkpt lat="45.385333" lon="-72.502356">
        <ele>199.69</ele>
      </trkpt>
      <trkpt lat="45.385919" lon="-72.50208">
        <ele>198.39</ele>
      </trkpt>
      <trkpt lat="45.386109" lon="-72.50199">
        <ele>198.05</ele>
      </trkpt>
      <trkpt lat="45.386512" lon="-72.5018">
        <ele>197.63</ele>
      </trkpt>
      <trkpt lat="45.387136" lon="-72.501528">
        <ele>197.07</ele>
      </trkpt>
      <trkpt lat="45.387244" lon="-72.501478">
        <ele>196.39</ele>
      </trkpt>
      <trkpt lat="45.387762" lon="-72.501237">
        <ele>196.31</ele>
      </trkpt>
      <trkpt lat="45.387975" lon="-72.501138">
        <ele>196.67</ele>
      </trkpt>
      <trkpt lat="45.387989" lon="-72.501131">
        <ele>197.06</ele>
      </trkpt>
      <trkpt lat="45.38813" lon="-72.501057">
        <ele>197.15</ele>
      </trkpt>
      <trkpt lat="45.388162" lon="-72.501035">
        <ele>196.83</ele>
      </trkpt>
      <trkpt lat="45.388185" lon="-72.501014">
        <ele>196.56</ele>
      </trkpt>
      <trkpt lat="45.388208" lon="-72.500974">
        <ele>196.06</ele>
      </trkpt>
      <trkpt lat="45.388239" lon="-72.500925">
        <ele>195.52</ele>
      </trkpt>
      <trkpt lat="45.388276" lon="-72.500882">
        <ele>195.05</ele>
      </trkpt>
      <trkpt lat="45.388288" lon="-72.500868">
        <ele>195.23</ele>
      </trkpt>
      <trkpt lat="45.388352" lon="-72.500843">
        <ele>195.58</ele>
      </trkpt>
      <trkpt lat="45.388602" lon="-72.500803">
        <ele>195.3</ele>
      </trkpt>
      <trkpt lat="45.388697" lon="-72.500777">
        <ele>195.06</ele>
      </trkpt>
      <trkpt lat="45.388709" lon="-72.500774">
        <ele>195.46</ele>
      </trkpt>
      <trkpt lat="45.388776" lon="-72.500744">
        <ele>196.74</ele>
      </trkpt>
      <trkpt lat="45.389517" lon="-72.500399">
        <ele>197.76</ele>
      </trkpt>
      <trkpt lat="45.39032" lon="-72.500085">
        <ele>200.37</ele>
      </trkpt>
      <trkpt lat="45.391129" lon="-72.499769">
        <ele>202.63</ele>
      </trkpt>
      <trkpt lat="45.39179" lon="-72.49951">
        <ele>202.71</ele>
      </trkpt>
      <trkpt lat="45.391938" lon="-72.499453">
        <ele>202.05</ele>
      </trkpt>
      <trkpt lat="45.392748" lon="-72.499141">
        <ele>202.36</ele>
      </trkpt>
      <trkpt lat="45.392759" lon="-72.499137">
        <ele>201.63</ele>
      </trkpt>
      <trkpt lat="45.393159" lon="-72.499026">
        <ele>201.45</ele>
      </trkpt>
      <trkpt lat="45.39317" lon="-72.499023">
        <ele>202.12</ele>
      </trkpt>
      <trkpt lat="45.393206" lon="-72.499013">
        <ele>203.1</ele>
      </trkpt>
      <trkpt lat="45.393395" lon="-72.498978">
        <ele>203.77</ele>
      </trkpt>
      <trkpt lat="45.393553" lon="-72.498967">
        <ele>205.03</ele>
      </trkpt>
      <trkpt lat="45.393708" lon="-72.498975">
        <ele>206.49</ele>
      </trkpt>
      <trkpt lat="45.393895" lon="-72.499011">
        <ele>207.57</ele>
      </trkpt>
      <trkpt lat="45.394109" lon="-72.499046">
        <ele>209.41</ele>
      </trkpt>
      <trkpt lat="45.394264" lon="-72.499092">
        <ele>209.7</ele>
      </trkpt>
      <trkpt lat="45.394449" lon="-72.499173">
        <ele>209.47</ele>
      </trkpt>
      <trkpt lat="45.394609" lon="-72.499266">
        <ele>206.64</ele>
      </trkpt>
      <trkpt lat="45.394747" lon="-72.499369">
        <ele>205.94</ele>
      </trkpt>
      <trkpt lat="45.394907" lon="-72.499499">
        <ele>203.77</ele>
      </trkpt>
      <trkpt lat="45.395048" lon="-72.499638">
        <ele>201.69</ele>
      </trkpt>
      <trkpt lat="45.395318" lon="-72.499949">
        <ele>199.57</ele>
      </trkpt>
      <trkpt lat="45.395442" lon="-72.500121">
        <ele>199.96</ele>
      </trkpt>
      <trkpt lat="45.395448" lon="-72.500131">
        <ele>198.52</ele>
      </trkpt>
      <trkpt lat="45.395591" lon="-72.500387">
        <ele>198.53</ele>
      </trkpt>
      <trkpt lat="45.39569" lon="-72.500572">
        <ele>200.23</ele>
      </trkpt>
      <trkpt lat="45.395789" lon="-72.500802">
        <ele>202</ele>
      </trkpt>
      <trkpt lat="45.395895" lon="-72.501076">
        <ele>203.35</ele>
      </trkpt>
      <trkpt lat="45.39596" lon="-72.501266">
        <ele>205</ele>
      </trkpt>
      <trkpt lat="45.395966" lon="-72.501287">
        <ele>207.49</ele>
      </trkpt>
      <trkpt lat="45.396055" lon="-72.501603">
        <ele>208.62</ele>
      </trkpt>
      <trkpt lat="45.396169" lon="-72.502029">
        <ele>207.47</ele>
      </trkpt>
      <trkpt lat="45.396198" lon="-72.502137">
        <ele>205.38</ele>
      </trkpt>
      <trkpt lat="45.396344" lon="-72.502686">
        <ele>204.79</ele>
      </trkpt>
      <trkpt lat="45.396424" lon="-72.50299">
        <ele>201.26</ele>
      </trkpt>
      <trkpt lat="45.396506" lon="-72.503305">
        <ele>198.16</ele>
      </trkpt>
      <trkpt lat="45.396649" lon="-72.503829">
        <ele>196.88</ele>
      </trkpt>
      <trkpt lat="45.396653" lon="-72.503842">
        <ele>198.03</ele>
      </trkpt>
      <trkpt lat="45.396798" lon="-72.504334">
        <ele>198.24</ele>
      </trkpt>
      <trkpt lat="45.397018" lon="-72.504992">
        <ele>198.41</ele>
      </trkpt>
      <trkpt lat="45.397184" lon="-72.505456">
        <ele>197.55</ele>
      </trkpt>
      <trkpt lat="45.397294" lon="-72.505712">
        <ele>197.08</ele>
      </trkpt>
      <trkpt lat="45.397436" lon="-72.506063">
        <ele>195.03</ele>
      </trkpt>
      <trkpt lat="45.397443" lon="-72.506078">
        <ele>192.91</ele>
      </trkpt>
      <trkpt lat="45.397591" lon="-72.506409">
        <ele>192.65</ele>
      </trkpt>
      <trkpt lat="45.397796" lon="-72.506844">
        <ele>194.11</ele>
      </trkpt>
      <trkpt lat="45.398013" lon="-72.50728">
        <ele>195.5</ele>
      </trkpt>
      <trkpt lat="45.398193" lon="-72.507617">
        <ele>197.44</ele>
      </trkpt>
      <trkpt lat="45.398364" lon="-72.50791">
        <ele>197.87</ele>
      </trkpt>
      <trkpt lat="45.398588" lon="-72.508275">
        <ele>197.15</ele>
      </trkpt>
      <trkpt lat="45.399118" lon="-72.509079">
        <ele>194.48</ele>
      </trkpt>
      <trkpt lat="45.399185" lon="-72.509181">
        <ele>191.84</ele>
      </trkpt>
      <trkpt lat="45.399653" lon="-72.509884">
        <ele>188.67</ele>
      </trkpt>
      <trkpt lat="45.399938" lon="-72.510313">
        <ele>186.88</ele>
      </trkpt>
      <trkpt lat="45.400184" lon="-72.510671">
        <ele>185.47</ele>
      </trkpt>
      <trkpt lat="45.400192" lon="-72.51068">
        <ele>185.35</ele>
      </trkpt>
      <trkpt lat="45.400232" lon="-72.510727">
        <ele>185.56</ele>
      </trkpt>
      <trkpt lat="45.400277" lon="-72.510775">
        <ele>185.87</ele>
      </trkpt>
      <trkpt lat="45.400427" lon="-72.510925">
        <ele>186.19</ele>
      </trkpt>
      <trkpt lat="45.400475" lon="-72.510973">
        <ele>186.54</ele>
      </trkpt>
      <trkpt lat="45.400514" lon="-72.511032">
        <ele>186.92</ele>
      </trkpt>
      <trkpt lat="45.400539" lon="-72.511097">
        <ele>186.83</ele>
      </trkpt>
      <trkpt lat="45.400547" lon="-72.511151">
        <ele>186.73</ele>
      </trkpt>
      <trkpt lat="45.400543" lon="-72.511228">
        <ele>186.59</ele>
      </trkpt>
      <trkpt lat="45.400541" lon="-72.511284">
        <ele>186.43</ele>
      </trkpt>
      <trkpt lat="45.40054" lon="-72.511351">
        <ele>186.23</ele>
      </trkpt>
      <trkpt lat="45.400545" lon="-72.511388">
        <ele>186.22</ele>
      </trkpt>
      <trkpt lat="45.40055" lon="-72.511403">
        <ele>186.25</ele>
      </trkpt>
      <trkpt lat="45.400558" lon="-72.511427">
        <ele>186.3</ele>
      </trkpt>
      <trkpt lat="45.400579" lon="-72.511466">
        <ele>186.33</ele>
      </trkpt>
      <trkpt lat="45.400625" lon="-72.511525">
        <ele>186.68</ele>
      </trkpt>
      <trkpt lat="45.400679" lon="-72.511601">
        <ele>187.19</ele>
      </trkpt>
      <trkpt lat="45.400819" lon="-72.511803">
        <ele>187.87</ele>
      </trkpt>
      <trkpt lat="45.400879" lon="-72.511866">
        <ele>187.19</ele>
      </trkpt>
      <trkpt lat="45.400951" lon="-72.511926">
        <ele>186.66</ele>
      </trkpt>
      <trkpt lat="45.401017" lon="-72.511988">
        <ele>186.01</ele>
      </trkpt>
      <trkpt lat="45.401066" lon="-72.512041">
        <ele>185.47</ele>
      </trkpt>
      <trkpt lat="45.401136" lon="-72.512132">
        <ele>183.7</ele>
      </trkpt>
      <trkpt lat="45.401213" lon="-72.512246">
        <ele>183.1</ele>
      </trkpt>
      <trkpt lat="45.401535" lon="-72.512732">
        <ele>183.34</ele>
      </trkpt>
      <trkpt lat="45.401662" lon="-72.512927">
        <ele>184.01</ele>
      </trkpt>
      <trkpt lat="45.401713" lon="-72.513006">
        <ele>184.09</ele>
      </trkpt>
      <trkpt lat="45.402189" lon="-72.513723">
        <ele>184.41</ele>
      </trkpt>
      <trkpt lat="45.402517" lon="-72.514216">
        <ele>185.59</ele>
      </trkpt>
      <trkpt lat="45.402718" lon="-72.514516">
        <ele>185.77</ele>
      </trkpt>
      <trkpt lat="45.403053" lon="-72.515017">
        <ele>185.91</ele>
      </trkpt>
      <trkpt lat="45.403244" lon="-72.515319">
        <ele>186.52</ele>
      </trkpt>
      <trkpt lat="45.403419" lon="-72.515626">
        <ele>187.71</ele>
      </trkpt>
      <trkpt lat="45.403609" lon="-72.515987">
        <ele>188.2</ele>
      </trkpt>
      <trkpt lat="45.403811" lon="-72.516459">
        <ele>188.42</ele>
      </trkpt>
      <trkpt lat="45.403816" lon="-72.516476">
        <ele>187.58</ele>
      </trkpt>
      <trkpt lat="45.40397" lon="-72.516962">
        <ele>186.53</ele>
      </trkpt>
      <trkpt lat="45.404097" lon="-72.517434">
        <ele>186.61</ele>
      </trkpt>
      <trkpt lat="45.404102" lon="-72.517455">
        <ele>186.72</ele>
      </trkpt>
      <trkpt lat="45.404367" lon="-72.518637">
        <ele>185.32</ele>
      </trkpt>
      <trkpt lat="45.404371" lon="-72.518656">
        <ele>184.39</ele>
      </trkpt>
      <trkpt lat="45.404564" lon="-72.519682">
        <ele>182.22</ele>
      </trkpt>
      <trkpt lat="45.404567" lon="-72.519698">
        <ele>179.04</ele>
      </trkpt>
      <trkpt lat="45.404728" lon="-72.520663">
        <ele>176.48</ele>
      </trkpt>
      <trkpt lat="45.404744" lon="-72.520758">
        <ele>175.27</ele>
      </trkpt>
      <trkpt lat="45.404892" lon="-72.521633">
        <ele>174.05</ele>
      </trkpt>
      <trkpt lat="45.405014" lon="-72.522142">
        <ele>174.5</ele>
      </trkpt>
      <trkpt lat="45.405018" lon="-72.522155">
        <ele>175.08</ele>
      </trkpt>
      <trkpt lat="45.405141" lon="-72.522587">
        <ele>175.3</ele>
      </trkpt>
      <trkpt lat="45.405148" lon="-72.522604">
        <ele>176.05</ele>
      </trkpt>
      <trkpt lat="45.405338" lon="-72.523101">
        <ele>176.82</ele>
      </trkpt>
      <trkpt lat="45.405523" lon="-72.523483">
        <ele>176.79</ele>
      </trkpt>
      <trkpt lat="45.405531" lon="-72.523497">
        <ele>176.71</ele>
      </trkpt>
      <trkpt lat="45.405815" lon="-72.523971">
        <ele>174.77</ele>
      </trkpt>
      <trkpt lat="45.405823" lon="-72.523982">
        <ele>172.71</ele>
      </trkpt>
      <trkpt lat="45.406133" lon="-72.524411">
        <ele>170.73</ele>
      </trkpt>
      <trkpt lat="45.406141" lon="-72.52442">
        <ele>169.07</ele>
      </trkpt>
      <trkpt lat="45.406357" lon="-72.524656">
        <ele>167.71</ele>
      </trkpt>
      <trkpt lat="45.406557" lon="-72.524845">
        <ele>169.67</ele>
      </trkpt>
      <trkpt lat="45.406848" lon="-72.525089">
        <ele>171.27</ele>
      </trkpt>
      <trkpt lat="45.407347" lon="-72.525466">
        <ele>172.63</ele>
      </trkpt>
      <trkpt lat="45.407418" lon="-72.525523">
        <ele>174.04</ele>
      </trkpt>
      <trkpt lat="45.407468" lon="-72.525558">
        <ele>174.79</ele>
      </trkpt>
      <trkpt lat="45.40794" lon="-72.52587">
        <ele>173.68</ele>
      </trkpt>
      <trkpt lat="45.40815" lon="-72.526009">
        <ele>172.64</ele>
      </trkpt>
      <trkpt lat="45.408465" lon="-72.526228">
        <ele>171.63</ele>
      </trkpt>
      <trkpt lat="45.408865" lon="-72.526535">
        <ele>170.74</ele>
      </trkpt>
      <trkpt lat="45.408939" lon="-72.526592">
        <ele>169.35</ele>
      </trkpt>
      <trkpt lat="45.409267" lon="-72.526856">
        <ele>168.47</ele>
      </trkpt>
      <trkpt lat="45.409356" lon="-72.526922">
        <ele>167.73</ele>
      </trkpt>
      <trkpt lat="45.409637" lon="-72.527129">
        <ele>166.84</ele>
      </trkpt>
      <trkpt lat="45.409926" lon="-72.527347">
        <ele>165.78</ele>
      </trkpt>
      <trkpt lat="45.410298" lon="-72.527681">
        <ele>165.92</ele>
      </trkpt>
      <trkpt lat="45.410363" lon="-72.527745">
        <ele>165.59</ele>
      </trkpt>
      <trkpt lat="45.410483" lon="-72.527865">
        <ele>165.56</ele>
      </trkpt>
      <trkpt lat="45.41057" lon="-72.527973">
        <ele>165.63</ele>
      </trkpt>
      <trkpt lat="45.410599" lon="-72.528007">
        <ele>165.62</ele>
      </trkpt>
      <trkpt lat="45.410879" lon="-72.52833">
        <ele>164.94</ele>
      </trkpt>
      <trkpt lat="45.411053" lon="-72.528566">
        <ele>164.54</ele>
      </trkpt>
      <trkpt lat="45.411252" lon="-72.528856">
        <ele>163.76</ele>
      </trkpt>
      <trkpt lat="45.411616" lon="-72.529378">
        <ele>163.55</ele>
      </trkpt>
      <trkpt lat="45.412102" lon="-72.530157">
        <ele>163.09</ele>
      </trkpt>
      <trkpt lat="45.412591" lon="-72.53094">
        <ele>163.27</ele>
      </trkpt>
      <trkpt lat="45.41308" lon="-72.531722">
        <ele>163.08</ele>
      </trkpt>
      <trkpt lat="45.41333" lon="-72.532123">
        <ele>163.24</ele>
      </trkpt>
      <trkpt lat="45.413567" lon="-72.532507">
        <ele>164.34</ele>
      </trkpt>
      <trkpt lat="45.41376" lon="-72.532821">
        <ele>165.84</ele>
      </trkpt>
      <trkpt lat="45.41404" lon="-72.533282">
        <ele>167.83</ele>
      </trkpt>
      <trkpt lat="45.41405" lon="-72.533297">
        <ele>169.1</ele>
      </trkpt>
      <trkpt lat="45.41463" lon="-72.53419">
        <ele>169.46</ele>
      </trkpt>
      <trkpt lat="45.414936" lon="-72.53466">
        <ele>168.48</ele>
      </trkpt>
      <trkpt lat="45.415201" lon="-72.535082">
        <ele>167.3</ele>
      </trkpt>
      <trkpt lat="45.415207" lon="-72.535092">
        <ele>166.36</ele>
      </trkpt>
      <trkpt lat="45.415322" lon="-72.535283">
        <ele>165.24</ele>
      </trkpt>
      <trkpt lat="45.415435" lon="-72.535485">
        <ele>164.96</ele>
      </trkpt>
      <trkpt lat="45.415544" lon="-72.535678">
        <ele>164.86</ele>
      </trkpt>
      <trkpt lat="45.415683" lon="-72.535943">
        <ele>165.61</ele>
      </trkpt>
      <trkpt lat="45.415807" lon="-72.53618">
        <ele>166.08</ele>
      </trkpt>
      <trkpt lat="45.416062" lon="-72.53669">
        <ele>166.89</ele>
      </trkpt>
      <trkpt lat="45.416254" lon="-72.537107">
        <ele>166.94</ele>
      </trkpt>
      <trkpt lat="45.416437" lon="-72.537566">
        <ele>166.31</ele>
      </trkpt>
      <trkpt lat="45.416644" lon="-72.538129">
        <ele>164.89</ele>
      </trkpt>
      <trkpt lat="45.416742" lon="-72.538396">
        <ele>162.75</ele>
      </trkpt>
      <trkpt lat="45.417048" lon="-72.539227">
        <ele>161.71</ele>
      </trkpt>
      <trkpt lat="45.417064" lon="-72.53927">
        <ele>161.74</ele>
      </trkpt>
      <trkpt lat="45.417235" lon="-72.539727">
        <ele>162.36</ele>
      </trkpt>
      <trkpt lat="45.417345" lon="-72.540066">
        <ele>163.11</ele>
      </trkpt>
      <trkpt lat="45.417692" lon="-72.540964">
        <ele>163.51</ele>
      </trkpt>
      <trkpt lat="45.417766" lon="-72.541159">
        <ele>163.22</ele>
      </trkpt>
      <trkpt lat="45.417952" lon="-72.541646">
        <ele>162.47</ele>
      </trkpt>
      <trkpt lat="45.418087" lon="-72.542006">
        <ele>161.88</ele>
      </trkpt>
      <trkpt lat="45.418182" lon="-72.542257">
        <ele>161.25</ele>
      </trkpt>
      <trkpt lat="45.418234" lon="-72.542412">
        <ele>160.4</ele>
      </trkpt>
      <trkpt lat="45.418317" lon="-72.542659">
        <ele>161.61</ele>
      </trkpt>
      <trkpt lat="45.41847" lon="-72.543126">
        <ele>163.01</ele>
      </trkpt>
      <trkpt lat="45.41855" lon="-72.543399">
        <ele>162.9</ele>
      </trkpt>
      <trkpt lat="45.418553" lon="-72.543414">
        <ele>163.79</ele>
      </trkpt>
      <trkpt lat="45.418612" lon="-72.543661">
        <ele>165.3</ele>
      </trkpt>
      <trkpt lat="45.418683" lon="-72.544023">
        <ele>166.5</ele>
      </trkpt>
      <trkpt lat="45.418687" lon="-72.544047">
        <ele>165.49</ele>
      </trkpt>
      <trkpt lat="45.418784" lon="-72.544579">
        <ele>165.83</ele>
      </trkpt>
      <trkpt lat="45.41884" lon="-72.544872">
        <ele>166.86</ele>
      </trkpt>
      <trkpt lat="45.418843" lon="-72.544897">
        <ele>166.21</ele>
      </trkpt>
      <trkpt lat="45.418892" lon="-72.545343">
        <ele>164.61</ele>
      </trkpt>
      <trkpt lat="45.418914" lon="-72.545652">
        <ele>164.93</ele>
      </trkpt>
      <trkpt lat="45.418928" lon="-72.545765">
        <ele>165.46</ele>
      </trkpt>
      <trkpt lat="45.419019" lon="-72.546524">
        <ele>164.9</ele>
      </trkpt>
      <trkpt lat="45.419029" lon="-72.54663">
        <ele>165.94</ele>
      </trkpt>
      <trkpt lat="45.419111" lon="-72.547481">
        <ele>166.63</ele>
      </trkpt>
      <trkpt lat="45.419113" lon="-72.547499">
        <ele>167.57</ele>
      </trkpt>
      <trkpt lat="45.419255" lon="-72.548638">
        <ele>168.75</ele>
      </trkpt>
      <trkpt lat="45.419257" lon="-72.548659">
        <ele>169.39</ele>
      </trkpt>
      <trkpt lat="45.419316" lon="-72.549352">
        <ele>170.15</ele>
      </trkpt>
      <trkpt lat="45.419318" lon="-72.549371">
        <ele>170.83</ele>
      </trkpt>
      <trkpt lat="45.419365" lon="-72.550022">
        <ele>171.08</ele>
      </trkpt>
      <trkpt lat="45.419368" lon="-72.550048">
        <ele>170.8</ele>
      </trkpt>
      <trkpt lat="45.41947" lon="-72.550863">
        <ele>170.42</ele>
      </trkpt>
      <trkpt lat="45.41936" lon="-72.550849">
        <ele>169.97</ele>
      </trkpt>
      <trkpt lat="45.419271" lon="-72.550803">
        <ele>167.23</ele>
      </trkpt>
      <trkpt lat="45.41911" lon="-72.550701">
        <ele>164.94</ele>
      </trkpt>
      <trkpt lat="45.419024" lon="-72.550702">
        <ele>162.81</ele>
      </trkpt>
      <trkpt lat="45.419014" lon="-72.550708">
        <ele>160.83</ele>
      </trkpt>
      <trkpt lat="45.418945" lon="-72.550748">
        <ele>159.27</ele>
      </trkpt>
      <trkpt lat="45.418934" lon="-72.550758">
        <ele>160.64</ele>
      </trkpt>
      <trkpt lat="45.418831" lon="-72.55086">
        <ele>162.05</ele>
      </trkpt>
      <trkpt lat="45.418781" lon="-72.550985">
        <ele>161.4</ele>
      </trkpt>
      <trkpt lat="45.418777" lon="-72.550998">
        <ele>160.75</ele>
      </trkpt>
      <trkpt lat="45.418739" lon="-72.551129">
        <ele>159.6</ele>
      </trkpt>
      <trkpt lat="45.418701" lon="-72.551329">
        <ele>157.75</ele>
      </trkpt>
      <trkpt lat="45.418699" lon="-72.55135">
        <ele>155.66</ele>
      </trkpt>
      <trkpt lat="45.41869" lon="-72.551462">
        <ele>155.96</ele>
      </trkpt>
      <trkpt lat="45.418668" lon="-72.551745">
        <ele>156</ele>
      </trkpt>
      <trkpt lat="45.41867" lon="-72.551758">
        <ele>156.02</ele>
      </trkpt>
      <trkpt lat="45.41869" lon="-72.551917">
        <ele>157.54</ele>
      </trkpt>
      <trkpt lat="45.418697" lon="-72.551935">
        <ele>159.54</ele>
      </trkpt>
      <trkpt lat="45.418798" lon="-72.552203">
        <ele>158.72</ele>
      </trkpt>
      <trkpt lat="45.41882" lon="-72.552301">
        <ele>158.2</ele>
      </trkpt>
      <trkpt lat="45.41882" lon="-72.55233">
        <ele>157.81</ele>
      </trkpt>
      <trkpt lat="45.418815" lon="-72.55237">
        <ele>156.28</ele>
      </trkpt>
      <trkpt lat="45.41878" lon="-72.552409">
        <ele>154.36</ele>
      </trkpt>
      <trkpt lat="45.418562" lon="-72.552533">
        <ele>154.73</ele>
      </trkpt>
      <trkpt lat="45.418489" lon="-72.55264">
        <ele>155.08</ele>
      </trkpt>
      <trkpt lat="45.418485" lon="-72.552653">
        <ele>155.28</ele>
      </trkpt>
      <trkpt lat="45.418462" lon="-72.552727">
        <ele>155.75</ele>
      </trkpt>
      <trkpt lat="45.418456" lon="-72.552898">
        <ele>155.72</ele>
      </trkpt>
      <trkpt lat="45.41846" lon="-72.552914">
        <ele>155.83</ele>
      </trkpt>
      <trkpt lat="45.418495" lon="-72.553043">
        <ele>156.17</ele>
      </trkpt>
      <trkpt lat="45.418569" lon="-72.55318">
        <ele>157.2</ele>
      </trkpt>
      <trkpt lat="45.41872" lon="-72.55333">
        <ele>156.32</ele>
      </trkpt>
      <trkpt lat="45.418859" lon="-72.553506">
        <ele>156.08</ele>
      </trkpt>
      <trkpt lat="45.41907" lon="-72.553894">
        <ele>158.03</ele>
      </trkpt>
      <trkpt lat="45.419165" lon="-72.554028">
        <ele>157.53</ele>
      </trkpt>
      <trkpt lat="45.419266" lon="-72.554116">
        <ele>156.69</ele>
      </trkpt>
      <trkpt lat="45.419346" lon="-72.554153">
        <ele>156.44</ele>
      </trkpt>
      <trkpt lat="45.419477" lon="-72.554248">
        <ele>155.85</ele>
      </trkpt>
      <trkpt lat="45.41969" lon="-72.554497">
        <ele>154.2</ele>
      </trkpt>
      <trkpt lat="45.419815" lon="-72.554593">
        <ele>155.45</ele>
      </trkpt>
      <trkpt lat="45.419968" lon="-72.554635">
        <ele>155.86</ele>
      </trkpt>
      <trkpt lat="45.420138" lon="-72.554694">
        <ele>156.14</ele>
      </trkpt>
      <trkpt lat="45.420305" lon="-72.554695">
        <ele>157.37</ele>
      </trkpt>
      <trkpt lat="45.42043" lon="-72.554731">
        <ele>158.38</ele>
      </trkpt>
      <trkpt lat="45.420575" lon="-72.554843">
        <ele>158.64</ele>
      </trkpt>
      <trkpt lat="45.420902" lon="-72.555317">
        <ele>157.61</ele>
      </trkpt>
      <trkpt lat="45.420909" lon="-72.55533">
        <ele>157.23</ele>
      </trkpt>
      <trkpt lat="45.421012" lon="-72.555529">
        <ele>156.84</ele>
      </trkpt>
      <trkpt lat="45.421055" lon="-72.555749">
        <ele>155.1</ele>
      </trkpt>
      <trkpt lat="45.421072" lon="-72.556055">
        <ele>152.86</ele>
      </trkpt>
      <trkpt lat="45.421117" lon="-72.556547">
        <ele>151.62</ele>
      </trkpt>
      <trkpt lat="45.421223" lon="-72.556992">
        <ele>150.61</ele>
      </trkpt>
      <trkpt lat="45.421291" lon="-72.557281">
        <ele>148.79</ele>
      </trkpt>
      <trkpt lat="45.421293" lon="-72.55731">
        <ele>147.26</ele>
      </trkpt>
      <trkpt lat="45.421302" lon="-72.557456">
        <ele>146.49</ele>
      </trkpt>
      <trkpt lat="45.4213" lon="-72.55748">
        <ele>146.47</ele>
      </trkpt>
      <trkpt lat="45.42129" lon="-72.557637">
        <ele>146.48</ele>
      </trkpt>
      <trkpt lat="45.421267" lon="-72.557778">
        <ele>146.79</ele>
      </trkpt>
      <trkpt lat="45.42126" lon="-72.5578">
        <ele>147.98</ele>
      </trkpt>
      <trkpt lat="45.421184" lon="-72.558061">
        <ele>148.89</ele>
      </trkpt>
      <trkpt lat="45.421137" lon="-72.55822">
        <ele>149.66</ele>
      </trkpt>
      <trkpt lat="45.421136" lon="-72.558241">
        <ele>150.25</ele>
      </trkpt>
      <trkpt lat="45.42113" lon="-72.558378">
        <ele>151.42</ele>
      </trkpt>
      <trkpt lat="45.421147" lon="-72.558542">
        <ele>151.7</ele>
      </trkpt>
      <trkpt lat="45.421209" lon="-72.55907">
        <ele>152.79</ele>
      </trkpt>
      <trkpt lat="45.421209" lon="-72.55909">
        <ele>153.87</ele>
      </trkpt>
      <trkpt lat="45.421204" lon="-72.559322">
        <ele>155.11</ele>
      </trkpt>
      <trkpt lat="45.42116" lon="-72.559453">
        <ele>155.33</ele>
      </trkpt>
      <trkpt lat="45.421154" lon="-72.559464">
        <ele>155.55</ele>
      </trkpt>
      <trkpt lat="45.42107" lon="-72.559624">
        <ele>154.83</ele>
      </trkpt>
      <trkpt lat="45.421064" lon="-72.559643">
        <ele>154.29</ele>
      </trkpt>
      <trkpt lat="45.421029" lon="-72.559742">
        <ele>154.76</ele>
      </trkpt>
      <trkpt lat="45.421026" lon="-72.559771">
        <ele>155.2</ele>
      </trkpt>
      <trkpt lat="45.421015" lon="-72.559869">
        <ele>156.77</ele>
      </trkpt>
      <trkpt lat="45.421057" lon="-72.56017">
        <ele>158.2</ele>
      </trkpt>
      <trkpt lat="45.421209" lon="-72.561028">
        <ele>160.1</ele>
      </trkpt>
      <trkpt lat="45.421235" lon="-72.561327">
        <ele>159.56</ele>
      </trkpt>
      <trkpt lat="45.421246" lon="-72.561768">
        <ele>159.12</ele>
      </trkpt>
      <trkpt lat="45.421268" lon="-72.562007">
        <ele>158.7</ele>
      </trkpt>
      <trkpt lat="45.421322" lon="-72.562169">
        <ele>159.09</ele>
      </trkpt>
      <trkpt lat="45.421328" lon="-72.562181">
        <ele>159.39</ele>
      </trkpt>
      <trkpt lat="45.42152" lon="-72.562561">
        <ele>158.65</ele>
      </trkpt>
      <trkpt lat="45.421665" lon="-72.562816">
        <ele>159.58</ele>
      </trkpt>
      <trkpt lat="45.421834" lon="-72.563219">
        <ele>159.39</ele>
      </trkpt>
      <trkpt lat="45.421964" lon="-72.56356">
        <ele>158.7</ele>
      </trkpt>
      <trkpt lat="45.421969" lon="-72.563574">
        <ele>157.63</ele>
      </trkpt>
      <trkpt lat="45.42213" lon="-72.564084">
        <ele>160.27</ele>
      </trkpt>
      <trkpt lat="45.422192" lon="-72.564347">
        <ele>161.74</ele>
      </trkpt>
      <trkpt lat="45.422336" lon="-72.564733">
        <ele>161.36</ele>
      </trkpt>
      <trkpt lat="45.422582" lon="-72.56516">
        <ele>160.93</ele>
      </trkpt>
      <trkpt lat="45.422744" lon="-72.565432">
        <ele>160.05</ele>
      </trkpt>
      <trkpt lat="45.422752" lon="-72.56545">
        <ele>157.18</ele>
      </trkpt>
      <trkpt lat="45.422834" lon="-72.565649">
        <ele>153.96</ele>
      </trkpt>
      <trkpt lat="45.42294" lon="-72.56596">
        <ele>153.29</ele>
      </trkpt>
      <trkpt lat="45.42295" lon="-72.56598">
        <ele>152.56</ele>
      </trkpt>
      <trkpt lat="45.423367" lon="-72.566841">
        <ele>152.28</ele>
      </trkpt>
      <trkpt lat="45.42343" lon="-72.566993">
        <ele>150.69</ele>
      </trkpt>
      <trkpt lat="45.423434" lon="-72.567014">
        <ele>149.11</ele>
      </trkpt>
      <trkpt lat="45.423486" lon="-72.567261">
        <ele>148.42</ele>
      </trkpt>
      <trkpt lat="45.423488" lon="-72.567289">
        <ele>147.46</ele>
      </trkpt>
      <trkpt lat="45.423505" lon="-72.56752">
        <ele>146.47</ele>
      </trkpt>
      <trkpt lat="45.423502" lon="-72.567704">
        <ele>148.47</ele>
      </trkpt>
      <trkpt lat="45.4235" lon="-72.56773">
        <ele>150.89</ele>
      </trkpt>
      <trkpt lat="45.423476" lon="-72.567972">
        <ele>153.1</ele>
      </trkpt>
      <trkpt lat="45.423377" lon="-72.56851">
        <ele>155.14</ele>
      </trkpt>
      <trkpt lat="45.423381" lon="-72.568678">
        <ele>158.51</ele>
      </trkpt>
      <trkpt lat="45.423367" lon="-72.568991">
        <ele>160.65</ele>
      </trkpt>
      <trkpt lat="45.423346" lon="-72.569219">
        <ele>162.28</ele>
      </trkpt>
      <trkpt lat="45.423366" lon="-72.569396">
        <ele>161.77</ele>
      </trkpt>
      <trkpt lat="45.423407" lon="-72.569504">
        <ele>161.1</ele>
      </trkpt>
      <trkpt lat="45.423508" lon="-72.569895">
        <ele>160.09</ele>
      </trkpt>
      <trkpt lat="45.423572" lon="-72.570199">
        <ele>158.96</ele>
      </trkpt>
      <trkpt lat="45.423605" lon="-72.570489">
        <ele>157.91</ele>
      </trkpt>
      <trkpt lat="45.42361" lon="-72.570663">
        <ele>158.83</ele>
      </trkpt>
      <trkpt lat="45.423608" lon="-72.57069">
        <ele>160.09</ele>
      </trkpt>
      <trkpt lat="45.423592" lon="-72.570875">
        <ele>160.12</ele>
      </trkpt>
      <trkpt lat="45.423579" lon="-72.571044">
        <ele>160.55</ele>
      </trkpt>
      <trkpt lat="45.423559" lon="-72.57116">
        <ele>161.7</ele>
      </trkpt>
      <trkpt lat="45.423552" lon="-72.571181">
        <ele>161.46</ele>
      </trkpt>
      <trkpt lat="45.423388" lon="-72.571716">
        <ele>161.35</ele>
      </trkpt>
      <trkpt lat="45.423356" lon="-72.57186">
        <ele>161.44</ele>
      </trkpt>
      <trkpt lat="45.423353" lon="-72.57202">
        <ele>161.82</ele>
      </trkpt>
      <trkpt lat="45.423378" lon="-72.57235">
        <ele>161.09</ele>
      </trkpt>
      <trkpt lat="45.423377" lon="-72.572779">
        <ele>160.97</ele>
      </trkpt>
      <trkpt lat="45.423373" lon="-72.573139">
        <ele>161.13</ele>
      </trkpt>
      <trkpt lat="45.42337" lon="-72.573368">
        <ele>160.58</ele>
      </trkpt>
      <trkpt lat="45.42338" lon="-72.573931">
        <ele>160.62</ele>
      </trkpt>
      <trkpt lat="45.423353" lon="-72.574335">
        <ele>160.88</ele>
      </trkpt>
      <trkpt lat="45.423355" lon="-72.574359">
        <ele>160.13</ele>
      </trkpt>
      <trkpt lat="45.423375" lon="-72.574549">
        <ele>159.38</ele>
      </trkpt>
      <trkpt lat="45.423482" lon="-72.574848">
        <ele>159.06</ele>
      </trkpt>
      <trkpt lat="45.423619" lon="-72.575125">
        <ele>157.89</ele>
      </trkpt>
      <trkpt lat="45.423727" lon="-72.575367">
        <ele>156.64</ele>
      </trkpt>
      <trkpt lat="45.42373" lon="-72.575386">
        <ele>155.5</ele>
      </trkpt>
      <trkpt lat="45.423755" lon="-72.57553">
        <ele>155.43</ele>
      </trkpt>
      <trkpt lat="45.423751" lon="-72.575661">
        <ele>156.45</ele>
      </trkpt>
      <trkpt lat="45.423668" lon="-72.576018">
        <ele>157.49</ele>
      </trkpt>
      <trkpt lat="45.423619" lon="-72.576159">
        <ele>159.25</ele>
      </trkpt>
      <trkpt lat="45.423565" lon="-72.57624">
        <ele>161.64</ele>
      </trkpt>
      <trkpt lat="45.423373" lon="-72.576439">
        <ele>163.14</ele>
      </trkpt>
      <trkpt lat="45.423287" lon="-72.576566">
        <ele>163.84</ele>
      </trkpt>
      <trkpt lat="45.423164" lon="-72.576841">
        <ele>164.06</ele>
      </trkpt>
      <trkpt lat="45.423157" lon="-72.576869">
        <ele>164.11</ele>
      </trkpt>
      <trkpt lat="45.42308" lon="-72.577176">
        <ele>163.73</ele>
      </trkpt>
      <trkpt lat="45.423047" lon="-72.577378">
        <ele>162.61</ele>
      </trkpt>
      <trkpt lat="45.423027" lon="-72.577511">
        <ele>161.5</ele>
      </trkpt>
      <trkpt lat="45.423004" lon="-72.577749">
        <ele>161.13</ele>
      </trkpt>
      <trkpt lat="45.423001" lon="-72.57777">
        <ele>160.12</ele>
      </trkpt>
      <trkpt lat="45.422951" lon="-72.578095">
        <ele>159.33</ele>
      </trkpt>
      <trkpt lat="45.422921" lon="-72.57827">
        <ele>159.03</ele>
      </trkpt>
      <trkpt lat="45.422916" lon="-72.578464">
        <ele>158.79</ele>
      </trkpt>
      <trkpt lat="45.422903" lon="-72.578647">
        <ele>158.36</ele>
      </trkpt>
      <trkpt lat="45.422899" lon="-72.57866">
        <ele>158.41</ele>
      </trkpt>
      <trkpt lat="45.422858" lon="-72.578798">
        <ele>158.52</ele>
      </trkpt>
      <trkpt lat="45.422786" lon="-72.578947">
        <ele>158.64</ele>
      </trkpt>
      <trkpt lat="45.422779" lon="-72.578969">
        <ele>158.71</ele>
      </trkpt>
      <trkpt lat="45.422743" lon="-72.579074">
        <ele>158.57</ele>
      </trkpt>
      <trkpt lat="45.422739" lon="-72.5791">
        <ele>158.31</ele>
      </trkpt>
      <trkpt lat="45.42272" lon="-72.579231">
        <ele>157.81</ele>
      </trkpt>
      <trkpt lat="45.42272" lon="-72.57925">
        <ele>157.35</ele>
      </trkpt>
      <trkpt lat="45.422721" lon="-72.579444">
        <ele>157.56</ele>
      </trkpt>
      <trkpt lat="45.422716" lon="-72.579468">
        <ele>157.92</ele>
      </trkpt>
      <trkpt lat="45.422694" lon="-72.579579">
        <ele>158.78</ele>
      </trkpt>
      <trkpt lat="45.422685" lon="-72.579595">
        <ele>160.34</ele>
      </trkpt>
      <trkpt lat="45.42263" lon="-72.579689">
        <ele>161.92</ele>
      </trkpt>
      <trkpt lat="45.422251" lon="-72.580081">
        <ele>162.38</ele>
      </trkpt>
      <trkpt lat="45.422244" lon="-72.580095">
        <ele>162.87</ele>
      </trkpt>
      <trkpt lat="45.422187" lon="-72.580215">
        <ele>162.05</ele>
      </trkpt>
      <trkpt lat="45.422182" lon="-72.580231">
        <ele>160.88</ele>
      </trkpt>
      <trkpt lat="45.42205" lon="-72.5807">
        <ele>160.83</ele>
      </trkpt>
      <trkpt lat="45.421939" lon="-72.581078">
        <ele>161.24</ele>
      </trkpt>
      <trkpt lat="45.421917" lon="-72.581296">
        <ele>160.29</ele>
      </trkpt>
      <trkpt lat="45.421918" lon="-72.581309">
        <ele>161.3</ele>
      </trkpt>
      <trkpt lat="45.42196" lon="-72.5818">
        <ele>162.1</ele>
      </trkpt>
      <trkpt lat="45.421955" lon="-72.581998">
        <ele>161.03</ele>
      </trkpt>
      <trkpt lat="45.42195" lon="-72.58202">
        <ele>160.98</ele>
      </trkpt>
      <trkpt lat="45.421895" lon="-72.582237">
        <ele>162.23</ele>
      </trkpt>
      <trkpt lat="45.421849" lon="-72.582456">
        <ele>161.91</ele>
      </trkpt>
      <trkpt lat="45.421849" lon="-72.58247">
        <ele>161.63</ele>
      </trkpt>
      <trkpt lat="45.421848" lon="-72.58263">
        <ele>161.69</ele>
      </trkpt>
      <trkpt lat="45.421851" lon="-72.582646">
        <ele>161.55</ele>
      </trkpt>
      <trkpt lat="45.421882" lon="-72.582817">
        <ele>161.44</ele>
      </trkpt>
      <trkpt lat="45.421914" lon="-72.583035">
        <ele>161.52</ele>
      </trkpt>
      <trkpt lat="45.421914" lon="-72.58305">
        <ele>161.62</ele>
      </trkpt>
      <trkpt lat="45.421912" lon="-72.583249">
        <ele>161.95</ele>
      </trkpt>
      <trkpt lat="45.421907" lon="-72.583269">
        <ele>161.46</ele>
      </trkpt>
      <trkpt lat="45.421861" lon="-72.583467">
        <ele>161.08</ele>
      </trkpt>
      <trkpt lat="45.421858" lon="-72.58349">
        <ele>160.92</ele>
      </trkpt>
      <trkpt lat="45.421834" lon="-72.583703">
        <ele>159.46</ele>
      </trkpt>
      <trkpt lat="45.421834" lon="-72.58372">
        <ele>158.12</ele>
      </trkpt>
      <trkpt lat="45.421854" lon="-72.584402">
        <ele>156.32</ele>
      </trkpt>
      <trkpt lat="45.421853" lon="-72.58443">
        <ele>154.37</ele>
      </trkpt>
      <trkpt lat="45.421841" lon="-72.584723">
        <ele>153.37</ele>
      </trkpt>
      <trkpt lat="45.421845" lon="-72.584748">
        <ele>154.29</ele>
      </trkpt>
      <trkpt lat="45.421976" lon="-72.58552">
        <ele>154.82</ele>
      </trkpt>
      <trkpt lat="45.422209" lon="-72.586007">
        <ele>155.54</ele>
      </trkpt>
      <trkpt lat="45.422243" lon="-72.586237">
        <ele>156.29</ele>
      </trkpt>
      <trkpt lat="45.422256" lon="-72.586393">
        <ele>156.21</ele>
      </trkpt>
      <trkpt lat="45.422255" lon="-72.58641">
        <ele>156.3</ele>
      </trkpt>
      <trkpt lat="45.422235" lon="-72.587065">
        <ele>156.78</ele>
      </trkpt>
      <trkpt lat="45.422236" lon="-72.587208">
        <ele>157.08</ele>
      </trkpt>
      <trkpt lat="45.422284" lon="-72.587386">
        <ele>156.95</ele>
      </trkpt>
      <trkpt lat="45.422737" lon="-72.588428">
        <ele>156.71</ele>
      </trkpt>
      <trkpt lat="45.422769" lon="-72.588636">
        <ele>156.57</ele>
      </trkpt>
      <trkpt lat="45.422769" lon="-72.58865">
        <ele>156.21</ele>
      </trkpt>
      <trkpt lat="45.422772" lon="-72.588857">
        <ele>156.28</ele>
      </trkpt>
      <trkpt lat="45.422761" lon="-72.58903">
        <ele>156.56</ele>
      </trkpt>
      <trkpt lat="45.422755" lon="-72.589046">
        <ele>156.85</ele>
      </trkpt>
      <trkpt lat="45.422706" lon="-72.589169">
        <ele>156.98</ele>
      </trkpt>
      <trkpt lat="45.422699" lon="-72.589178">
        <ele>157.39</ele>
      </trkpt>
      <trkpt lat="45.422599" lon="-72.589311">
        <ele>157.7</ele>
      </trkpt>
      <trkpt lat="45.42259" lon="-72.589319">
        <ele>158.78</ele>
      </trkpt>
      <trkpt lat="45.422305" lon="-72.589565">
        <ele>160.02</ele>
      </trkpt>
      <trkpt lat="45.422157" lon="-72.589629">
        <ele>160.72</ele>
      </trkpt>
      <trkpt lat="45.42187" lon="-72.589739">
        <ele>160.92</ele>
      </trkpt>
      <trkpt lat="45.421556" lon="-72.589751">
        <ele>161.27</ele>
      </trkpt>
      <trkpt lat="45.421437" lon="-72.589801">
        <ele>161.53</ele>
      </trkpt>
      <trkpt lat="45.421429" lon="-72.589807">
        <ele>161.68</ele>
      </trkpt>
      <trkpt lat="45.421315" lon="-72.589888">
        <ele>161.44</ele>
      </trkpt>
      <trkpt lat="45.421309" lon="-72.589899">
        <ele>161.74</ele>
      </trkpt>
      <trkpt lat="45.421254" lon="-72.590002">
        <ele>162</ele>
      </trkpt>
      <trkpt lat="45.421225" lon="-72.590106">
        <ele>161.62</ele>
      </trkpt>
      <trkpt lat="45.421225" lon="-72.59012">
        <ele>160.66</ele>
      </trkpt>
      <trkpt lat="45.42123" lon="-72.5904">
        <ele>160.02</ele>
      </trkpt>
      <trkpt lat="45.421213" lon="-72.590572">
        <ele>159.57</ele>
      </trkpt>
      <trkpt lat="45.421159" lon="-72.590709">
        <ele>159</ele>
      </trkpt>
      <trkpt lat="45.421074" lon="-72.590805">
        <ele>159.25</ele>
      </trkpt>
      <trkpt lat="45.420965" lon="-72.590925">
        <ele>160.04</ele>
      </trkpt>
      <trkpt lat="45.420593" lon="-72.591724">
        <ele>161.08</ele>
      </trkpt>
      <trkpt lat="45.420586" lon="-72.591735">
        <ele>161.86</ele>
      </trkpt>
      <trkpt lat="45.420397" lon="-72.592024">
        <ele>162.59</ele>
      </trkpt>
      <trkpt lat="45.42039" lon="-72.59205">
        <ele>162.82</ele>
      </trkpt>
      <trkpt lat="45.42035" lon="-72.592199">
        <ele>162.88</ele>
      </trkpt>
      <trkpt lat="45.420266" lon="-72.592602">
        <ele>162.54</ele>
      </trkpt>
      <trkpt lat="45.420243" lon="-72.59279">
        <ele>162.5</ele>
      </trkpt>
      <trkpt lat="45.420245" lon="-72.592809">
        <ele>162.57</ele>
      </trkpt>
      <trkpt lat="45.420267" lon="-72.593087">
        <ele>161.43</ele>
      </trkpt>
      <trkpt lat="45.420376" lon="-72.593576">
        <ele>160.64</ele>
      </trkpt>
      <trkpt lat="45.420512" lon="-72.594012">
        <ele>159.83</ele>
      </trkpt>
      <trkpt lat="45.420601" lon="-72.59426">
        <ele>157.86</ele>
      </trkpt>
      <trkpt lat="45.420607" lon="-72.594286">
        <ele>154.62</ele>
      </trkpt>
      <trkpt lat="45.420741" lon="-72.59483">
        <ele>154.62</ele>
      </trkpt>
      <trkpt lat="45.421057" lon="-72.595168">
        <ele>152.38</ele>
      </trkpt>
      <trkpt lat="45.421368" lon="-72.595345">
        <ele>153.23</ele>
      </trkpt>
      <trkpt lat="45.421615" lon="-72.595664">
        <ele>154.57</ele>
      </trkpt>
      <trkpt lat="45.421798" lon="-72.595778">
        <ele>157.31</ele>
      </trkpt>
      <trkpt lat="45.422342" lon="-72.596177">
        <ele>157.86</ele>
      </trkpt>
      <trkpt lat="45.422433" lon="-72.59636">
        <ele>159.85</ele>
      </trkpt>
      <trkpt lat="45.422437" lon="-72.596388">
        <ele>158.09</ele>
      </trkpt>
      <trkpt lat="45.42247" lon="-72.59662">
        <ele>157.86</ele>
      </trkpt>
      <trkpt lat="45.422465" lon="-72.596853">
        <ele>157.58</ele>
      </trkpt>
      <trkpt lat="45.422414" lon="-72.596997">
        <ele>157.14</ele>
      </trkpt>
      <trkpt lat="45.422405" lon="-72.597015">
        <ele>157.5</ele>
      </trkpt>
      <trkpt lat="45.421947" lon="-72.597961">
        <ele>158.53</ele>
      </trkpt>
      <trkpt lat="45.421903" lon="-72.598388">
        <ele>158.59</ele>
      </trkpt>
      <trkpt lat="45.421897" lon="-72.598409">
        <ele>158.64</ele>
      </trkpt>
      <trkpt lat="45.421821" lon="-72.598696">
        <ele>158.73</ele>
      </trkpt>
      <trkpt lat="45.421812" lon="-72.598706">
        <ele>158.38</ele>
      </trkpt>
      <trkpt lat="45.421679" lon="-72.598856">
        <ele>158.12</ele>
      </trkpt>
      <trkpt lat="45.421462" lon="-72.598967">
        <ele>158.14</ele>
      </trkpt>
      <trkpt lat="45.421453" lon="-72.598977">
        <ele>157.69</ele>
      </trkpt>
      <trkpt lat="45.421143" lon="-72.599313">
        <ele>157.41</ele>
      </trkpt>
      <trkpt lat="45.421078" lon="-72.599461">
        <ele>157.18</ele>
      </trkpt>
      <trkpt lat="45.421074" lon="-72.599482">
        <ele>156.76</ele>
      </trkpt>
      <trkpt lat="45.421055" lon="-72.599617">
        <ele>155.9</ele>
      </trkpt>
      <trkpt lat="45.421098" lon="-72.599765">
        <ele>155.44</ele>
      </trkpt>
      <trkpt lat="45.421104" lon="-72.599776">
        <ele>154.98</ele>
      </trkpt>
      <trkpt lat="45.421344" lon="-72.600239">
        <ele>155.67</ele>
      </trkpt>
      <trkpt lat="45.421385" lon="-72.60038">
        <ele>156.47</ele>
      </trkpt>
      <trkpt lat="45.421386" lon="-72.60053">
        <ele>157.11</ele>
      </trkpt>
      <trkpt lat="45.421374" lon="-72.600554">
        <ele>158.07</ele>
      </trkpt>
      <trkpt lat="45.421302" lon="-72.600693">
        <ele>159.09</ele>
      </trkpt>
      <trkpt lat="45.421205" lon="-72.600796">
        <ele>159.32</ele>
      </trkpt>
      <trkpt lat="45.421194" lon="-72.600804">
        <ele>158.88</ele>
      </trkpt>
      <trkpt lat="45.421075" lon="-72.600888">
        <ele>158.63</ele>
      </trkpt>
      <trkpt lat="45.420798" lon="-72.601027">
        <ele>157.96</ele>
      </trkpt>
      <trkpt lat="45.420785" lon="-72.601037">
        <ele>157.29</ele>
      </trkpt>
      <trkpt lat="45.42068" lon="-72.601115">
        <ele>156.62</ele>
      </trkpt>
      <trkpt lat="45.420667" lon="-72.601136">
        <ele>156.66</ele>
      </trkpt>
      <trkpt lat="45.420547" lon="-72.601335">
        <ele>157.55</ele>
      </trkpt>
      <trkpt lat="45.420537" lon="-72.601357">
        <ele>158.26</ele>
      </trkpt>
      <trkpt lat="45.420404" lon="-72.601641">
        <ele>158.86</ele>
      </trkpt>
      <trkpt lat="45.42037" lon="-72.601865">
        <ele>159.32</ele>
      </trkpt>
      <trkpt lat="45.420333" lon="-72.602235">
        <ele>159.65</ele>
      </trkpt>
      <trkpt lat="45.420325" lon="-72.602257">
        <ele>159.11</ele>
      </trkpt>
      <trkpt lat="45.420248" lon="-72.602482">
        <ele>158.83</ele>
      </trkpt>
      <trkpt lat="45.420243" lon="-72.602493">
        <ele>158.42</ele>
      </trkpt>
      <trkpt lat="45.420156" lon="-72.60266">
        <ele>158.01</ele>
      </trkpt>
      <trkpt lat="45.419997" lon="-72.602899">
        <ele>157.74</ele>
      </trkpt>
      <trkpt lat="45.419992" lon="-72.602921">
        <ele>156.75</ele>
      </trkpt>
      <trkpt lat="45.419953" lon="-72.603086">
        <ele>155.83</ele>
      </trkpt>
      <trkpt lat="45.419854" lon="-72.603585">
        <ele>155.18</ele>
      </trkpt>
      <trkpt lat="45.419849" lon="-72.603599">
        <ele>154.93</ele>
      </trkpt>
      <trkpt lat="45.419787" lon="-72.60379">
        <ele>154.4</ele>
      </trkpt>
      <trkpt lat="45.419793" lon="-72.603992">
        <ele>154.45</ele>
      </trkpt>
      <trkpt lat="45.419802" lon="-72.60418">
        <ele>154.46</ele>
      </trkpt>
      <trkpt lat="45.419793" lon="-72.604286">
        <ele>154.97</ele>
      </trkpt>
      <trkpt lat="45.419784" lon="-72.604304">
        <ele>154.83</ele>
      </trkpt>
      <trkpt lat="45.419669" lon="-72.60454">
        <ele>154.91</ele>
      </trkpt>
      <trkpt lat="45.419629" lon="-72.604737">
        <ele>154.82</ele>
      </trkpt>
      <trkpt lat="45.419631" lon="-72.604757">
        <ele>154.75</ele>
      </trkpt>
      <trkpt lat="45.41966" lon="-72.605005">
        <ele>154.4</ele>
      </trkpt>
      <trkpt lat="45.419667" lon="-72.605024">
        <ele>154.21</ele>
      </trkpt>
      <trkpt lat="45.419796" lon="-72.605359">
        <ele>153.82</ele>
      </trkpt>
      <trkpt lat="45.419807" lon="-72.605528">
        <ele>153.66</ele>
      </trkpt>
      <trkpt lat="45.419722" lon="-72.6062">
        <ele>153.53</ele>
      </trkpt>
      <trkpt lat="45.419688" lon="-72.606346">
        <ele>153.24</ele>
      </trkpt>
      <trkpt lat="45.419675" lon="-72.60636">
        <ele>153.43</ele>
      </trkpt>
      <trkpt lat="45.419546" lon="-72.606499">
        <ele>154.07</ele>
      </trkpt>
      <trkpt lat="45.4192" lon="-72.606731">
        <ele>155.23</ele>
      </trkpt>
      <trkpt lat="45.41908" lon="-72.606771">
        <ele>156.92</ele>
      </trkpt>
      <trkpt lat="45.418945" lon="-72.606766">
        <ele>157.92</ele>
      </trkpt>
      <trkpt lat="45.418758" lon="-72.606766">
        <ele>158.47</ele>
      </trkpt>
      <trkpt lat="45.41856" lon="-72.606822">
        <ele>158.85</ele>
      </trkpt>
      <trkpt lat="45.418335" lon="-72.606936">
        <ele>158.63</ele>
      </trkpt>
      <trkpt lat="45.418324" lon="-72.606947">
        <ele>157.9</ele>
      </trkpt>
      <trkpt lat="45.418158" lon="-72.607111">
        <ele>156.87</ele>
      </trkpt>
      <trkpt lat="45.418145" lon="-72.607135">
        <ele>156.46</ele>
      </trkpt>
      <trkpt lat="45.417894" lon="-72.607618">
        <ele>155.14</ele>
      </trkpt>
      <trkpt lat="45.417774" lon="-72.607849">
        <ele>154.06</ele>
      </trkpt>
      <trkpt lat="45.417591" lon="-72.608201">
        <ele>152.95</ele>
      </trkpt>
      <trkpt lat="45.417411" lon="-72.608547">
        <ele>152.61</ele>
      </trkpt>
      <trkpt lat="45.417407" lon="-72.608569">
        <ele>151.66</ele>
      </trkpt>
      <trkpt lat="45.417381" lon="-72.608717">
        <ele>151.46</ele>
      </trkpt>
      <trkpt lat="45.417379" lon="-72.608787">
        <ele>151.03</ele>
      </trkpt>
      <trkpt lat="45.417401" lon="-72.60891">
        <ele>150.53</ele>
      </trkpt>
      <trkpt lat="45.417469" lon="-72.609114">
        <ele>150.06</ele>
      </trkpt>
      <trkpt lat="45.417495" lon="-72.60922">
        <ele>149.64</ele>
      </trkpt>
      <trkpt lat="45.417508" lon="-72.609306">
        <ele>148.95</ele>
      </trkpt>
      <trkpt lat="45.417509" lon="-72.609329">
        <ele>148.36</ele>
      </trkpt>
      <trkpt lat="45.417543" lon="-72.610092">
        <ele>147.85</ele>
      </trkpt>
      <trkpt lat="45.417541" lon="-72.61018">
        <ele>147.47</ele>
      </trkpt>
      <trkpt lat="45.417534" lon="-72.610192">
        <ele>147.1</ele>
      </trkpt>
      <trkpt lat="45.417477" lon="-72.610282">
        <ele>147.1</ele>
      </trkpt>
      <trkpt lat="45.417467" lon="-72.610327">
        <ele>147.13</ele>
      </trkpt>
      <trkpt lat="45.417467" lon="-72.61035">
        <ele>147.07</ele>
      </trkpt>
      <trkpt lat="45.417468" lon="-72.610382">
        <ele>146.41</ele>
      </trkpt>
      <trkpt lat="45.417493" lon="-72.610464">
        <ele>145.46</ele>
      </trkpt>
      <trkpt lat="45.41776" lon="-72.610767">
        <ele>144.38</ele>
      </trkpt>
      <trkpt lat="45.418146" lon="-72.611209">
        <ele>142.95</ele>
      </trkpt>
      <trkpt lat="45.418799" lon="-72.611956">
        <ele>141.8</ele>
      </trkpt>
      <trkpt lat="45.419452" lon="-72.612702">
        <ele>141.35</ele>
      </trkpt>
      <trkpt lat="45.420104" lon="-72.613449">
        <ele>140.28</ele>
      </trkpt>
      <trkpt lat="45.420757" lon="-72.614196">
        <ele>139.4</ele>
      </trkpt>
      <trkpt lat="45.42141" lon="-72.614942">
        <ele>139.94</ele>
      </trkpt>
      <trkpt lat="45.422062" lon="-72.615689">
        <ele>140.3</ele>
      </trkpt>
      <trkpt lat="45.422715" lon="-72.616435">
        <ele>141.51</ele>
      </trkpt>
      <trkpt lat="45.423367" lon="-72.617182">
        <ele>143.45</ele>
      </trkpt>
      <trkpt lat="45.424022" lon="-72.617931">
        <ele>145.38</ele>
      </trkpt>
      <trkpt lat="45.424073" lon="-72.617977">
        <ele>146.24</ele>
      </trkpt>
      <trkpt lat="45.424119" lon="-72.618019">
        <ele>146.98</ele>
      </trkpt>
      <trkpt lat="45.424127" lon="-72.61802">
        <ele>147.61</ele>
      </trkpt>
      <trkpt lat="45.424267" lon="-72.618041">
        <ele>149.31</ele>
      </trkpt>
      <trkpt lat="45.424399" lon="-72.618021">
        <ele>150.98</ele>
      </trkpt>
      <trkpt lat="45.424779" lon="-72.617963">
        <ele>154.04</ele>
      </trkpt>
      <trkpt lat="45.424788" lon="-72.617962">
        <ele>157.26</ele>
      </trkpt>
      <trkpt lat="45.424998" lon="-72.618065">
        <ele>159.62</ele>
      </trkpt>
      <trkpt lat="45.425096" lon="-72.618149">
        <ele>161.25</ele>
      </trkpt>
      <trkpt lat="45.425207" lon="-72.618245">
        <ele>163.66</ele>
      </trkpt>
      <trkpt lat="45.425471" lon="-72.618466">
        <ele>164.81</ele>
      </trkpt>
      <trkpt lat="45.425654" lon="-72.618564">
        <ele>165.86</ele>
      </trkpt>
      <trkpt lat="45.425686" lon="-72.618577">
        <ele>166.97</ele>
      </trkpt>
      <trkpt lat="45.425757" lon="-72.618606">
        <ele>167.93</ele>
      </trkpt>
      <trkpt lat="45.425843" lon="-72.618569">
        <ele>168.14</ele>
      </trkpt>
      <trkpt lat="45.425875" lon="-72.61854">
        <ele>168.37</ele>
      </trkpt>
      <trkpt lat="45.425884" lon="-72.618532">
        <ele>168.49</ele>
      </trkpt>
      <trkpt lat="45.425969" lon="-72.618408">
        <ele>168</ele>
      </trkpt>
      <trkpt lat="45.425976" lon="-72.618398">
        <ele>167.88</ele>
      </trkpt>
      <trkpt lat="45.42605" lon="-72.618202">
        <ele>167</ele>
      </trkpt>
      <trkpt lat="45.426162" lon="-72.617984">
        <ele>165.25</ele>
      </trkpt>
      <trkpt lat="45.426266" lon="-72.617805">
        <ele>161.07</ele>
      </trkpt>
      <trkpt lat="45.42644" lon="-72.617503">
        <ele>157.49</ele>
      </trkpt>
      <trkpt lat="45.426577" lon="-72.617203">
        <ele>153.54</ele>
      </trkpt>
      <trkpt lat="45.426615" lon="-72.617152">
        <ele>150.41</ele>
      </trkpt>
      <trkpt lat="45.426628" lon="-72.617135">
        <ele>148.03</ele>
      </trkpt>
      <trkpt lat="45.426659" lon="-72.617118">
        <ele>148.33</ele>
      </trkpt>
      <trkpt lat="45.426668" lon="-72.617113">
        <ele>148.75</ele>
      </trkpt>
      <trkpt lat="45.426715" lon="-72.6171">
        <ele>148.87</ele>
      </trkpt>
      <trkpt lat="45.426802" lon="-72.617095">
        <ele>149.08</ele>
      </trkpt>
      <trkpt lat="45.426911" lon="-72.617119">
        <ele>149.37</ele>
      </trkpt>
      <trkpt lat="45.427109" lon="-72.617218">
        <ele>149.7</ele>
      </trkpt>
      <trkpt lat="45.427142" lon="-72.617222">
        <ele>149.76</ele>
      </trkpt>
      <trkpt lat="45.427198" lon="-72.617192">
        <ele>150.06</ele>
      </trkpt>
      <trkpt lat="45.427308" lon="-72.617134">
        <ele>150.2</ele>
      </trkpt>
      <trkpt lat="45.427326" lon="-72.617114">
        <ele>150.44</ele>
      </trkpt>
      <trkpt lat="45.427335" lon="-72.617104">
        <ele>150.59</ele>
      </trkpt>
      <trkpt lat="45.42743" lon="-72.616856">
        <ele>150.77</ele>
      </trkpt>
      <trkpt lat="45.427603" lon="-72.616404">
        <ele>150.96</ele>
      </trkpt>
      <trkpt lat="45.427611" lon="-72.616247">
        <ele>151.23</ele>
      </trkpt>
      <trkpt lat="45.427626" lon="-72.616187">
        <ele>151.26</ele>
      </trkpt>
      <trkpt lat="45.427658" lon="-72.616131">
        <ele>151.26</ele>
      </trkpt>
      <trkpt lat="45.427696" lon="-72.616077">
        <ele>151.03</ele>
      </trkpt>
      <trkpt lat="45.427734" lon="-72.616049">
        <ele>151.13</ele>
      </trkpt>
      <trkpt lat="45.427772" lon="-72.616044">
        <ele>151.21</ele>
      </trkpt>
      <trkpt lat="45.427815" lon="-72.616053">
        <ele>151.55</ele>
      </trkpt>
      <trkpt lat="45.427849" lon="-72.616062">
        <ele>151.75</ele>
      </trkpt>
      <trkpt lat="45.428061" lon="-72.616156">
        <ele>152.38</ele>
      </trkpt>
      <trkpt lat="45.428106" lon="-72.616014">
        <ele>151.93</ele>
      </trkpt>
      <trkpt lat="45.428149" lon="-72.615909">
        <ele>151.5</ele>
      </trkpt>
      <trkpt lat="45.428256" lon="-72.615726">
        <ele>151.08</ele>
      </trkpt>
      <trkpt lat="45.428266" lon="-72.615709">
        <ele>150.42</ele>
      </trkpt>
      <trkpt lat="45.428325" lon="-72.615653">
        <ele>149.49</ele>
      </trkpt>
      <trkpt lat="45.42849" lon="-72.615532">
        <ele>149.46</ele>
      </trkpt>
      <trkpt lat="45.429141" lon="-72.615272">
        <ele>149.39</ele>
      </trkpt>
      <trkpt lat="45.429688" lon="-72.615152">
        <ele>149.24</ele>
      </trkpt>
      <trkpt lat="45.429697" lon="-72.61515">
        <ele>149.69</ele>
      </trkpt>
      <trkpt lat="45.429918" lon="-72.615102">
        <ele>150.18</ele>
      </trkpt>
      <trkpt lat="45.430247" lon="-72.61503">
        <ele>150.44</ele>
      </trkpt>
      <trkpt lat="45.430344" lon="-72.615077">
        <ele>151.14</ele>
      </trkpt>
      <trkpt lat="45.430414" lon="-72.615148">
        <ele>151.47</ele>
      </trkpt>
      <trkpt lat="45.430516" lon="-72.615463">
        <ele>152.31</ele>
      </trkpt>
      <trkpt lat="45.430609" lon="-72.615625">
        <ele>153.51</ele>
      </trkpt>
      <trkpt lat="45.430827" lon="-72.615879">
        <ele>153.88</ele>
      </trkpt>
      <trkpt lat="45.430871" lon="-72.61602">
        <ele>153.91</ele>
      </trkpt>
      <trkpt lat="45.430873" lon="-72.616049">
        <ele>153.69</ele>
      </trkpt>
      <trkpt lat="45.43088" lon="-72.616128">
        <ele>152.8</ele>
      </trkpt>
      <trkpt lat="45.430902" lon="-72.616813">
        <ele>153.19</ele>
      </trkpt>
      <trkpt lat="45.430906" lon="-72.616926">
        <ele>154.67</ele>
      </trkpt>
      <trkpt lat="45.43094" lon="-72.617803">
        <ele>156.03</ele>
      </trkpt>
      <trkpt lat="45.430946" lon="-72.617945">
        <ele>157.58</ele>
      </trkpt>
      <trkpt lat="45.430973" lon="-72.61868">
        <ele>159.38</ele>
      </trkpt>
      <trkpt lat="45.430978" lon="-72.618811">
        <ele>159.5</ele>
      </trkpt>
      <trkpt lat="45.431005" lon="-72.619334">
        <ele>159.39</ele>
      </trkpt>
      <trkpt lat="45.431036" lon="-72.619944">
        <ele>158.63</ele>
      </trkpt>
      <trkpt lat="45.431046" lon="-72.620139">
        <ele>158.25</ele>
      </trkpt>
      <trkpt lat="45.431105" lon="-72.621208">
        <ele>158.68</ele>
      </trkpt>
      <trkpt lat="45.431175" lon="-72.622473">
        <ele>159.12</ele>
      </trkpt>
      <trkpt lat="45.431207" lon="-72.623059">
        <ele>159.6</ele>
      </trkpt>
      <trkpt lat="45.431232" lon="-72.623742">
        <ele>160.64</ele>
      </trkpt>
      <trkpt lat="45.431234" lon="-72.623748">
        <ele>161.53</ele>
      </trkpt>
      <trkpt lat="45.431286" lon="-72.623919">
        <ele>161.26</ele>
      </trkpt>
      <trkpt lat="45.431308" lon="-72.623946">
        <ele>161.17</ele>
      </trkpt>
      <trkpt lat="45.431348" lon="-72.623981">
        <ele>161.04</ele>
      </trkpt>
      <trkpt lat="45.431873" lon="-72.624232">
        <ele>161.11</ele>
      </trkpt>
      <trkpt lat="45.432265" lon="-72.624349">
        <ele>160.67</ele>
      </trkpt>
      <trkpt lat="45.432461" lon="-72.624435">
        <ele>160.26</ele>
      </trkpt>
      <trkpt lat="45.432737" lon="-72.624568">
        <ele>160.34</ele>
      </trkpt>
      <trkpt lat="45.432982" lon="-72.624725">
        <ele>161.27</ele>
      </trkpt>
      <trkpt lat="45.433466" lon="-72.62502">
        <ele>162.15</ele>
      </trkpt>
      <trkpt lat="45.434195" lon="-72.625464">
        <ele>163.56</ele>
      </trkpt>
      <trkpt lat="45.434238" lon="-72.625481">
        <ele>164.84</ele>
      </trkpt>
      <trkpt lat="45.434308" lon="-72.625494">
        <ele>165.27</ele>
      </trkpt>
      <trkpt lat="45.434652" lon="-72.625522">
        <ele>164.33</ele>
      </trkpt>
      <trkpt lat="45.434953" lon="-72.625582">
        <ele>163.57</ele>
      </trkpt>
      <trkpt lat="45.435199" lon="-72.625683">
        <ele>163.29</ele>
      </trkpt>
      <trkpt lat="45.435397" lon="-72.625816">
        <ele>161.67</ele>
      </trkpt>
      <trkpt lat="45.435598" lon="-72.625979">
        <ele>161.87</ele>
      </trkpt>
      <trkpt lat="45.436053" lon="-72.626401">
        <ele>160.97</ele>
      </trkpt>
      <trkpt lat="45.436159" lon="-72.626486">
        <ele>160.12</ele>
      </trkpt>
      <trkpt lat="45.436272" lon="-72.626549">
        <ele>157.29</ele>
      </trkpt>
      <trkpt lat="45.436406" lon="-72.626592">
        <ele>155.16</ele>
      </trkpt>
      <trkpt lat="45.436589" lon="-72.6266">
        <ele>150.96</ele>
      </trkpt>
      <trkpt lat="45.436979" lon="-72.626601">
        <ele>148.44</ele>
      </trkpt>
      <trkpt lat="45.43756" lon="-72.626602">
        <ele>145.84</ele>
      </trkpt>
      <trkpt lat="45.437569" lon="-72.626602">
        <ele>143.47</ele>
      </trkpt>
      <trkpt lat="45.437618" lon="-72.626578">
        <ele>141.89</ele>
      </trkpt>
      <trkpt lat="45.437695" lon="-72.626539">
        <ele>141.05</ele>
      </trkpt>
      <trkpt lat="45.437707" lon="-72.626533">
        <ele>140.23</ele>
      </trkpt>
      <trkpt lat="45.437761" lon="-72.626475">
        <ele>138.98</ele>
      </trkpt>
      <trkpt lat="45.43806" lon="-72.626035">
        <ele>138.78</ele>
      </trkpt>
      <trkpt lat="45.43812" lon="-72.625979">
        <ele>138.5</ele>
      </trkpt>
      <trkpt lat="45.43817" lon="-72.62594">
        <ele>139.07</ele>
      </trkpt>
      <trkpt lat="45.43818" lon="-72.625932">
        <ele>139.55</ele>
      </trkpt>
      <trkpt lat="45.438248" lon="-72.625892">
        <ele>140.01</ele>
      </trkpt>
      <trkpt lat="45.438259" lon="-72.625885">
        <ele>140.39</ele>
      </trkpt>
      <trkpt lat="45.438341" lon="-72.625863">
        <ele>141.82</ele>
      </trkpt>
      <trkpt lat="45.438435" lon="-72.625836">
        <ele>142</ele>
      </trkpt>
      <trkpt lat="45.439281" lon="-72.625691">
        <ele>142.24</ele>
      </trkpt>
      <trkpt lat="45.439365" lon="-72.625649">
        <ele>143.08</ele>
      </trkpt>
      <trkpt lat="45.439378" lon="-72.625642">
        <ele>145.98</ele>
      </trkpt>
      <trkpt lat="45.439977" lon="-72.625127">
        <ele>145.09</ele>
      </trkpt>
      <trkpt lat="45.440504" lon="-72.624674">
        <ele>153.87</ele>
      </trkpt>
    </trkseg>
  </trk>
</gpx>