<?xml version="1.0" encoding="UTF-8"?>
<gpx version="1.1" creator="sutton-yamaska-option2" xmlns="http://www.topografix.net/GPX/1/1">
<trk><name>Sutton overnight loop Option 2</name>
<trkseg>
<trkpt lat="45.104699" lon="-72.561453" />
<trkpt lat="45.104830" lon="-72.561421" />
<trkpt lat="45.104883" lon="-72.561649" />
<trkpt lat="45.104895" lon="-72.561711" />
<trkpt lat="45.104910" lon="-72.561792" />
<trkpt lat="45.104958" lon="-72.562067" />
<trkpt lat="45.105057" lon="-72.562628" />
<trkpt lat="45.105151" lon="-72.563222" />
<trkpt lat="45.105238" lon="-72.563772" />
<trkpt lat="45.105415" lon="-72.564894" />
<trkpt lat="45.105474" lon="-72.565591" />
<trkpt lat="45.105529" lon="-72.566739" />
<trkpt lat="45.105577" lon="-72.567940" />
<trkpt lat="45.105596" lon="-72.568432" />
<trkpt lat="45.105622" lon="-72.569142" />
<trkpt lat="45.105632" lon="-72.569406" />
<trkpt lat="45.105666" lon="-72.570344" />
<trkpt lat="45.105710" lon="-72.571546" />
<trkpt lat="45.105742" lon="-72.572421" />
<trkpt lat="45.105757" lon="-72.572748" />
<trkpt lat="45.105792" lon="-72.573509" />
<trkpt lat="45.105808" lon="-72.573950" />
<trkpt lat="45.105833" lon="-72.575174" />
<trkpt lat="45.105842" lon="-72.575613" />
<trkpt lat="45.105862" lon="-72.576399" />
<trkpt lat="45.105893" lon="-72.577624" />
<trkpt lat="45.105915" lon="-72.578489" />
<trkpt lat="45.105925" lon="-72.578849" />
<trkpt lat="45.105957" lon="-72.580074" />
<trkpt lat="45.105965" lon="-72.580357" />
<trkpt lat="45.105984" lon="-72.581301" />
<trkpt lat="45.105986" lon="-72.581372" />
<trkpt lat="45.106019" lon="-72.582555" />
<trkpt lat="45.106054" lon="-72.583811" />
<trkpt lat="45.106088" lon="-72.585033" />
<trkpt lat="45.106089" lon="-72.585067" />
<trkpt lat="45.106090" lon="-72.585131" />
<trkpt lat="45.106123" lon="-72.586323" />
<trkpt lat="45.106158" lon="-72.587580" />
<trkpt lat="45.106165" lon="-72.587919" />
<trkpt lat="45.106168" lon="-72.588095" />
<trkpt lat="45.106170" lon="-72.588196" />
<trkpt lat="45.106179" lon="-72.588711" />
<trkpt lat="45.106199" lon="-72.589843" />
<trkpt lat="45.106205" lon="-72.590151" />
<trkpt lat="45.106223" lon="-72.590974" />
<trkpt lat="45.106247" lon="-72.592106" />
<trkpt lat="45.106272" lon="-72.593238" />
<trkpt lat="45.106296" lon="-72.594370" />
<trkpt lat="45.106320" lon="-72.595117" />
<trkpt lat="45.106330" lon="-72.595440" />
<trkpt lat="45.106356" lon="-72.595735" />
<trkpt lat="45.106382" lon="-72.595946" />
<trkpt lat="45.106427" lon="-72.596208" />
<trkpt lat="45.106503" lon="-72.596480" />
<trkpt lat="45.106600" lon="-72.596722" />
<trkpt lat="45.106880" lon="-72.597309" />
<trkpt lat="45.106919" lon="-72.597390" />
<trkpt lat="45.107138" lon="-72.597881" />
<trkpt lat="45.107307" lon="-72.598332" />
<trkpt lat="45.107422" lon="-72.598688" />
<trkpt lat="45.107508" lon="-72.599258" />
<trkpt lat="45.107627" lon="-72.600433" />
<trkpt lat="45.107648" lon="-72.600643" />
<trkpt lat="45.107751" lon="-72.601608" />
<trkpt lat="45.107813" lon="-72.602300" />
<trkpt lat="45.107815" lon="-72.602483" />
<trkpt lat="45.107809" lon="-72.602611" />
<trkpt lat="45.107793" lon="-72.602752" />
<trkpt lat="45.107758" lon="-72.602879" />
<trkpt lat="45.107485" lon="-72.603625" />
<trkpt lat="45.107211" lon="-72.604371" />
<trkpt lat="45.107154" lon="-72.604617" />
<trkpt lat="45.107140" lon="-72.604733" />
<trkpt lat="45.107135" lon="-72.604857" />
<trkpt lat="45.107151" lon="-72.604966" />
<trkpt lat="45.107177" lon="-72.605049" />
<trkpt lat="45.107455" lon="-72.605918" />
<trkpt lat="45.107465" lon="-72.605949" />
<trkpt lat="45.107705" lon="-72.606698" />
<trkpt lat="45.107740" lon="-72.606840" />
<trkpt lat="45.107767" lon="-72.607018" />
<trkpt lat="45.107769" lon="-72.607140" />
<trkpt lat="45.107765" lon="-72.607291" />
<trkpt lat="45.107760" lon="-72.607363" />
<trkpt lat="45.107726" lon="-72.607712" />
<trkpt lat="45.107683" lon="-72.607941" />
<trkpt lat="45.107648" lon="-72.608108" />
<trkpt lat="45.107580" lon="-72.608273" />
<trkpt lat="45.107501" lon="-72.608392" />
<trkpt lat="45.107299" lon="-72.608584" />
<trkpt lat="45.107206" lon="-72.608724" />
<trkpt lat="45.107130" lon="-72.608890" />
<trkpt lat="45.107100" lon="-72.609049" />
<trkpt lat="45.107016" lon="-72.609912" />
<trkpt lat="45.107001" lon="-72.610071" />
<trkpt lat="45.106941" lon="-72.610764" />
<trkpt lat="45.106924" lon="-72.610963" />
<trkpt lat="45.106906" lon="-72.611275" />
<trkpt lat="45.106882" lon="-72.611620" />
<trkpt lat="45.106854" lon="-72.612445" />
<trkpt lat="45.106826" lon="-72.613249" />
<trkpt lat="45.106825" lon="-72.614374" />
<trkpt lat="45.106825" lon="-72.614536" />
<trkpt lat="45.106818" lon="-72.614969" />
<trkpt lat="45.106812" lon="-72.615378" />
<trkpt lat="45.106813" lon="-72.615469" />
<trkpt lat="45.107030" lon="-72.615599" />
<trkpt lat="45.107265" lon="-72.615740" />
<trkpt lat="45.107454" lon="-72.615857" />
<trkpt lat="45.107562" lon="-72.615923" />
<trkpt lat="45.107759" lon="-72.616044" />
<trkpt lat="45.107964" lon="-72.616169" />
<trkpt lat="45.108093" lon="-72.616249" />
<trkpt lat="45.108446" lon="-72.616465" />
<trkpt lat="45.108733" lon="-72.616641" />
<trkpt lat="45.109373" lon="-72.617033" />
<trkpt lat="45.109643" lon="-72.617230" />
<trkpt lat="45.109747" lon="-72.617322" />
<trkpt lat="45.109894" lon="-72.617492" />
<trkpt lat="45.110057" lon="-72.617706" />
<trkpt lat="45.110122" lon="-72.617790" />
<trkpt lat="45.110193" lon="-72.617883" />
<trkpt lat="45.110533" lon="-72.618326" />
<trkpt lat="45.110883" lon="-72.618787" />
<trkpt lat="45.111167" lon="-72.619160" />
<trkpt lat="45.111802" lon="-72.619994" />
<trkpt lat="45.112437" lon="-72.620828" />
<trkpt lat="45.112710" lon="-72.621157" />
<trkpt lat="45.112844" lon="-72.621257" />
<trkpt lat="45.112919" lon="-72.621284" />
<trkpt lat="45.113011" lon="-72.621318" />
<trkpt lat="45.113256" lon="-72.621380" />
<trkpt lat="45.113435" lon="-72.621420" />
<trkpt lat="45.113586" lon="-72.621454" />
<trkpt lat="45.113932" lon="-72.621501" />
<trkpt lat="45.114260" lon="-72.621536" />
<trkpt lat="45.114508" lon="-72.621542" />
<trkpt lat="45.114989" lon="-72.621490" />
<trkpt lat="45.115488" lon="-72.621436" />
<trkpt lat="45.116000" lon="-72.621334" />
<trkpt lat="45.116200" lon="-72.621294" />
<trkpt lat="45.116926" lon="-72.621150" />
<trkpt lat="45.117764" lon="-72.621037" />
<trkpt lat="45.118501" lon="-72.620938" />
<trkpt lat="45.118610" lon="-72.620925" />
<trkpt lat="45.118802" lon="-72.620866" />
<trkpt lat="45.119084" lon="-72.620742" />
<trkpt lat="45.119636" lon="-72.620454" />
<trkpt lat="45.119684" lon="-72.620425" />
<trkpt lat="45.119993" lon="-72.620241" />
<trkpt lat="45.120296" lon="-72.620100" />
<trkpt lat="45.120347" lon="-72.620076" />
<trkpt lat="45.120853" lon="-72.619882" />
<trkpt lat="45.121419" lon="-72.619665" />
<trkpt lat="45.122116" lon="-72.619368" />
<trkpt lat="45.122445" lon="-72.619228" />
<trkpt lat="45.122813" lon="-72.619069" />
<trkpt lat="45.123510" lon="-72.618769" />
<trkpt lat="45.123979" lon="-72.618567" />
<trkpt lat="45.124207" lon="-72.618471" />
<trkpt lat="45.124905" lon="-72.618177" />
<trkpt lat="45.125556" lon="-72.617892" />
<trkpt lat="45.126207" lon="-72.617607" />
<trkpt lat="45.126858" lon="-72.617322" />
<trkpt lat="45.127515" lon="-72.617035" />
<trkpt lat="45.127671" lon="-72.616981" />
<trkpt lat="45.127897" lon="-72.616941" />
<trkpt lat="45.128575" lon="-72.616904" />
<trkpt lat="45.129260" lon="-72.616866" />
<trkpt lat="45.129767" lon="-72.616838" />
<trkpt lat="45.130330" lon="-72.616791" />
<trkpt lat="45.130735" lon="-72.616757" />
<trkpt lat="45.130908" lon="-72.616746" />
<trkpt lat="45.131691" lon="-72.616730" />
<trkpt lat="45.132483" lon="-72.616714" />
<trkpt lat="45.133275" lon="-72.616698" />
<trkpt lat="45.134066" lon="-72.616681" />
<trkpt lat="45.134858" lon="-72.616665" />
<trkpt lat="45.135161" lon="-72.616659" />
<trkpt lat="45.135650" lon="-72.616649" />
<trkpt lat="45.135923" lon="-72.616633" />
<trkpt lat="45.135987" lon="-72.616629" />
<trkpt lat="45.136184" lon="-72.616606" />
<trkpt lat="45.136514" lon="-72.616567" />
<trkpt lat="45.136723" lon="-72.616543" />
<trkpt lat="45.137401" lon="-72.616498" />
<trkpt lat="45.137571" lon="-72.616494" />
<trkpt lat="45.137864" lon="-72.616507" />
<trkpt lat="45.138033" lon="-72.616514" />
<trkpt lat="45.138442" lon="-72.616491" />
<trkpt lat="45.138545" lon="-72.616460" />
<trkpt lat="45.138632" lon="-72.616418" />
<trkpt lat="45.138716" lon="-72.616351" />
<trkpt lat="45.138852" lon="-72.616177" />
<trkpt lat="45.138891" lon="-72.616111" />
<trkpt lat="45.138971" lon="-72.615954" />
<trkpt lat="45.139072" lon="-72.615774" />
<trkpt lat="45.139182" lon="-72.615602" />
<trkpt lat="45.139327" lon="-72.615415" />
<trkpt lat="45.139491" lon="-72.615267" />
<trkpt lat="45.139604" lon="-72.615187" />
<trkpt lat="45.139722" lon="-72.615124" />
<trkpt lat="45.139940" lon="-72.615039" />
<trkpt lat="45.140341" lon="-72.614928" />
<trkpt lat="45.140679" lon="-72.614864" />
<trkpt lat="45.140922" lon="-72.614836" />
<trkpt lat="45.141344" lon="-72.614848" />
<trkpt lat="45.142203" lon="-72.614910" />
<trkpt lat="45.142469" lon="-72.614900" />
<trkpt lat="45.142957" lon="-72.614864" />
<trkpt lat="45.143144" lon="-72.614826" />
<trkpt lat="45.144126" lon="-72.614497" />
<trkpt lat="45.146099" lon="-72.613870" />
<trkpt lat="45.147552" lon="-72.613410" />
<trkpt lat="45.147537" lon="-72.613172" />
<trkpt lat="45.147503" lon="-72.611898" />
<trkpt lat="45.147410" lon="-72.610831" />
<trkpt lat="45.147362" lon="-72.609749" />
<trkpt lat="45.147335" lon="-72.608490" />
<trkpt lat="45.147230" lon="-72.605339" />
<trkpt lat="45.147197" lon="-72.605146" />
<trkpt lat="45.147167" lon="-72.605030" />
<trkpt lat="45.147155" lon="-72.604986" />
<trkpt lat="45.147117" lon="-72.604896" />
<trkpt lat="45.147263" lon="-72.604619" />
<trkpt lat="45.147337" lon="-72.604551" />
<trkpt lat="45.147363" lon="-72.604543" />
<trkpt lat="45.147424" lon="-72.604524" />
<trkpt lat="45.149079" lon="-72.604565" />
<trkpt lat="45.150395" lon="-72.604494" />
<trkpt lat="45.150663" lon="-72.604531" />
<trkpt lat="45.153191" lon="-72.604463" />
<trkpt lat="45.153312" lon="-72.604475" />
<trkpt lat="45.153441" lon="-72.604518" />
<trkpt lat="45.153547" lon="-72.604585" />
<trkpt lat="45.153677" lon="-72.604688" />
<trkpt lat="45.154027" lon="-72.605019" />
<trkpt lat="45.154147" lon="-72.605134" />
<trkpt lat="45.154565" lon="-72.605562" />
<trkpt lat="45.155952" lon="-72.606904" />
<trkpt lat="45.156417" lon="-72.607441" />
<trkpt lat="45.156864" lon="-72.607996" />
<trkpt lat="45.157307" lon="-72.608601" />
<trkpt lat="45.157950" lon="-72.609396" />
<trkpt lat="45.158244" lon="-72.609747" />
<trkpt lat="45.158635" lon="-72.610129" />
<trkpt lat="45.159028" lon="-72.610476" />
<trkpt lat="45.159487" lon="-72.610782" />
<trkpt lat="45.159979" lon="-72.611018" />
<trkpt lat="45.160473" lon="-72.611256" />
<trkpt lat="45.160710" lon="-72.611339" />
<trkpt lat="45.160791" lon="-72.611352" />
<trkpt lat="45.160861" lon="-72.611355" />
<trkpt lat="45.160933" lon="-72.611336" />
<trkpt lat="45.160994" lon="-72.611304" />
<trkpt lat="45.161071" lon="-72.611234" />
<trkpt lat="45.161376" lon="-72.610966" />
<trkpt lat="45.161422" lon="-72.610922" />
<trkpt lat="45.161973" lon="-72.610399" />
<trkpt lat="45.162527" lon="-72.609873" />
<trkpt lat="45.163089" lon="-72.609340" />
<trkpt lat="45.163301" lon="-72.609935" />
<trkpt lat="45.163515" lon="-72.610535" />
<trkpt lat="45.163703" lon="-72.610910" />
<trkpt lat="45.163837" lon="-72.611076" />
<trkpt lat="45.163928" lon="-72.611141" />
<trkpt lat="45.164017" lon="-72.611157" />
<trkpt lat="45.164136" lon="-72.611153" />
<trkpt lat="45.164708" lon="-72.611038" />
<trkpt lat="45.165288" lon="-72.610921" />
<trkpt lat="45.165443" lon="-72.610922" />
<trkpt lat="45.166143" lon="-72.611019" />
<trkpt lat="45.166248" lon="-72.611052" />
<trkpt lat="45.166332" lon="-72.611117" />
<trkpt lat="45.166402" lon="-72.611199" />
<trkpt lat="45.166441" lon="-72.611239" />
<trkpt lat="45.166474" lon="-72.611311" />
<trkpt lat="45.166532" lon="-72.611390" />
<trkpt lat="45.166609" lon="-72.611447" />
<trkpt lat="45.166714" lon="-72.611513" />
<trkpt lat="45.167219" lon="-72.611730" />
<trkpt lat="45.167656" lon="-72.611997" />
<trkpt lat="45.168148" lon="-72.612251" />
<trkpt lat="45.168623" lon="-72.612542" />
<trkpt lat="45.169097" lon="-72.612832" />
<trkpt lat="45.169193" lon="-72.612859" />
<trkpt lat="45.169305" lon="-72.612871" />
<trkpt lat="45.169401" lon="-72.612849" />
<trkpt lat="45.169743" lon="-72.612714" />
<trkpt lat="45.170146" lon="-72.612425" />
<trkpt lat="45.170247" lon="-72.612377" />
<trkpt lat="45.170564" lon="-72.612320" />
<trkpt lat="45.170663" lon="-72.612344" />
<trkpt lat="45.171264" lon="-72.612787" />
<trkpt lat="45.171862" lon="-72.613227" />
<trkpt lat="45.172011" lon="-72.613317" />
<trkpt lat="45.172750" lon="-72.613794" />
<trkpt lat="45.173199" lon="-72.614038" />
<trkpt lat="45.173285" lon="-72.614127" />
<trkpt lat="45.173463" lon="-72.614245" />
<trkpt lat="45.173546" lon="-72.614274" />
<trkpt lat="45.174210" lon="-72.614269" />
<trkpt lat="45.174880" lon="-72.614263" />
<trkpt lat="45.175552" lon="-72.614258" />
<trkpt lat="45.175688" lon="-72.614275" />
<trkpt lat="45.175813" lon="-72.614327" />
<trkpt lat="45.175905" lon="-72.614391" />
<trkpt lat="45.176216" lon="-72.614608" />
<trkpt lat="45.176622" lon="-72.614890" />
<trkpt lat="45.177344" lon="-72.615392" />
<trkpt lat="45.178065" lon="-72.615893" />
<trkpt lat="45.178316" lon="-72.616022" />
<trkpt lat="45.178416" lon="-72.616063" />
<trkpt lat="45.178523" lon="-72.616107" />
<trkpt lat="45.178773" lon="-72.616204" />
<trkpt lat="45.179135" lon="-72.616299" />
<trkpt lat="45.179257" lon="-72.616331" />
<trkpt lat="45.179741" lon="-72.616458" />
<trkpt lat="45.179830" lon="-72.616482" />
<trkpt lat="45.180612" lon="-72.616734" />
<trkpt lat="45.180721" lon="-72.616756" />
<trkpt lat="45.180844" lon="-72.616754" />
<trkpt lat="45.181013" lon="-72.616732" />
<trkpt lat="45.181344" lon="-72.616687" />
<trkpt lat="45.181849" lon="-72.616620" />
<trkpt lat="45.182159" lon="-72.616605" />
<trkpt lat="45.182400" lon="-72.616625" />
<trkpt lat="45.182681" lon="-72.616642" />
<trkpt lat="45.182938" lon="-72.616608" />
<trkpt lat="45.183055" lon="-72.616588" />
<trkpt lat="45.183124" lon="-72.616876" />
<trkpt lat="45.183178" lon="-72.617085" />
<trkpt lat="45.183349" lon="-72.617780" />
<trkpt lat="45.183573" lon="-72.618691" />
<trkpt lat="45.183639" lon="-72.618976" />
<trkpt lat="45.183873" lon="-72.619988" />
<trkpt lat="45.183915" lon="-72.620177" />
<trkpt lat="45.184076" lon="-72.620796" />
<trkpt lat="45.184233" lon="-72.621401" />
<trkpt lat="45.184384" lon="-72.622072" />
<trkpt lat="45.184532" lon="-72.622729" />
<trkpt lat="45.184634" lon="-72.622962" />
<trkpt lat="45.184775" lon="-72.623224" />
<trkpt lat="45.185296" lon="-72.624055" />
<trkpt lat="45.185715" lon="-72.624828" />
<trkpt lat="45.185786" lon="-72.624959" />
<trkpt lat="45.186139" lon="-72.625597" />
<trkpt lat="45.186564" lon="-72.626366" />
<trkpt lat="45.187029" lon="-72.627289" />
<trkpt lat="45.187320" lon="-72.627866" />
<trkpt lat="45.187492" lon="-72.628217" />
<trkpt lat="45.187940" lon="-72.629131" />
<trkpt lat="45.188082" lon="-72.629362" />
<trkpt lat="45.188189" lon="-72.629499" />
<trkpt lat="45.188311" lon="-72.629608" />
<trkpt lat="45.188653" lon="-72.629848" />
<trkpt lat="45.189115" lon="-72.630179" />
<trkpt lat="45.189371" lon="-72.630397" />
<trkpt lat="45.189536" lon="-72.630536" />
<trkpt lat="45.189750" lon="-72.630739" />
<trkpt lat="45.189829" lon="-72.630829" />
<trkpt lat="45.189868" lon="-72.630899" />
<trkpt lat="45.189906" lon="-72.630997" />
<trkpt lat="45.190058" lon="-72.631578" />
<trkpt lat="45.190121" lon="-72.631802" />
<trkpt lat="45.190363" lon="-72.632509" />
<trkpt lat="45.190587" lon="-72.633051" />
<trkpt lat="45.190754" lon="-72.633458" />
<trkpt lat="45.190818" lon="-72.633655" />
<trkpt lat="45.190847" lon="-72.633761" />
<trkpt lat="45.190882" lon="-72.633934" />
<trkpt lat="45.190925" lon="-72.634170" />
<trkpt lat="45.191066" lon="-72.634883" />
<trkpt lat="45.191225" lon="-72.635496" />
<trkpt lat="45.191249" lon="-72.635679" />
<trkpt lat="45.191261" lon="-72.635888" />
<trkpt lat="45.191271" lon="-72.636819" />
<trkpt lat="45.191283" lon="-72.637940" />
<trkpt lat="45.191316" lon="-72.638662" />
<trkpt lat="45.191389" lon="-72.639568" />
<trkpt lat="45.191540" lon="-72.640803" />
<trkpt lat="45.191702" lon="-72.641702" />
<trkpt lat="45.191861" lon="-72.642586" />
<trkpt lat="45.191983" lon="-72.643440" />
<trkpt lat="45.192023" lon="-72.643629" />
<trkpt lat="45.192259" lon="-72.644565" />
<trkpt lat="45.192595" lon="-72.645728" />
<trkpt lat="45.192932" lon="-72.646891" />
<trkpt lat="45.193264" lon="-72.648039" />
<trkpt lat="45.193410" lon="-72.648720" />
<trkpt lat="45.193549" lon="-72.649366" />
<trkpt lat="45.193670" lon="-72.649843" />
<trkpt lat="45.193778" lon="-72.650222" />
<trkpt lat="45.194013" lon="-72.651052" />
<trkpt lat="45.194773" lon="-72.651012" />
<trkpt lat="45.195536" lon="-72.650972" />
<trkpt lat="45.196300" lon="-72.650932" />
<trkpt lat="45.197063" lon="-72.650892" />
<trkpt lat="45.197826" lon="-72.650852" />
<trkpt lat="45.198590" lon="-72.650812" />
<trkpt lat="45.199240" lon="-72.650761" />
<trkpt lat="45.199890" lon="-72.650709" />
<trkpt lat="45.200546" lon="-72.650657" />
<trkpt lat="45.201373" lon="-72.650639" />
<trkpt lat="45.202206" lon="-72.650621" />
<trkpt lat="45.203046" lon="-72.650603" />
<trkpt lat="45.203885" lon="-72.650548" />
<trkpt lat="45.203938" lon="-72.650544" />
<trkpt lat="45.204632" lon="-72.650502" />
<trkpt lat="45.204730" lon="-72.650496" />
<trkpt lat="45.204983" lon="-72.650481" />
<trkpt lat="45.205574" lon="-72.650442" />
<trkpt lat="45.206426" lon="-72.650385" />
<trkpt lat="45.206821" lon="-72.650392" />
<trkpt lat="45.207208" lon="-72.650385" />
<trkpt lat="45.207430" lon="-72.650385" />
<trkpt lat="45.207469" lon="-72.650385" />
<trkpt lat="45.207722" lon="-72.650372" />
<trkpt lat="45.208045" lon="-72.650375" />
<trkpt lat="45.208261" lon="-72.650398" />
<trkpt lat="45.208450" lon="-72.650382" />
<trkpt lat="45.208585" lon="-72.650376" />
<trkpt lat="45.208730" lon="-72.650347" />
<trkpt lat="45.208892" lon="-72.650327" />
<trkpt lat="45.209127" lon="-72.650300" />
<trkpt lat="45.209262" lon="-72.650294" />
<trkpt lat="45.209542" lon="-72.650257" />
<trkpt lat="45.209580" lon="-72.650252" />
<trkpt lat="45.210309" lon="-72.650154" />
<trkpt lat="45.210436" lon="-72.650135" />
<trkpt lat="45.210554" lon="-72.650103" />
<trkpt lat="45.210605" lon="-72.650084" />
<trkpt lat="45.210681" lon="-72.650045" />
<trkpt lat="45.210810" lon="-72.649937" />
<trkpt lat="45.210901" lon="-72.649865" />
<trkpt lat="45.210984" lon="-72.649805" />
<trkpt lat="45.211155" lon="-72.649695" />
<trkpt lat="45.211920" lon="-72.649249" />
<trkpt lat="45.212198" lon="-72.649088" />
<trkpt lat="45.212685" lon="-72.648804" />
<trkpt lat="45.213450" lon="-72.648359" />
<trkpt lat="45.213914" lon="-72.648089" />
<trkpt lat="45.214224" lon="-72.647926" />
<trkpt lat="45.214872" lon="-72.647541" />
<trkpt lat="45.215525" lon="-72.647154" />
<trkpt lat="45.216187" lon="-72.646761" />
<trkpt lat="45.216873" lon="-72.646374" />
<trkpt lat="45.217568" lon="-72.645983" />
<trkpt lat="45.218258" lon="-72.645594" />
<trkpt lat="45.218957" lon="-72.645229" />
<trkpt lat="45.219656" lon="-72.644863" />
<trkpt lat="45.220354" lon="-72.644499" />
<trkpt lat="45.221062" lon="-72.644153" />
<trkpt lat="45.221770" lon="-72.643807" />
<trkpt lat="45.222284" lon="-72.643556" />
<trkpt lat="45.222484" lon="-72.643464" />
<trkpt lat="45.222506" lon="-72.643325" />
<trkpt lat="45.222527" lon="-72.643211" />
<trkpt lat="45.222556" lon="-72.643098" />
<trkpt lat="45.222577" lon="-72.642972" />
<trkpt lat="45.222599" lon="-72.642833" />
<trkpt lat="45.222620" lon="-72.642694" />
<trkpt lat="45.222650" lon="-72.642555" />
<trkpt lat="45.222672" lon="-72.642416" />
<trkpt lat="45.222722" lon="-72.642202" />
<trkpt lat="45.222763" lon="-72.642000" />
<trkpt lat="45.222804" lon="-72.641799" />
<trkpt lat="45.222862" lon="-72.641610" />
<trkpt lat="45.222893" lon="-72.641459" />
<trkpt lat="45.222933" lon="-72.641295" />
<trkpt lat="45.222972" lon="-72.641183" />
<trkpt lat="45.223030" lon="-72.640995" />
<trkpt lat="45.223097" lon="-72.640832" />
<trkpt lat="45.223145" lon="-72.640707" />
<trkpt lat="45.223230" lon="-72.640546" />
<trkpt lat="45.223296" lon="-72.640409" />
<trkpt lat="45.223362" lon="-72.640310" />
<trkpt lat="45.223427" lon="-72.640212" />
<trkpt lat="45.223493" lon="-72.640100" />
<trkpt lat="45.223558" lon="-72.640002" />
<trkpt lat="45.223633" lon="-72.639878" />
<trkpt lat="45.223717" lon="-72.639742" />
<trkpt lat="45.223792" lon="-72.639631" />
<trkpt lat="45.223867" lon="-72.639520" />
<trkpt lat="45.223951" lon="-72.639397" />
<trkpt lat="45.224034" lon="-72.639286" />
<trkpt lat="45.224127" lon="-72.639176" />
<trkpt lat="45.224211" lon="-72.639066" />
<trkpt lat="45.224285" lon="-72.638967" />
<trkpt lat="45.224336" lon="-72.638893" />
<trkpt lat="45.224369" lon="-72.638844" />
<trkpt lat="45.224444" lon="-72.638733" />
<trkpt lat="45.224528" lon="-72.638610" />
<trkpt lat="45.224602" lon="-72.638524" />
<trkpt lat="45.224639" lon="-72.638462" />
<trkpt lat="45.224667" lon="-72.638426" />
<trkpt lat="45.224732" lon="-72.638340" />
<trkpt lat="45.224800" lon="-72.638250" />
<trkpt lat="45.224844" lon="-72.638179" />
<trkpt lat="45.224876" lon="-72.638116" />
<trkpt lat="45.224911" lon="-72.638017" />
<trkpt lat="45.224940" lon="-72.637942" />
<trkpt lat="45.224950" lon="-72.637879" />
<trkpt lat="45.224970" lon="-72.637804" />
<trkpt lat="45.224981" lon="-72.637740" />
<trkpt lat="45.224991" lon="-72.637665" />
<trkpt lat="45.224994" lon="-72.637563" />
<trkpt lat="45.224996" lon="-72.637474" />
<trkpt lat="45.224991" lon="-72.637295" />
<trkpt lat="45.224982" lon="-72.636990" />
<trkpt lat="45.224955" lon="-72.636234" />
<trkpt lat="45.224929" lon="-72.635479" />
<trkpt lat="45.224865" lon="-72.634268" />
<trkpt lat="45.224829" lon="-72.633595" />
<trkpt lat="45.224797" lon="-72.633058" />
<trkpt lat="45.224778" lon="-72.632415" />
<trkpt lat="45.224759" lon="-72.631769" />
<trkpt lat="45.225619" lon="-72.631767" />
<trkpt lat="45.226493" lon="-72.631765" />
<trkpt lat="45.226790" lon="-72.631754" />
<trkpt lat="45.226955" lon="-72.631749" />
<trkpt lat="45.227420" lon="-72.631734" />
<trkpt lat="45.227718" lon="-72.631710" />
<trkpt lat="45.228258" lon="-72.631698" />
<trkpt lat="45.228319" lon="-72.631697" />
<trkpt lat="45.228929" lon="-72.631688" />
<trkpt lat="45.229275" lon="-72.631683" />
<trkpt lat="45.229540" lon="-72.631678" />
<trkpt lat="45.229680" lon="-72.631675" />
<trkpt lat="45.230022" lon="-72.631668" />
<trkpt lat="45.230113" lon="-72.631660" />
<trkpt lat="45.230158" lon="-72.631662" />
<trkpt lat="45.230193" lon="-72.631677" />
<trkpt lat="45.230273" lon="-72.631719" />
<trkpt lat="45.230317" lon="-72.631772" />
<trkpt lat="45.230342" lon="-72.631837" />
<trkpt lat="45.230350" lon="-72.631888" />
<trkpt lat="45.230366" lon="-72.631952" />
<trkpt lat="45.230365" lon="-72.632016" />
<trkpt lat="45.230372" lon="-72.632093" />
<trkpt lat="45.230380" lon="-72.632157" />
<trkpt lat="45.230378" lon="-72.632220" />
<trkpt lat="45.230387" lon="-72.632580" />
<trkpt lat="45.230384" lon="-72.632730" />
<trkpt lat="45.230379" lon="-72.633290" />
<trkpt lat="45.230379" lon="-72.633539" />
<trkpt lat="45.230380" lon="-72.634000" />
<trkpt lat="45.230378" lon="-72.634080" />
<trkpt lat="45.230377" lon="-72.634500" />
<trkpt lat="45.230402" lon="-72.635345" />
<trkpt lat="45.230427" lon="-72.636170" />
<trkpt lat="45.230443" lon="-72.637083" />
<trkpt lat="45.230437" lon="-72.637426" />
<trkpt lat="45.230446" lon="-72.637763" />
<trkpt lat="45.230471" lon="-72.638120" />
<trkpt lat="45.230476" lon="-72.638210" />
<trkpt lat="45.230493" lon="-72.638619" />
<trkpt lat="45.230507" lon="-72.638923" />
<trkpt lat="45.230511" lon="-72.639014" />
<trkpt lat="45.230528" lon="-72.639435" />
<trkpt lat="45.230539" lon="-72.639716" />
<trkpt lat="45.230541" lon="-72.639996" />
<trkpt lat="45.230528" lon="-72.640161" />
<trkpt lat="45.230479" lon="-72.640337" />
<trkpt lat="45.230412" lon="-72.640512" />
<trkpt lat="45.230324" lon="-72.640683" />
<trkpt lat="45.230231" lon="-72.640924" />
<trkpt lat="45.230144" lon="-72.641174" />
<trkpt lat="45.230046" lon="-72.641500" />
<trkpt lat="45.229957" lon="-72.641827" />
<trkpt lat="45.229914" lon="-72.641969" />
<trkpt lat="45.229820" lon="-72.642279" />
<trkpt lat="45.229690" lon="-72.642740" />
<trkpt lat="45.229612" lon="-72.643071" />
<trkpt lat="45.229537" lon="-72.643384" />
<trkpt lat="45.229470" lon="-72.643726" />
<trkpt lat="45.229400" lon="-72.644016" />
<trkpt lat="45.229312" lon="-72.644292" />
<trkpt lat="45.229233" lon="-72.644581" />
<trkpt lat="45.229154" lon="-72.644857" />
<trkpt lat="45.229065" lon="-72.645152" />
<trkpt lat="45.228987" lon="-72.645473" />
<trkpt lat="45.228916" lon="-72.645801" />
<trkpt lat="45.228843" lon="-72.646205" />
<trkpt lat="45.228821" lon="-72.646315" />
<trkpt lat="45.228761" lon="-72.646608" />
<trkpt lat="45.228710" lon="-72.646860" />
<trkpt lat="45.228666" lon="-72.647132" />
<trkpt lat="45.228645" lon="-72.647290" />
<trkpt lat="45.228632" lon="-72.647480" />
<trkpt lat="45.228636" lon="-72.647684" />
<trkpt lat="45.228640" lon="-72.647888" />
<trkpt lat="45.228634" lon="-72.648150" />
<trkpt lat="45.228629" lon="-72.648346" />
<trkpt lat="45.228627" lon="-72.648805" />
<trkpt lat="45.228634" lon="-72.649238" />
<trkpt lat="45.228642" lon="-72.649671" />
<trkpt lat="45.228650" lon="-72.649916" />
<trkpt lat="45.228657" lon="-72.650156" />
<trkpt lat="45.228655" lon="-72.650245" />
<trkpt lat="45.228663" lon="-72.650653" />
<trkpt lat="45.228668" lon="-72.650819" />
<trkpt lat="45.228669" lon="-72.651014" />
<trkpt lat="45.228670" lon="-72.651086" />
<trkpt lat="45.228676" lon="-72.651952" />
<trkpt lat="45.228679" lon="-72.652112" />
<trkpt lat="45.228687" lon="-72.652628" />
<trkpt lat="45.228694" lon="-72.652705" />
<trkpt lat="45.228700" lon="-72.653189" />
<trkpt lat="45.228712" lon="-72.653457" />
<trkpt lat="45.228774" lon="-72.654257" />
<trkpt lat="45.228780" lon="-72.654339" />
<trkpt lat="45.228829" lon="-72.655283" />
<trkpt lat="45.228827" lon="-72.655385" />
<trkpt lat="45.228857" lon="-72.655972" />
<trkpt lat="45.228885" lon="-72.656700" />
<trkpt lat="45.228879" lon="-72.657311" />
<trkpt lat="45.228912" lon="-72.657796" />
<trkpt lat="45.228938" lon="-72.658192" />
<trkpt lat="45.228974" lon="-72.658595" />
<trkpt lat="45.229009" lon="-72.658985" />
<trkpt lat="45.229069" lon="-72.659863" />
<trkpt lat="45.229082" lon="-72.660058" />
<trkpt lat="45.229173" lon="-72.661107" />
<trkpt lat="45.229203" lon="-72.661350" />
<trkpt lat="45.229246" lon="-72.661786" />
<trkpt lat="45.229293" lon="-72.662106" />
<trkpt lat="45.229299" lon="-72.662196" />
<trkpt lat="45.229307" lon="-72.662260" />
<trkpt lat="45.229333" lon="-72.662312" />
<trkpt lat="45.229367" lon="-72.662377" />
<trkpt lat="45.229402" lon="-72.662417" />
<trkpt lat="45.229437" lon="-72.662457" />
<trkpt lat="45.229498" lon="-72.662524" />
<trkpt lat="45.229569" lon="-72.662578" />
<trkpt lat="45.229666" lon="-72.662659" />
<trkpt lat="45.229773" lon="-72.662715" />
<trkpt lat="45.229863" lon="-72.662772" />
<trkpt lat="45.229959" lon="-72.662801" />
<trkpt lat="45.230013" lon="-72.662829" />
<trkpt lat="45.230066" lon="-72.662870" />
<trkpt lat="45.230101" lon="-72.662910" />
<trkpt lat="45.230136" lon="-72.662937" />
<trkpt lat="45.230162" lon="-72.662989" />
<trkpt lat="45.230187" lon="-72.663067" />
<trkpt lat="45.230212" lon="-72.663157" />
<trkpt lat="45.230228" lon="-72.663247" />
<trkpt lat="45.230266" lon="-72.663529" />
<trkpt lat="45.230323" lon="-72.663967" />
<trkpt lat="45.230349" lon="-72.664170" />
<trkpt lat="45.230426" lon="-72.664759" />
<trkpt lat="45.230483" lon="-72.665297" />
<trkpt lat="45.230520" lon="-72.665655" />
<trkpt lat="45.230535" lon="-72.665771" />
<trkpt lat="45.230532" lon="-72.665898" />
<trkpt lat="45.230537" lon="-72.666051" />
<trkpt lat="45.230524" lon="-72.666229" />
<trkpt lat="45.230529" lon="-72.666382" />
<trkpt lat="45.230543" lon="-72.666523" />
<trkpt lat="45.230548" lon="-72.666714" />
<trkpt lat="45.230570" lon="-72.666893" />
<trkpt lat="45.230576" lon="-72.667034" />
<trkpt lat="45.230581" lon="-72.667174" />
<trkpt lat="45.230588" lon="-72.667276" />
<trkpt lat="45.230603" lon="-72.667379" />
<trkpt lat="45.230619" lon="-72.667481" />
<trkpt lat="45.230635" lon="-72.667587" />
<trkpt lat="45.230667" lon="-72.667713" />
<trkpt lat="45.230691" lon="-72.667829" />
<trkpt lat="45.230733" lon="-72.667971" />
<trkpt lat="45.230766" lon="-72.668100" />
<trkpt lat="45.230790" lon="-72.668203" />
<trkpt lat="45.230824" lon="-72.668306" />
<trkpt lat="45.230871" lon="-72.668536" />
<trkpt lat="45.231017" lon="-72.668497" />
<trkpt lat="45.231308" lon="-72.668394" />
<trkpt lat="45.231562" lon="-72.668292" />
<trkpt lat="45.231733" lon="-72.668275" />
<trkpt lat="45.231842" lon="-72.668254" />
<trkpt lat="45.232049" lon="-72.668239" />
<trkpt lat="45.232265" lon="-72.668224" />
<trkpt lat="45.232392" lon="-72.668205" />
<trkpt lat="45.232492" lon="-72.668172" />
<trkpt lat="45.232601" lon="-72.668113" />
<trkpt lat="45.232692" lon="-72.668067" />
<trkpt lat="45.232794" lon="-72.667957" />
<trkpt lat="45.232896" lon="-72.667848" />
<trkpt lat="45.232961" lon="-72.667749" />
<trkpt lat="45.233018" lon="-72.667637" />
<trkpt lat="45.233068" lon="-72.667528" />
<trkpt lat="45.233105" lon="-72.667399" />
<trkpt lat="45.233135" lon="-72.667261" />
<trkpt lat="45.233175" lon="-72.667175" />
<trkpt lat="45.233284" lon="-72.667052" />
<trkpt lat="45.233497" lon="-72.666853" />
<trkpt lat="45.233627" lon="-72.666661" />
<trkpt lat="45.233748" lon="-72.666476" />
<trkpt lat="45.233804" lon="-72.666389" />
<trkpt lat="45.233896" lon="-72.666235" />
<trkpt lat="45.233985" lon="-72.665991" />
<trkpt lat="45.234073" lon="-72.665702" />
<trkpt lat="45.234187" lon="-72.665453" />
<trkpt lat="45.234256" lon="-72.665286" />
<trkpt lat="45.234308" lon="-72.665109" />
<trkpt lat="45.234531" lon="-72.664642" />
<trkpt lat="45.234715" lon="-72.664305" />
<trkpt lat="45.234916" lon="-72.663986" />
<trkpt lat="45.235037" lon="-72.663826" />
<trkpt lat="45.235091" lon="-72.663791" />
<trkpt lat="45.235137" lon="-72.663780" />
<trkpt lat="45.235175" lon="-72.663693" />
<trkpt lat="45.235201" lon="-72.663634" />
<trkpt lat="45.235262" lon="-72.663464" />
<trkpt lat="45.235334" lon="-72.663310" />
<trkpt lat="45.235413" lon="-72.663135" />
<trkpt lat="45.235561" lon="-72.662867" />
<trkpt lat="45.235863" lon="-72.662232" />
<trkpt lat="45.236038" lon="-72.661863" />
<trkpt lat="45.236171" lon="-72.661589" />
<trkpt lat="45.236553" lon="-72.660853" />
<trkpt lat="45.236922" lon="-72.660097" />
<trkpt lat="45.236936" lon="-72.660067" />
<trkpt lat="45.237284" lon="-72.659335" />
<trkpt lat="45.237695" lon="-72.658395" />
<trkpt lat="45.238105" lon="-72.657454" />
<trkpt lat="45.238848" lon="-72.657403" />
<trkpt lat="45.239596" lon="-72.657363" />
<trkpt lat="45.240343" lon="-72.657322" />
<trkpt lat="45.241091" lon="-72.657282" />
<trkpt lat="45.241840" lon="-72.657241" />
<trkpt lat="45.242475" lon="-72.657191" />
<trkpt lat="45.243112" lon="-72.657140" />
<trkpt lat="45.243752" lon="-72.657089" />
<trkpt lat="45.244229" lon="-72.657073" />
<trkpt lat="45.244715" lon="-72.657057" />
<trkpt lat="45.245386" lon="-72.656986" />
<trkpt lat="45.246063" lon="-72.656915" />
<trkpt lat="45.246740" lon="-72.656844" />
<trkpt lat="45.247622" lon="-72.656718" />
<trkpt lat="45.248016" lon="-72.656679" />
<trkpt lat="45.248304" lon="-72.656681" />
<trkpt lat="45.248773" lon="-72.656698" />
<trkpt lat="45.249536" lon="-72.656727" />
<trkpt lat="45.249947" lon="-72.656742" />
<trkpt lat="45.250303" lon="-72.656748" />
<trkpt lat="45.251160" lon="-72.656775" />
<trkpt lat="45.252015" lon="-72.656781" />
<trkpt lat="45.252770" lon="-72.656749" />
<trkpt lat="45.253530" lon="-72.656716" />
<trkpt lat="45.254007" lon="-72.656696" />
<trkpt lat="45.254087" lon="-72.656693" />
<trkpt lat="45.254290" lon="-72.656683" />
<trkpt lat="45.255055" lon="-72.656645" />
<trkpt lat="45.255910" lon="-72.656621" />
<trkpt lat="45.256770" lon="-72.656596" />
<trkpt lat="45.257210" lon="-72.656587" />
<trkpt lat="45.257638" lon="-72.656594" />
<trkpt lat="45.257875" lon="-72.656613" />
<trkpt lat="45.258639" lon="-72.656643" />
<trkpt lat="45.259350" lon="-72.656671" />
<trkpt lat="45.259410" lon="-72.656676" />
<trkpt lat="45.260095" lon="-72.656670" />
<trkpt lat="45.260333" lon="-72.656667" />
<trkpt lat="45.260788" lon="-72.656663" />
<trkpt lat="45.261243" lon="-72.656640" />
<trkpt lat="45.261221" lon="-72.657104" />
<trkpt lat="45.261196" lon="-72.657426" />
<trkpt lat="45.261181" lon="-72.657617" />
<trkpt lat="45.261141" lon="-72.658185" />
<trkpt lat="45.260973" lon="-72.659065" />
<trkpt lat="45.260945" lon="-72.659204" />
<trkpt lat="45.260745" lon="-72.660197" />
<trkpt lat="45.260635" lon="-72.660748" />
<trkpt lat="45.260380" lon="-72.662061" />
<trkpt lat="45.260166" lon="-72.663156" />
<trkpt lat="45.259902" lon="-72.664386" />
<trkpt lat="45.259725" lon="-72.664921" />
<trkpt lat="45.259629" lon="-72.665210" />
<trkpt lat="45.259423" lon="-72.665773" />
<trkpt lat="45.259090" lon="-72.666645" />
<trkpt lat="45.259027" lon="-72.666812" />
<trkpt lat="45.258947" lon="-72.667057" />
<trkpt lat="45.258898" lon="-72.667405" />
<trkpt lat="45.258888" lon="-72.667773" />
<trkpt lat="45.258921" lon="-72.669036" />
<trkpt lat="45.258947" lon="-72.670066" />
<trkpt lat="45.259019" lon="-72.672871" />
<trkpt lat="45.259092" lon="-72.673193" />
<trkpt lat="45.259407" lon="-72.673461" />
<trkpt lat="45.259848" lon="-72.674189" />
<trkpt lat="45.260209" lon="-72.674767" />
<trkpt lat="45.260654" lon="-72.675805" />
<trkpt lat="45.260744" lon="-72.676203" />
<trkpt lat="45.260750" lon="-72.676497" />
<trkpt lat="45.260682" lon="-72.676862" />
<trkpt lat="45.260511" lon="-72.677293" />
<trkpt lat="45.260414" lon="-72.677612" />
<trkpt lat="45.260402" lon="-72.677848" />
<trkpt lat="45.260434" lon="-72.678080" />
<trkpt lat="45.260498" lon="-72.678287" />
<trkpt lat="45.261372" lon="-72.680267" />
<trkpt lat="45.261584" lon="-72.680633" />
<trkpt lat="45.261871" lon="-72.681085" />
<trkpt lat="45.262312" lon="-72.681639" />
<trkpt lat="45.263322" lon="-72.682614" />
<trkpt lat="45.263587" lon="-72.682921" />
<trkpt lat="45.263912" lon="-72.683476" />
<trkpt lat="45.263998" lon="-72.683621" />
<trkpt lat="45.264109" lon="-72.683807" />
<trkpt lat="45.264240" lon="-72.684030" />
<trkpt lat="45.264209" lon="-72.684725" />
<trkpt lat="45.264178" lon="-72.685421" />
<trkpt lat="45.264137" lon="-72.686009" />
<trkpt lat="45.264127" lon="-72.686108" />
<trkpt lat="45.264059" lon="-72.686790" />
<trkpt lat="45.263893" lon="-72.687791" />
<trkpt lat="45.263747" lon="-72.688553" />
<trkpt lat="45.263583" lon="-72.689171" />
<trkpt lat="45.263496" lon="-72.689497" />
<trkpt lat="45.264216" lon="-72.689822" />
<trkpt lat="45.264338" lon="-72.689855" />
<trkpt lat="45.264484" lon="-72.689844" />
<trkpt lat="45.264652" lon="-72.689780" />
<trkpt lat="45.264787" lon="-72.689707" />
<trkpt lat="45.264849" lon="-72.689667" />
<trkpt lat="45.265053" lon="-72.689506" />
<trkpt lat="45.265160" lon="-72.689380" />
<trkpt lat="45.265355" lon="-72.688975" />
<trkpt lat="45.265444" lon="-72.688832" />
<trkpt lat="45.265561" lon="-72.688737" />
<trkpt lat="45.265930" lon="-72.688569" />
<trkpt lat="45.266597" lon="-72.688307" />
<trkpt lat="45.266680" lon="-72.688275" />
<trkpt lat="45.267430" lon="-72.687982" />
<trkpt lat="45.268185" lon="-72.687688" />
<trkpt lat="45.268733" lon="-72.687388" />
<trkpt lat="45.269290" lon="-72.687083" />
<trkpt lat="45.269646" lon="-72.686964" />
<trkpt lat="45.269862" lon="-72.686944" />
<trkpt lat="45.270092" lon="-72.686953" />
<trkpt lat="45.270306" lon="-72.686986" />
<trkpt lat="45.270470" lon="-72.687043" />
<trkpt lat="45.270528" lon="-72.687059" />
<trkpt lat="45.270609" lon="-72.687077" />
<trkpt lat="45.271136" lon="-72.687194" />
<trkpt lat="45.271752" lon="-72.687270" />
<trkpt lat="45.272351" lon="-72.687309" />
<trkpt lat="45.272491" lon="-72.687312" />
<trkpt lat="45.272801" lon="-72.687299" />
<trkpt lat="45.273064" lon="-72.687286" />
<trkpt lat="45.273360" lon="-72.687223" />
<trkpt lat="45.273710" lon="-72.687167" />
<trkpt lat="45.273900" lon="-72.687135" />
<trkpt lat="45.274088" lon="-72.687104" />
<trkpt lat="45.274509" lon="-72.686978" />
<trkpt lat="45.274644" lon="-72.686940" />
<trkpt lat="45.275209" lon="-72.686783" />
<trkpt lat="45.275414" lon="-72.686710" />
<trkpt lat="45.275599" lon="-72.686643" />
<trkpt lat="45.275809" lon="-72.686567" />
<trkpt lat="45.276590" lon="-72.686284" />
<trkpt lat="45.277252" lon="-72.686044" />
<trkpt lat="45.277383" lon="-72.685996" />
<trkpt lat="45.278174" lon="-72.685707" />
<trkpt lat="45.278966" lon="-72.685417" />
<trkpt lat="45.279387" lon="-72.685256" />
<trkpt lat="45.279544" lon="-72.685195" />
<trkpt lat="45.279789" lon="-72.685100" />
<trkpt lat="45.279990" lon="-72.685016" />
<trkpt lat="45.280128" lon="-72.684958" />
<trkpt lat="45.280580" lon="-72.684714" />
<trkpt lat="45.281046" lon="-72.684462" />
<trkpt lat="45.281250" lon="-72.684352" />
<trkpt lat="45.281812" lon="-72.684099" />
<trkpt lat="45.282085" lon="-72.683942" />
<trkpt lat="45.282363" lon="-72.683733" />
<trkpt lat="45.283059" lon="-72.682975" />
<trkpt lat="45.283195" lon="-72.682866" />
<trkpt lat="45.283420" lon="-72.682799" />
<trkpt lat="45.283478" lon="-72.682782" />
<trkpt lat="45.283998" lon="-72.682794" />
<trkpt lat="45.284600" lon="-72.682811" />
<trkpt lat="45.285210" lon="-72.682829" />
<trkpt lat="45.285795" lon="-72.682846" />
<trkpt lat="45.285820" lon="-72.682847" />
<trkpt lat="45.286269" lon="-72.682863" />
<trkpt lat="45.286720" lon="-72.682879" />
<trkpt lat="45.287566" lon="-72.682858" />
<trkpt lat="45.287738" lon="-72.682809" />
<trkpt lat="45.287822" lon="-72.682741" />
<trkpt lat="45.287877" lon="-72.682666" />
<trkpt lat="45.287911" lon="-72.682538" />
<trkpt lat="45.287961" lon="-72.681911" />
<trkpt lat="45.287967" lon="-72.681756" />
<trkpt lat="45.287972" lon="-72.681623" />
<trkpt lat="45.287984" lon="-72.681324" />
<trkpt lat="45.287994" lon="-72.681046" />
<trkpt lat="45.287994" lon="-72.680695" />
<trkpt lat="45.288006" lon="-72.680429" />
<trkpt lat="45.288018" lon="-72.680314" />
<trkpt lat="45.288047" lon="-72.679510" />
<trkpt lat="45.288056" lon="-72.679211" />
<trkpt lat="45.288052" lon="-72.678846" />
<trkpt lat="45.288003" lon="-72.678594" />
<trkpt lat="45.287924" lon="-72.678316" />
<trkpt lat="45.287612" lon="-72.677431" />
<trkpt lat="45.287000" lon="-72.675775" />
<trkpt lat="45.286816" lon="-72.675393" />
<trkpt lat="45.286607" lon="-72.675021" />
<trkpt lat="45.286414" lon="-72.674722" />
<trkpt lat="45.286183" lon="-72.674456" />
<trkpt lat="45.285787" lon="-72.674051" />
<trkpt lat="45.285742" lon="-72.673981" />
<trkpt lat="45.285713" lon="-72.673922" />
<trkpt lat="45.285699" lon="-72.673991" />
<trkpt lat="45.285675" lon="-72.673992" />
<trkpt lat="45.285573" lon="-72.671775" />
<trkpt lat="45.285533" lon="-72.671620" />
<trkpt lat="45.286123" lon="-72.671053" />
<trkpt lat="45.286364" lon="-72.670710" />
<trkpt lat="45.286943" lon="-72.670401" />
<trkpt lat="45.287375" lon="-72.670027" />
<trkpt lat="45.287910" lon="-72.669495" />
<trkpt lat="45.289266" lon="-72.668392" />
<trkpt lat="45.290449" lon="-72.667259" />
<trkpt lat="45.292218" lon="-72.665682" />
<trkpt lat="45.291634" lon="-72.665987" />
<trkpt lat="45.291940" lon="-72.665597" />
<trkpt lat="45.292577" lon="-72.665208" />
<trkpt lat="45.292918" lon="-72.664823" />
<trkpt lat="45.293214" lon="-72.664449" />
<trkpt lat="45.293441" lon="-72.664139" />
<trkpt lat="45.294125" lon="-72.663145" />
<trkpt lat="45.294236" lon="-72.662984" />
<trkpt lat="45.294514" lon="-72.662607" />
<trkpt lat="45.294661" lon="-72.662412" />
<trkpt lat="45.294837" lon="-72.662223" />
<trkpt lat="45.295024" lon="-72.662049" />
<trkpt lat="45.295251" lon="-72.661883" />
<trkpt lat="45.295500" lon="-72.661720" />
<trkpt lat="45.295732" lon="-72.661624" />
<trkpt lat="45.296705" lon="-72.661339" />
<trkpt lat="45.298745" lon="-72.660772" />
<trkpt lat="45.300191" lon="-72.660375" />
<trkpt lat="45.302492" lon="-72.659672" />
<trkpt lat="45.303661" lon="-72.659338" />
<trkpt lat="45.306745" lon="-72.658452" />
<trkpt lat="45.307020" lon="-72.658365" />
<trkpt lat="45.307762" lon="-72.658026" />
<trkpt lat="45.308162" lon="-72.657868" />
<trkpt lat="45.308559" lon="-72.657728" />
<trkpt lat="45.308991" lon="-72.657588" />
<trkpt lat="45.309070" lon="-72.657655" />
<trkpt lat="45.309135" lon="-72.657655" />
<trkpt lat="45.309629" lon="-72.657567" />
<trkpt lat="45.309943" lon="-72.657535" />
<trkpt lat="45.311369" lon="-72.657433" />
<trkpt lat="45.312249" lon="-72.657369" />
<trkpt lat="45.314384" lon="-72.657224" />
<trkpt lat="45.314443" lon="-72.657291" />
<trkpt lat="45.314527" lon="-72.657278" />
<trkpt lat="45.314627" lon="-72.657206" />
<trkpt lat="45.314713" lon="-72.657186" />
<trkpt lat="45.314874" lon="-72.657181" />
<trkpt lat="45.315061" lon="-72.657176" />
<trkpt lat="45.315782" lon="-72.657140" />
<trkpt lat="45.316334" lon="-72.657115" />
<trkpt lat="45.316631" lon="-72.657103" />
<trkpt lat="45.316754" lon="-72.657095" />
<trkpt lat="45.317949" lon="-72.657036" />
<trkpt lat="45.317971" lon="-72.656949" />
<trkpt lat="45.318137" lon="-72.656291" />
<trkpt lat="45.318188" lon="-72.656090" />
<trkpt lat="45.318227" lon="-72.655933" />
<trkpt lat="45.318495" lon="-72.654881" />
<trkpt lat="45.318555" lon="-72.654637" />
<trkpt lat="45.318673" lon="-72.654169" />
<trkpt lat="45.318747" lon="-72.653877" />
<trkpt lat="45.318843" lon="-72.653494" />
<trkpt lat="45.319085" lon="-72.652534" />
<trkpt lat="45.319151" lon="-72.652275" />
<trkpt lat="45.319351" lon="-72.651463" />
<trkpt lat="45.319368" lon="-72.651393" />
<trkpt lat="45.319551" lon="-72.650678" />
<trkpt lat="45.319738" lon="-72.649947" />
<trkpt lat="45.319827" lon="-72.649623" />
<trkpt lat="45.319924" lon="-72.649323" />
<trkpt lat="45.320054" lon="-72.648994" />
<trkpt lat="45.320262" lon="-72.648552" />
<trkpt lat="45.320473" lon="-72.648136" />
<trkpt lat="45.320497" lon="-72.648091" />
<trkpt lat="45.320703" lon="-72.647705" />
<trkpt lat="45.320733" lon="-72.647643" />
<trkpt lat="45.320750" lon="-72.647610" />
<trkpt lat="45.320797" lon="-72.647521" />
<trkpt lat="45.320937" lon="-72.647257" />
<trkpt lat="45.321215" lon="-72.646745" />
<trkpt lat="45.321270" lon="-72.646643" />
<trkpt lat="45.321674" lon="-72.645823" />
<trkpt lat="45.321733" lon="-72.645711" />
<trkpt lat="45.321842" lon="-72.645503" />
<trkpt lat="45.321992" lon="-72.645199" />
<trkpt lat="45.322131" lon="-72.644869" />
<trkpt lat="45.322270" lon="-72.644506" />
<trkpt lat="45.322357" lon="-72.644243" />
<trkpt lat="45.322635" lon="-72.643212" />
<trkpt lat="45.322808" lon="-72.642466" />
<trkpt lat="45.322875" lon="-72.642178" />
<trkpt lat="45.323023" lon="-72.641544" />
<trkpt lat="45.323065" lon="-72.641359" />
<trkpt lat="45.323084" lon="-72.641274" />
<trkpt lat="45.323116" lon="-72.641136" />
<trkpt lat="45.323357" lon="-72.640086" />
<trkpt lat="45.323580" lon="-72.639164" />
<trkpt lat="45.323803" lon="-72.638237" />
<trkpt lat="45.324028" lon="-72.637308" />
<trkpt lat="45.324123" lon="-72.636913" />
<trkpt lat="45.324252" lon="-72.636379" />
<trkpt lat="45.324402" lon="-72.635706" />
<trkpt lat="45.324551" lon="-72.635031" />
<trkpt lat="45.324765" lon="-72.634135" />
<trkpt lat="45.324981" lon="-72.633232" />
<trkpt lat="45.325067" lon="-72.632952" />
<trkpt lat="45.325139" lon="-72.632749" />
<trkpt lat="45.325236" lon="-72.632528" />
<trkpt lat="45.325319" lon="-72.632371" />
<trkpt lat="45.325362" lon="-72.632288" />
<trkpt lat="45.325292" lon="-72.632211" />
<trkpt lat="45.325208" lon="-72.632136" />
<trkpt lat="45.325071" lon="-72.632089" />
<trkpt lat="45.324980" lon="-72.632076" />
<trkpt lat="45.324772" lon="-72.632095" />
<trkpt lat="45.324517" lon="-72.632139" />
<trkpt lat="45.324250" lon="-72.632188" />
<trkpt lat="45.324072" lon="-72.632190" />
<trkpt lat="45.323951" lon="-72.632164" />
<trkpt lat="45.323842" lon="-72.632116" />
<trkpt lat="45.323037" lon="-72.631568" />
<trkpt lat="45.322625" lon="-72.631287" />
<trkpt lat="45.322233" lon="-72.631020" />
<trkpt lat="45.321952" lon="-72.630828" />
<trkpt lat="45.321435" lon="-72.630457" />
<trkpt lat="45.320695" lon="-72.629916" />
<trkpt lat="45.319956" lon="-72.629377" />
<trkpt lat="45.319194" lon="-72.628768" />
<trkpt lat="45.318519" lon="-72.628229" />
<trkpt lat="45.318433" lon="-72.628160" />
<trkpt lat="45.317672" lon="-72.627548" />
<trkpt lat="45.316912" lon="-72.626937" />
<trkpt lat="45.316152" lon="-72.626326" />
<trkpt lat="45.315392" lon="-72.625715" />
<trkpt lat="45.314807" lon="-72.625247" />
<trkpt lat="45.314602" lon="-72.625115" />
<trkpt lat="45.314490" lon="-72.625053" />
<trkpt lat="45.314355" lon="-72.625000" />
<trkpt lat="45.314211" lon="-72.624957" />
<trkpt lat="45.314085" lon="-72.624882" />
<trkpt lat="45.314003" lon="-72.624784" />
<trkpt lat="45.313949" lon="-72.624707" />
<trkpt lat="45.313875" lon="-72.624533" />
<trkpt lat="45.313824" lon="-72.624379" />
<trkpt lat="45.313605" lon="-72.623454" />
<trkpt lat="45.313464" lon="-72.622860" />
<trkpt lat="45.313375" lon="-72.622537" />
<trkpt lat="45.313273" lon="-72.622205" />
<trkpt lat="45.313157" lon="-72.621862" />
<trkpt lat="45.313023" lon="-72.621545" />
<trkpt lat="45.312861" lon="-72.621118" />
<trkpt lat="45.312766" lon="-72.620836" />
<trkpt lat="45.312623" lon="-72.620283" />
<trkpt lat="45.312481" lon="-72.619645" />
<trkpt lat="45.312461" lon="-72.619536" />
<trkpt lat="45.312391" lon="-72.619159" />
<trkpt lat="45.312322" lon="-72.618771" />
<trkpt lat="45.312271" lon="-72.618263" />
<trkpt lat="45.312243" lon="-72.617841" />
<trkpt lat="45.312238" lon="-72.617757" />
<trkpt lat="45.312231" lon="-72.617645" />
<trkpt lat="45.312251" lon="-72.616486" />
<trkpt lat="45.312261" lon="-72.615941" />
<trkpt lat="45.312277" lon="-72.615323" />
<trkpt lat="45.312306" lon="-72.614160" />
<trkpt lat="45.312299" lon="-72.613939" />
<trkpt lat="45.312248" lon="-72.613497" />
<trkpt lat="45.312198" lon="-72.613227" />
<trkpt lat="45.312100" lon="-72.612857" />
<trkpt lat="45.311809" lon="-72.612118" />
<trkpt lat="45.311726" lon="-72.611926" />
<trkpt lat="45.311447" lon="-72.611283" />
<trkpt lat="45.311367" lon="-72.611119" />
<trkpt lat="45.311265" lon="-72.610980" />
<trkpt lat="45.311069" lon="-72.610776" />
<trkpt lat="45.310692" lon="-72.610497" />
<trkpt lat="45.310555" lon="-72.610389" />
<trkpt lat="45.310404" lon="-72.610271" />
<trkpt lat="45.310266" lon="-72.610149" />
<trkpt lat="45.310129" lon="-72.610013" />
<trkpt lat="45.310035" lon="-72.609899" />
<trkpt lat="45.309948" lon="-72.609775" />
<trkpt lat="45.309869" lon="-72.609641" />
<trkpt lat="45.309798" lon="-72.609497" />
<trkpt lat="45.309743" lon="-72.609360" />
<trkpt lat="45.309684" lon="-72.609186" />
<trkpt lat="45.309642" lon="-72.609021" />
<trkpt lat="45.309603" lon="-72.608854" />
<trkpt lat="45.309513" lon="-72.608355" />
<trkpt lat="45.309337" lon="-72.607291" />
<trkpt lat="45.309176" lon="-72.606316" />
<trkpt lat="45.309160" lon="-72.606223" />
<trkpt lat="45.308973" lon="-72.605155" />
<trkpt lat="45.308813" lon="-72.604244" />
<trkpt lat="45.308803" lon="-72.604190" />
<trkpt lat="45.308631" lon="-72.603223" />
<trkpt lat="45.308457" lon="-72.602247" />
<trkpt lat="45.308272" lon="-72.601151" />
<trkpt lat="45.308106" lon="-72.600163" />
<trkpt lat="45.308087" lon="-72.600045" />
<trkpt lat="45.308008" lon="-72.599558" />
<trkpt lat="45.307911" lon="-72.598937" />
<trkpt lat="45.307799" lon="-72.598119" />
<trkpt lat="45.307750" lon="-72.597761" />
<trkpt lat="45.307727" lon="-72.597607" />
<trkpt lat="45.307699" lon="-72.597455" />
<trkpt lat="45.307667" lon="-72.597305" />
<trkpt lat="45.307616" lon="-72.597107" />
<trkpt lat="45.307556" lon="-72.596914" />
<trkpt lat="45.307431" lon="-72.596534" />
<trkpt lat="45.307373" lon="-72.596337" />
<trkpt lat="45.307334" lon="-72.596154" />
<trkpt lat="45.307299" lon="-72.595924" />
<trkpt lat="45.307284" lon="-72.595711" />
<trkpt lat="45.307284" lon="-72.595498" />
<trkpt lat="45.307389" lon="-72.595494" />
<trkpt lat="45.307717" lon="-72.595477" />
<trkpt lat="45.308144" lon="-72.595459" />
<trkpt lat="45.308325" lon="-72.595451" />
<trkpt lat="45.308908" lon="-72.595426" />
<trkpt lat="45.309010" lon="-72.595422" />
<trkpt lat="45.309542" lon="-72.595402" />
<trkpt lat="45.309810" lon="-72.595391" />
<trkpt lat="45.310302" lon="-72.595370" />
<trkpt lat="45.310600" lon="-72.595354" />
<trkpt lat="45.311390" lon="-72.595312" />
<trkpt lat="45.312071" lon="-72.595276" />
<trkpt lat="45.312180" lon="-72.595271" />
<trkpt lat="45.312637" lon="-72.595252" />
<trkpt lat="45.312895" lon="-72.595245" />
<trkpt lat="45.313287" lon="-72.595234" />
<trkpt lat="45.313593" lon="-72.595227" />
<trkpt lat="45.313958" lon="-72.595216" />
<trkpt lat="45.314011" lon="-72.595214" />
<trkpt lat="45.314486" lon="-72.595190" />
<trkpt lat="45.315363" lon="-72.595146" />
<trkpt lat="45.315631" lon="-72.595133" />
<trkpt lat="45.315746" lon="-72.595132" />
<trkpt lat="45.316240" lon="-72.595116" />
<trkpt lat="45.316604" lon="-72.595104" />
<trkpt lat="45.317049" lon="-72.595090" />
<trkpt lat="45.317161" lon="-72.595083" />
<trkpt lat="45.317266" lon="-72.595061" />
<trkpt lat="45.317352" lon="-72.595026" />
<trkpt lat="45.317450" lon="-72.594964" />
<trkpt lat="45.317540" lon="-72.594879" />
<trkpt lat="45.317640" lon="-72.594761" />
<trkpt lat="45.317696" lon="-72.594684" />
<trkpt lat="45.317852" lon="-72.594445" />
<trkpt lat="45.318384" lon="-72.593593" />
<trkpt lat="45.318439" lon="-72.593511" />
<trkpt lat="45.318543" lon="-72.593384" />
<trkpt lat="45.318642" lon="-72.593287" />
<trkpt lat="45.318757" lon="-72.593195" />
<trkpt lat="45.318881" lon="-72.593134" />
<trkpt lat="45.319056" lon="-72.593075" />
<trkpt lat="45.319170" lon="-72.593066" />
<trkpt lat="45.319510" lon="-72.593081" />
<trkpt lat="45.323688" lon="-72.593336" />
<trkpt lat="45.323796" lon="-72.593340" />
<trkpt lat="45.323802" lon="-72.593407" />
<trkpt lat="45.323812" lon="-72.593506" />
<trkpt lat="45.323823" lon="-72.593616" />
<trkpt lat="45.323916" lon="-72.594288" />
<trkpt lat="45.324039" lon="-72.594909" />
<trkpt lat="45.324110" lon="-72.595187" />
<trkpt lat="45.324360" lon="-72.596025" />
<trkpt lat="45.327589" lon="-72.605462" />
<trkpt lat="45.328011" lon="-72.606578" />
<trkpt lat="45.328449" lon="-72.607393" />
<trkpt lat="45.328917" lon="-72.608080" />
<trkpt lat="45.328979" lon="-72.608168" />
<trkpt lat="45.329519" lon="-72.608928" />
<trkpt lat="45.329960" lon="-72.609550" />
<trkpt lat="45.330048" lon="-72.609704" />
<trkpt lat="45.330133" lon="-72.609815" />
<trkpt lat="45.330308" lon="-72.610081" />
<trkpt lat="45.330639" lon="-72.610662" />
<trkpt lat="45.330983" lon="-72.611406" />
<trkpt lat="45.331285" lon="-72.612264" />
<trkpt lat="45.331496" lon="-72.613188" />
<trkpt lat="45.331677" lon="-72.614405" />
<trkpt lat="45.331858" lon="-72.615623" />
<trkpt lat="45.332039" lon="-72.616841" />
<trkpt lat="45.332220" lon="-72.618060" />
<trkpt lat="45.332462" lon="-72.619195" />
<trkpt lat="45.332808" lon="-72.620311" />
<trkpt lat="45.333079" lon="-72.620926" />
<trkpt lat="45.333276" lon="-72.621372" />
<trkpt lat="45.333347" lon="-72.621526" />
<trkpt lat="45.333421" lon="-72.621395" />
<trkpt lat="45.333640" lon="-72.621013" />
<trkpt lat="45.333798" lon="-72.620738" />
<trkpt lat="45.334253" lon="-72.619943" />
<trkpt lat="45.334517" lon="-72.619412" />
<trkpt lat="45.334784" lon="-72.618871" />
<trkpt lat="45.334905" lon="-72.618562" />
<trkpt lat="45.334960" lon="-72.618372" />
<trkpt lat="45.335046" lon="-72.618016" />
<trkpt lat="45.335089" lon="-72.617731" />
<trkpt lat="45.335425" lon="-72.618821" />
<trkpt lat="45.335761" lon="-72.619914" />
<trkpt lat="45.336042" lon="-72.620901" />
<trkpt lat="45.336323" lon="-72.621889" />
<trkpt lat="45.336605" lon="-72.622878" />
<trkpt lat="45.336886" lon="-72.623866" />
<trkpt lat="45.337099" lon="-72.624497" />
<trkpt lat="45.337308" lon="-72.625115" />
<trkpt lat="45.337650" lon="-72.626021" />
<trkpt lat="45.337708" lon="-72.626174" />
<trkpt lat="45.338103" lon="-72.627219" />
<trkpt lat="45.338409" lon="-72.628029" />
<trkpt lat="45.338491" lon="-72.628246" />
<trkpt lat="45.338837" lon="-72.629023" />
<trkpt lat="45.339175" lon="-72.629784" />
<trkpt lat="45.339514" lon="-72.630546" />
<trkpt lat="45.339943" lon="-72.631392" />
<trkpt lat="45.340372" lon="-72.632240" />
<trkpt lat="45.340801" lon="-72.633087" />
<trkpt lat="45.340943" lon="-72.633325" />
<trkpt lat="45.341117" lon="-72.633510" />
<trkpt lat="45.341409" lon="-72.633729" />
<trkpt lat="45.341679" lon="-72.633903" />
<trkpt lat="45.341823" lon="-72.633990" />
<trkpt lat="45.341883" lon="-72.634026" />
<trkpt lat="45.342007" lon="-72.634101" />
<trkpt lat="45.342247" lon="-72.634244" />
<trkpt lat="45.343043" lon="-72.634647" />
<trkpt lat="45.343840" lon="-72.635050" />
<trkpt lat="45.344635" lon="-72.635452" />
<trkpt lat="45.344926" lon="-72.635554" />
<trkpt lat="45.345174" lon="-72.635642" />
<trkpt lat="45.345467" lon="-72.635745" />
<trkpt lat="45.346031" lon="-72.635944" />
<trkpt lat="45.346774" lon="-72.636205" />
<trkpt lat="45.347430" lon="-72.636481" />
<trkpt lat="45.348087" lon="-72.636758" />
<trkpt lat="45.348274" lon="-72.636837" />
<trkpt lat="45.348742" lon="-72.637045" />
<trkpt lat="45.349144" lon="-72.637303" />
<trkpt lat="45.349318" lon="-72.637446" />
<trkpt lat="45.349488" lon="-72.637642" />
<trkpt lat="45.349582" lon="-72.637808" />
<trkpt lat="45.349844" lon="-72.638541" />
<trkpt lat="45.350107" lon="-72.639276" />
<trkpt lat="45.350525" lon="-72.640307" />
<trkpt lat="45.350875" lon="-72.641270" />
<trkpt lat="45.351220" lon="-72.642217" />
<trkpt lat="45.351609" lon="-72.643146" />
<trkpt lat="45.351909" lon="-72.643901" />
<trkpt lat="45.352211" lon="-72.644659" />
<trkpt lat="45.352273" lon="-72.644816" />
<trkpt lat="45.352520" lon="-72.645418" />
<trkpt lat="45.352934" lon="-72.646270" />
<trkpt lat="45.353037" lon="-72.646482" />
<trkpt lat="45.353336" lon="-72.647141" />
<trkpt lat="45.353504" lon="-72.647114" />
<trkpt lat="45.353672" lon="-72.647087" />
<trkpt lat="45.354372" lon="-72.646894" />
<trkpt lat="45.355151" lon="-72.646692" />
<trkpt lat="45.355492" lon="-72.646676" />
<trkpt lat="45.355885" lon="-72.646700" />
<trkpt lat="45.356365" lon="-72.646740" />
<trkpt lat="45.356852" lon="-72.646781" />
<trkpt lat="45.357507" lon="-72.646806" />
<trkpt lat="45.358188" lon="-72.646761" />
<trkpt lat="45.358864" lon="-72.646768" />
<trkpt lat="45.358910" lon="-72.646771" />
<trkpt lat="45.359275" lon="-72.646799" />
<trkpt lat="45.359735" lon="-72.646923" />
<trkpt lat="45.360022" lon="-72.647008" />
<trkpt lat="45.360773" lon="-72.647231" />
<trkpt lat="45.361403" lon="-72.647343" />
<trkpt lat="45.362160" lon="-72.647434" />
<trkpt lat="45.362920" lon="-72.647525" />
<trkpt lat="45.363192" lon="-72.647558" />
<trkpt lat="45.363684" lon="-72.647612" />
<trkpt lat="45.364030" lon="-72.647610" />
<trkpt lat="45.364371" lon="-72.647523" />
<trkpt lat="45.364626" lon="-72.647430" />
<trkpt lat="45.365034" lon="-72.647240" />
<trkpt lat="45.365562" lon="-72.646983" />
<trkpt lat="45.365863" lon="-72.646833" />
<trkpt lat="45.366694" lon="-72.646418" />
<trkpt lat="45.367525" lon="-72.646004" />
<trkpt lat="45.368355" lon="-72.645590" />
<trkpt lat="45.369186" lon="-72.645175" />
<trkpt lat="45.369479" lon="-72.644983" />
<trkpt lat="45.369713" lon="-72.644811" />
<trkpt lat="45.370036" lon="-72.644550" />
<trkpt lat="45.370411" lon="-72.644192" />
<trkpt lat="45.370961" lon="-72.643610" />
<trkpt lat="45.371359" lon="-72.643188" />
<trkpt lat="45.371512" lon="-72.643029" />
<trkpt lat="45.372073" lon="-72.642448" />
<trkpt lat="45.372743" lon="-72.641782" />
<trkpt lat="45.373418" lon="-72.641111" />
<trkpt lat="45.374094" lon="-72.640440" />
<trkpt lat="45.374769" lon="-72.639769" />
<trkpt lat="45.375441" lon="-72.639062" />
<trkpt lat="45.376119" lon="-72.638348" />
<trkpt lat="45.376617" lon="-72.637909" />
<trkpt lat="45.377125" lon="-72.637460" />
<trkpt lat="45.377874" lon="-72.636845" />
<trkpt lat="45.378608" lon="-72.636325" />
<trkpt lat="45.379343" lon="-72.635805" />
<trkpt lat="45.380077" lon="-72.635286" />
<trkpt lat="45.380566" lon="-72.634941" />
<trkpt lat="45.380814" lon="-72.634755" />
<trkpt lat="45.381092" lon="-72.634527" />
<trkpt lat="45.381376" lon="-72.634291" />
<trkpt lat="45.381475" lon="-72.634203" />
<trkpt lat="45.381610" lon="-72.633999" />
<trkpt lat="45.381803" lon="-72.633765" />
<trkpt lat="45.381952" lon="-72.633652" />
<trkpt lat="45.382085" lon="-72.633605" />
<trkpt lat="45.382204" lon="-72.633588" />
<trkpt lat="45.382366" lon="-72.633578" />
<trkpt lat="45.382676" lon="-72.633619" />
<trkpt lat="45.383358" lon="-72.633746" />
<trkpt lat="45.384044" lon="-72.633873" />
<trkpt lat="45.384735" lon="-72.634001" />
<trkpt lat="45.385374" lon="-72.634120" />
<trkpt lat="45.386018" lon="-72.634239" />
<trkpt lat="45.386662" lon="-72.634359" />
<trkpt lat="45.387210" lon="-72.634461" />
<trkpt lat="45.387963" lon="-72.634627" />
<trkpt lat="45.388722" lon="-72.634795" />
<trkpt lat="45.389481" lon="-72.634962" />
<trkpt lat="45.390241" lon="-72.635130" />
<trkpt lat="45.391000" lon="-72.635297" />
<trkpt lat="45.391625" lon="-72.635366" />
<trkpt lat="45.391997" lon="-72.635383" />
<trkpt lat="45.392575" lon="-72.635363" />
<trkpt lat="45.393180" lon="-72.635360" />
<trkpt lat="45.393795" lon="-72.635358" />
<trkpt lat="45.394416" lon="-72.635355" />
<trkpt lat="45.395147" lon="-72.635325" />
<trkpt lat="45.395569" lon="-72.635278" />
<trkpt lat="45.395898" lon="-72.635205" />
<trkpt lat="45.396100" lon="-72.635153" />
<trkpt lat="45.396264" lon="-72.635103" />
<trkpt lat="45.396442" lon="-72.635015" />
<trkpt lat="45.397279" lon="-72.634494" />
<trkpt lat="45.397422" lon="-72.634423" />
<trkpt lat="45.397543" lon="-72.634372" />
<trkpt lat="45.397715" lon="-72.634319" />
<trkpt lat="45.397895" lon="-72.634278" />
<trkpt lat="45.398038" lon="-72.634257" />
<trkpt lat="45.398257" lon="-72.634256" />
<trkpt lat="45.398422" lon="-72.634260" />
<trkpt lat="45.398620" lon="-72.634281" />
<trkpt lat="45.398777" lon="-72.634312" />
<trkpt lat="45.399585" lon="-72.634519" />
<trkpt lat="45.399771" lon="-72.634556" />
<trkpt lat="45.400060" lon="-72.634607" />
<trkpt lat="45.400373" lon="-72.634636" />
<trkpt lat="45.400920" lon="-72.634688" />
<trkpt lat="45.401249" lon="-72.634702" />
<trkpt lat="45.401601" lon="-72.634705" />
<trkpt lat="45.401911" lon="-72.634692" />
<trkpt lat="45.402064" lon="-72.634674" />
<trkpt lat="45.402286" lon="-72.634633" />
<trkpt lat="45.402412" lon="-72.634594" />
<trkpt lat="45.402551" lon="-72.634536" />
<trkpt lat="45.402703" lon="-72.634437" />
<trkpt lat="45.402934" lon="-72.634264" />
<trkpt lat="45.403541" lon="-72.633777" />
<trkpt lat="45.403796" lon="-72.633551" />
<trkpt lat="45.404558" lon="-72.632818" />
<trkpt lat="45.404762" lon="-72.632620" />
<trkpt lat="45.405430" lon="-72.631993" />
<trkpt lat="45.405451" lon="-72.632034" />
<trkpt lat="45.405469" lon="-72.632099" />
<trkpt lat="45.405486" lon="-72.632196" />
<trkpt lat="45.405561" lon="-72.633567" />
<trkpt lat="45.405853" lon="-72.638977" />
<trkpt lat="45.405961" lon="-72.640427" />
<trkpt lat="45.406111" lon="-72.643077" />
<trkpt lat="45.406263" lon="-72.646163" />
<trkpt lat="45.406260" lon="-72.646459" />
<trkpt lat="45.406250" lon="-72.646646" />
<trkpt lat="45.406224" lon="-72.646849" />
<trkpt lat="45.406172" lon="-72.647092" />
<trkpt lat="45.406081" lon="-72.647369" />
<trkpt lat="45.405825" lon="-72.647970" />
<trkpt lat="45.405561" lon="-72.648590" />
<trkpt lat="45.405292" lon="-72.649218" />
<trkpt lat="45.405133" lon="-72.649568" />
<trkpt lat="45.404971" lon="-72.649914" />
<trkpt lat="45.404867" lon="-72.650108" />
<trkpt lat="45.404766" lon="-72.650260" />
<trkpt lat="45.404700" lon="-72.650359" />
<trkpt lat="45.404569" lon="-72.650529" />
<trkpt lat="45.404448" lon="-72.650652" />
<trkpt lat="45.404290" lon="-72.650772" />
<trkpt lat="45.403972" lon="-72.650967" />
<trkpt lat="45.402778" lon="-72.651661" />
<trkpt lat="45.401706" lon="-72.652236" />
<trkpt lat="45.401397" lon="-72.652409" />
<trkpt lat="45.400845" lon="-72.652700" />
<trkpt lat="45.399666" lon="-72.653355" />
<trkpt lat="45.397312" lon="-72.654648" />
<trkpt lat="45.397063" lon="-72.654804" />
<trkpt lat="45.396904" lon="-72.654962" />
<trkpt lat="45.396751" lon="-72.655200" />
<trkpt lat="45.396653" lon="-72.655495" />
<trkpt lat="45.396579" lon="-72.655881" />
<trkpt lat="45.396563" lon="-72.656314" />
<trkpt lat="45.396621" lon="-72.657411" />
<trkpt lat="45.396660" lon="-72.657887" />
<trkpt lat="45.396899" lon="-72.660862" />
<trkpt lat="45.397037" lon="-72.662979" />
<trkpt lat="45.397073" lon="-72.663532" />
<trkpt lat="45.397096" lon="-72.663894" />
<trkpt lat="45.397075" lon="-72.664598" />
<trkpt lat="45.397043" lon="-72.664829" />
<trkpt lat="45.396994" lon="-72.665048" />
<trkpt lat="45.396899" lon="-72.665257" />
<trkpt lat="45.396765" lon="-72.665530" />
<trkpt lat="45.395240" lon="-72.668174" />
<trkpt lat="45.394502" lon="-72.669429" />
<trkpt lat="45.394373" lon="-72.669638" />
<trkpt lat="45.393598" lon="-72.670870" />
<trkpt lat="45.393310" lon="-72.671327" />
<trkpt lat="45.393209" lon="-72.671487" />
<trkpt lat="45.393034" lon="-72.671815" />
<trkpt lat="45.392941" lon="-72.672041" />
<trkpt lat="45.392904" lon="-72.672295" />
<trkpt lat="45.392929" lon="-72.673622" />
<trkpt lat="45.392940" lon="-72.674567" />
<trkpt lat="45.392936" lon="-72.674770" />
<trkpt lat="45.392897" lon="-72.674928" />
<trkpt lat="45.392920" lon="-72.675084" />
<trkpt lat="45.392959" lon="-72.675542" />
<trkpt lat="45.392996" lon="-72.676093" />
<trkpt lat="45.393017" lon="-72.676642" />
<trkpt lat="45.393049" lon="-72.677126" />
<trkpt lat="45.393083" lon="-72.678633" />
<trkpt lat="45.393127" lon="-72.679404" />
<trkpt lat="45.393158" lon="-72.680365" />
<trkpt lat="45.393213" lon="-72.682599" />
<trkpt lat="45.393230" lon="-72.683425" />
<trkpt lat="45.393269" lon="-72.685307" />
<trkpt lat="45.393288" lon="-72.685863" />
<trkpt lat="45.393290" lon="-72.686489" />
<trkpt lat="45.393280" lon="-72.687262" />
<trkpt lat="45.393497" lon="-72.693444" />
<trkpt lat="45.393542" lon="-72.694930" />
<trkpt lat="45.393563" lon="-72.695122" />
<trkpt lat="45.393886" lon="-72.698114" />
<trkpt lat="45.394029" lon="-72.699127" />
<trkpt lat="45.394058" lon="-72.699329" />
<trkpt lat="45.394255" lon="-72.700965" />
<trkpt lat="45.394331" lon="-72.701609" />
<trkpt lat="45.394351" lon="-72.701774" />
<trkpt lat="45.394398" lon="-72.701865" />
<trkpt lat="45.394450" lon="-72.702188" />
<trkpt lat="45.394501" lon="-72.702553" />
<trkpt lat="45.394528" lon="-72.702752" />
<trkpt lat="45.394560" lon="-72.702983" />
<trkpt lat="45.394576" lon="-72.703087" />
<trkpt lat="45.394624" lon="-72.703401" />
<trkpt lat="45.394645" lon="-72.703556" />
<trkpt lat="45.394654" lon="-72.703656" />
<trkpt lat="45.394658" lon="-72.703705" />
<trkpt lat="45.394679" lon="-72.703949" />
<trkpt lat="45.394678" lon="-72.704069" />
<trkpt lat="45.394677" lon="-72.704212" />
<trkpt lat="45.394657" lon="-72.704500" />
<trkpt lat="45.394617" lon="-72.704840" />
<trkpt lat="45.394602" lon="-72.705085" />
<trkpt lat="45.394563" lon="-72.705388" />
<trkpt lat="45.394512" lon="-72.705696" />
<trkpt lat="45.394391" lon="-72.706162" />
<trkpt lat="45.394134" lon="-72.707152" />
<trkpt lat="45.393936" lon="-72.707917" />
<trkpt lat="45.393868" lon="-72.708195" />
<trkpt lat="45.393841" lon="-72.708318" />
<trkpt lat="45.393790" lon="-72.708557" />
<trkpt lat="45.393761" lon="-72.708709" />
<trkpt lat="45.393746" lon="-72.708935" />
<trkpt lat="45.393738" lon="-72.709260" />
<trkpt lat="45.393750" lon="-72.709509" />
<trkpt lat="45.393765" lon="-72.709768" />
<trkpt lat="45.393801" lon="-72.709993" />
<trkpt lat="45.393848" lon="-72.710188" />
<trkpt lat="45.393892" lon="-72.710356" />
<trkpt lat="45.393946" lon="-72.710501" />
<trkpt lat="45.393967" lon="-72.710547" />
<trkpt lat="45.394030" lon="-72.710685" />
<trkpt lat="45.394111" lon="-72.710865" />
<trkpt lat="45.394137" lon="-72.710913" />
<trkpt lat="45.394269" lon="-72.711160" />
<trkpt lat="45.394383" lon="-72.711372" />
<trkpt lat="45.394807" lon="-72.712146" />
<trkpt lat="45.395016" lon="-72.712528" />
<trkpt lat="45.395141" lon="-72.712746" />
<trkpt lat="45.395782" lon="-72.713869" />
<trkpt lat="45.395864" lon="-72.714012" />
<trkpt lat="45.395956" lon="-72.714178" />
<trkpt lat="45.396107" lon="-72.714452" />
<trkpt lat="45.396258" lon="-72.714725" />
<trkpt lat="45.396434" lon="-72.715044" />
<trkpt lat="45.396465" lon="-72.715112" />
<trkpt lat="45.396657" lon="-72.715492" />
<trkpt lat="45.396823" lon="-72.715790" />
<trkpt lat="45.396906" lon="-72.715865" />
<trkpt lat="45.396958" lon="-72.715896" />
<trkpt lat="45.396988" lon="-72.715913" />
<trkpt lat="45.397035" lon="-72.715918" />
<trkpt lat="45.397378" lon="-72.715975" />
<trkpt lat="45.397942" lon="-72.716073" />
<trkpt lat="45.397996" lon="-72.716082" />
<trkpt lat="45.397982" lon="-72.716166" />
<trkpt lat="45.397961" lon="-72.716302" />
<trkpt lat="45.397787" lon="-72.717392" />
<trkpt lat="45.397593" lon="-72.718609" />
<trkpt lat="45.397566" lon="-72.718777" />
<trkpt lat="45.397420" lon="-72.719789" />
<trkpt lat="45.397408" lon="-72.719871" />
<trkpt lat="45.397376" lon="-72.720016" />
<trkpt lat="45.397447" lon="-72.720209" />
<trkpt lat="45.397665" lon="-72.720793" />
<trkpt lat="45.397823" lon="-72.721218" />
<trkpt lat="45.397969" lon="-72.721611" />
<trkpt lat="45.398347" lon="-72.722627" />
<trkpt lat="45.398476" lon="-72.722973" />
<trkpt lat="45.398526" lon="-72.723106" />
<trkpt lat="45.398569" lon="-72.723221" />
<trkpt lat="45.398613" lon="-72.723339" />
<trkpt lat="45.398958" lon="-72.724267" />
<trkpt lat="45.399014" lon="-72.724417" />
<trkpt lat="45.399051" lon="-72.724519" />
<trkpt lat="45.399393" lon="-72.725449" />
<trkpt lat="45.399557" lon="-72.725859" />
<trkpt lat="45.399577" lon="-72.725908" />
<trkpt lat="45.399605" lon="-72.725977" />
<trkpt lat="45.399820" lon="-72.726501" />
<trkpt lat="45.399885" lon="-72.726659" />
<trkpt lat="45.399922" lon="-72.726749" />
<trkpt lat="45.400010" lon="-72.726964" />
<trkpt lat="45.400240" lon="-72.727489" />
<trkpt lat="45.400523" lon="-72.728134" />
<trkpt lat="45.400575" lon="-72.728253" />
<trkpt lat="45.400835" lon="-72.728848" />
<trkpt lat="45.400917" lon="-72.729035" />
<trkpt lat="45.401232" lon="-72.729754" />
<trkpt lat="45.401332" lon="-72.729996" />
<trkpt lat="45.401385" lon="-72.730128" />
<trkpt lat="45.401417" lon="-72.730200" />
<trkpt lat="45.401864" lon="-72.731193" />
<trkpt lat="45.402032" lon="-72.731571" />
<trkpt lat="45.402118" lon="-72.731748" />
<trkpt lat="45.402153" lon="-72.731822" />
<trkpt lat="45.402547" lon="-72.732608" />
<trkpt lat="45.402899" lon="-72.733300" />
<trkpt lat="45.402917" lon="-72.733337" />
<trkpt lat="45.402944" lon="-72.733392" />
<trkpt lat="45.403195" lon="-72.733904" />
<trkpt lat="45.403248" lon="-72.734013" />
<trkpt lat="45.403288" lon="-72.734084" />
<trkpt lat="45.403356" lon="-72.734206" />
<trkpt lat="45.403630" lon="-72.734698" />
<trkpt lat="45.403743" lon="-72.734901" />
<trkpt lat="45.403774" lon="-72.734955" />
<trkpt lat="45.403810" lon="-72.735020" />
<trkpt lat="45.404181" lon="-72.735685" />
<trkpt lat="45.404612" lon="-72.736457" />
<trkpt lat="45.404679" lon="-72.736578" />
<trkpt lat="45.405787" lon="-72.738564" />
<trkpt lat="45.405872" lon="-72.738716" />
<trkpt lat="45.406568" lon="-72.739963" />
<trkpt lat="45.406747" lon="-72.740285" />
<trkpt lat="45.406815" lon="-72.740407" />
<trkpt lat="45.406896" lon="-72.740552" />
<trkpt lat="45.407107" lon="-72.740930" />
<trkpt lat="45.407270" lon="-72.741154" />
<trkpt lat="45.407769" lon="-72.741981" />
<trkpt lat="45.408035" lon="-72.742452" />
<trkpt lat="45.408090" lon="-72.742543" />
<trkpt lat="45.408193" lon="-72.742718" />
<trkpt lat="45.408564" lon="-72.743356" />
<trkpt lat="45.409034" lon="-72.744212" />
<trkpt lat="45.409115" lon="-72.744351" />
<trkpt lat="45.409555" lon="-72.745175" />
<trkpt lat="45.409584" lon="-72.745230" />
<trkpt lat="45.409700" lon="-72.745425" />
<trkpt lat="45.409863" lon="-72.745693" />
<trkpt lat="45.410484" lon="-72.746728" />
<trkpt lat="45.410582" lon="-72.746902" />
<trkpt lat="45.410936" lon="-72.747555" />
<trkpt lat="45.410980" lon="-72.747635" />
<trkpt lat="45.411027" lon="-72.747724" />
<trkpt lat="45.411234" lon="-72.748102" />
<trkpt lat="45.411406" lon="-72.748415" />
<trkpt lat="45.411699" lon="-72.748930" />
<trkpt lat="45.411817" lon="-72.749090" />
<trkpt lat="45.411858" lon="-72.749145" />
<trkpt lat="45.411910" lon="-72.749246" />
<trkpt lat="45.412231" lon="-72.749810" />
<trkpt lat="45.412672" lon="-72.750595" />
<trkpt lat="45.413046" lon="-72.751261" />
<trkpt lat="45.413175" lon="-72.751491" />
<trkpt lat="45.413334" lon="-72.751774" />
<trkpt lat="45.413424" lon="-72.751934" />
<trkpt lat="45.413705" lon="-72.752435" />
<trkpt lat="45.413890" lon="-72.752779" />
<trkpt lat="45.414083" lon="-72.753136" />
<trkpt lat="45.414182" lon="-72.753320" />
<trkpt lat="45.414212" lon="-72.753376" />
<trkpt lat="45.414446" lon="-72.753810" />
<trkpt lat="45.414666" lon="-72.754253" />
<trkpt lat="45.414775" lon="-72.754474" />
<trkpt lat="45.414808" lon="-72.754540" />
<trkpt lat="45.414995" lon="-72.755015" />
<trkpt lat="45.415122" lon="-72.755343" />
<trkpt lat="45.415230" lon="-72.755612" />
<trkpt lat="45.415341" lon="-72.755958" />
<trkpt lat="45.415603" lon="-72.756771" />
<trkpt lat="45.415797" lon="-72.757430" />
<trkpt lat="45.416064" lon="-72.758340" />
<trkpt lat="45.416508" lon="-72.759784" />
<trkpt lat="45.416935" lon="-72.761218" />
<trkpt lat="45.416982" lon="-72.761362" />
<trkpt lat="45.417240" lon="-72.762226" />
<trkpt lat="45.417516" lon="-72.763151" />
<trkpt lat="45.417552" lon="-72.763270" />
<trkpt lat="45.417812" lon="-72.764144" />
<trkpt lat="45.417922" lon="-72.764508" />
<trkpt lat="45.418113" lon="-72.765154" />
<trkpt lat="45.418225" lon="-72.765545" />
<trkpt lat="45.418289" lon="-72.765768" />
<trkpt lat="45.418533" lon="-72.766631" />
<trkpt lat="45.418568" lon="-72.766752" />
<trkpt lat="45.418615" lon="-72.766932" />
<trkpt lat="45.418680" lon="-72.767268" />
<trkpt lat="45.418708" lon="-72.767408" />
<trkpt lat="45.418749" lon="-72.767556" />
<trkpt lat="45.418913" lon="-72.768132" />
<trkpt lat="45.419074" lon="-72.768754" />
<trkpt lat="45.419223" lon="-72.769384" />
<trkpt lat="45.419332" lon="-72.769894" />
<trkpt lat="45.419375" lon="-72.770103" />
<trkpt lat="45.419482" lon="-72.770659" />
<trkpt lat="45.419591" lon="-72.771305" />
<trkpt lat="45.419749" lon="-72.771949" />
<trkpt lat="45.419798" lon="-72.772197" />
<trkpt lat="45.419895" lon="-72.772787" />
<trkpt lat="45.420144" lon="-72.774428" />
<trkpt lat="45.420434" lon="-72.776295" />
<trkpt lat="45.420348" lon="-72.776320" />
<trkpt lat="45.417995" lon="-72.777055" />
<trkpt lat="45.416887" lon="-72.777364" />
<trkpt lat="45.417699" lon="-72.782228" />
<trkpt lat="45.418095" lon="-72.784598" />
<trkpt lat="45.418126" lon="-72.784842" />
<trkpt lat="45.418617" lon="-72.787928" />
<trkpt lat="45.418784" lon="-72.788884" />
<trkpt lat="45.419189" lon="-72.791481" />
<trkpt lat="45.419525" lon="-72.793631" />
<trkpt lat="45.420388" lon="-72.798663" />
<trkpt lat="45.420693" lon="-72.800692" />
<trkpt lat="45.421050" lon="-72.802755" />
<trkpt lat="45.421792" lon="-72.807584" />
<trkpt lat="45.422674" lon="-72.813006" />
<trkpt lat="45.424077" lon="-72.813040" />
<trkpt lat="45.424857" lon="-72.813062" />
<trkpt lat="45.426130" lon="-72.813129" />
<trkpt lat="45.425895" lon="-72.811621" />
<trkpt lat="45.426074" lon="-72.811549" />
<trkpt lat="45.425895" lon="-72.811621" />
<trkpt lat="45.426130" lon="-72.813129" />
<trkpt lat="45.424857" lon="-72.813062" />
<trkpt lat="45.424077" lon="-72.813040" />
<trkpt lat="45.422674" lon="-72.813006" />
<trkpt lat="45.421792" lon="-72.807584" />
<trkpt lat="45.421050" lon="-72.802755" />
<trkpt lat="45.420693" lon="-72.800692" />
<trkpt lat="45.420388" lon="-72.798663" />
<trkpt lat="45.419525" lon="-72.793631" />
<trkpt lat="45.419189" lon="-72.791481" />
<trkpt lat="45.418784" lon="-72.788884" />
<trkpt lat="45.418617" lon="-72.787928" />
<trkpt lat="45.418126" lon="-72.784842" />
<trkpt lat="45.418095" lon="-72.784598" />
<trkpt lat="45.417699" lon="-72.782228" />
<trkpt lat="45.416887" lon="-72.777364" />
<trkpt lat="45.416798" lon="-72.776763" />
<trkpt lat="45.415738" lon="-72.770320" />
<trkpt lat="45.415450" lon="-72.768745" />
<trkpt lat="45.415307" lon="-72.768201" />
<trkpt lat="45.415164" lon="-72.767729" />
<trkpt lat="45.414985" lon="-72.767178" />
<trkpt lat="45.414797" lon="-72.766715" />
<trkpt lat="45.414639" lon="-72.766314" />
<trkpt lat="45.414551" lon="-72.766124" />
<trkpt lat="45.414385" lon="-72.765798" />
<trkpt lat="45.413639" lon="-72.764494" />
<trkpt lat="45.410739" lon="-72.759836" />
<trkpt lat="45.408041" lon="-72.755589" />
<trkpt lat="45.408077" lon="-72.755543" />
<trkpt lat="45.408239" lon="-72.755333" />
<trkpt lat="45.408300" lon="-72.755275" />
<trkpt lat="45.408384" lon="-72.755193" />
<trkpt lat="45.408446" lon="-72.755157" />
<trkpt lat="45.408590" lon="-72.755073" />
<trkpt lat="45.408790" lon="-72.754974" />
<trkpt lat="45.409067" lon="-72.754858" />
<trkpt lat="45.410620" lon="-72.754211" />
<trkpt lat="45.410579" lon="-72.753964" />
<trkpt lat="45.410491" lon="-72.753748" />
<trkpt lat="45.410303" lon="-72.753406" />
<trkpt lat="45.410097" lon="-72.753211" />
<trkpt lat="45.409916" lon="-72.753100" />
<trkpt lat="45.409940" lon="-72.752604" />
<trkpt lat="45.409917" lon="-72.752336" />
<trkpt lat="45.409841" lon="-72.751892" />
<trkpt lat="45.409682" lon="-72.750914" />
<trkpt lat="45.409510" lon="-72.749967" />
<trkpt lat="45.410351" lon="-72.749730" />
<trkpt lat="45.410940" lon="-72.749564" />
<trkpt lat="45.410975" lon="-72.749554" />
<trkpt lat="45.411021" lon="-72.749541" />
<trkpt lat="45.411139" lon="-72.749508" />
<trkpt lat="45.411621" lon="-72.749372" />
<trkpt lat="45.411748" lon="-72.749327" />
<trkpt lat="45.411858" lon="-72.749145" />
<trkpt lat="45.412218" lon="-72.748847" />
<trkpt lat="45.412348" lon="-72.748841" />
<trkpt lat="45.412475" lon="-72.748768" />
<trkpt lat="45.412647" lon="-72.748709" />
<trkpt lat="45.412709" lon="-72.748681" />
<trkpt lat="45.412754" lon="-72.748661" />
<trkpt lat="45.412692" lon="-72.748183" />
<trkpt lat="45.412621" lon="-72.747630" />
<trkpt lat="45.412564" lon="-72.747191" />
<trkpt lat="45.412555" lon="-72.747125" />
<trkpt lat="45.412488" lon="-72.746608" />
<trkpt lat="45.412472" lon="-72.746482" />
<trkpt lat="45.412351" lon="-72.745544" />
<trkpt lat="45.412219" lon="-72.744525" />
<trkpt lat="45.413789" lon="-72.744108" />
<trkpt lat="45.414659" lon="-72.743877" />
<trkpt lat="45.414719" lon="-72.743234" />
<trkpt lat="45.414745" lon="-72.742839" />
<trkpt lat="45.414745" lon="-72.742761" />
<trkpt lat="45.414744" lon="-72.742615" />
<trkpt lat="45.414744" lon="-72.742572" />
<trkpt lat="45.414747" lon="-72.742279" />
<trkpt lat="45.414764" lon="-72.741589" />
<trkpt lat="45.414774" lon="-72.740623" />
<trkpt lat="45.414862" lon="-72.739719" />
<trkpt lat="45.414879" lon="-72.739575" />
<trkpt lat="45.414965" lon="-72.739057" />
<trkpt lat="45.415056" lon="-72.738366" />
<trkpt lat="45.415094" lon="-72.737773" />
<trkpt lat="45.415029" lon="-72.737317" />
<trkpt lat="45.414871" lon="-72.736235" />
<trkpt lat="45.414735" lon="-72.735142" />
<trkpt lat="45.414711" lon="-72.734507" />
<trkpt lat="45.414704" lon="-72.733943" />
<trkpt lat="45.414714" lon="-72.732685" />
<trkpt lat="45.414708" lon="-72.731421" />
<trkpt lat="45.414668" lon="-72.730175" />
<trkpt lat="45.414688" lon="-72.728989" />
<trkpt lat="45.414679" lon="-72.727807" />
<trkpt lat="45.414674" lon="-72.727687" />
<trkpt lat="45.416176" lon="-72.727276" />
<trkpt lat="45.417599" lon="-72.726892" />
<trkpt lat="45.417882" lon="-72.726763" />
<trkpt lat="45.417973" lon="-72.726740" />
<trkpt lat="45.418333" lon="-72.726701" />
<trkpt lat="45.420133" lon="-72.726181" />
<trkpt lat="45.420667" lon="-72.726045" />
<trkpt lat="45.420953" lon="-72.725963" />
<trkpt lat="45.420982" lon="-72.725962" />
<trkpt lat="45.421516" lon="-72.725923" />
<trkpt lat="45.421635" lon="-72.725917" />
<trkpt lat="45.421671" lon="-72.725829" />
<trkpt lat="45.421705" lon="-72.725781" />
<trkpt lat="45.421736" lon="-72.725774" />
<trkpt lat="45.421803" lon="-72.725806" />
<trkpt lat="45.421801" lon="-72.723818" />
<trkpt lat="45.421763" lon="-72.719824" />
<trkpt lat="45.421735" lon="-72.718176" />
<trkpt lat="45.421753" lon="-72.717036" />
<trkpt lat="45.421734" lon="-72.716875" />
<trkpt lat="45.421670" lon="-72.716709" />
<trkpt lat="45.421595" lon="-72.716573" />
<trkpt lat="45.421649" lon="-72.716343" />
<trkpt lat="45.421653" lon="-72.716202" />
<trkpt lat="45.421607" lon="-72.714904" />
<trkpt lat="45.421548" lon="-72.710099" />
<trkpt lat="45.421419" lon="-72.710097" />
<trkpt lat="45.421378" lon="-72.706141" />
<trkpt lat="45.421420" lon="-72.703217" />
<trkpt lat="45.421432" lon="-72.702468" />
<trkpt lat="45.421498" lon="-72.699684" />
<trkpt lat="45.421508" lon="-72.698644" />
<trkpt lat="45.421498" lon="-72.697982" />
<trkpt lat="45.421468" lon="-72.697234" />
<trkpt lat="45.421335" lon="-72.695058" />
<trkpt lat="45.421260" lon="-72.694055" />
<trkpt lat="45.421110" lon="-72.692055" />
<trkpt lat="45.421022" lon="-72.690318" />
<trkpt lat="45.421002" lon="-72.689893" />
<trkpt lat="45.420945" lon="-72.688185" />
<trkpt lat="45.420927" lon="-72.687307" />
<trkpt lat="45.420910" lon="-72.686508" />
<trkpt lat="45.420852" lon="-72.681260" />
<trkpt lat="45.420828" lon="-72.679105" />
<trkpt lat="45.420823" lon="-72.678643" />
<trkpt lat="45.420777" lon="-72.672151" />
<trkpt lat="45.420707" lon="-72.667259" />
<trkpt lat="45.420579" lon="-72.664386" />
<trkpt lat="45.420382" lon="-72.660981" />
<trkpt lat="45.420014" lon="-72.655930" />
<trkpt lat="45.419472" lon="-72.648480" />
<trkpt lat="45.419128" lon="-72.643355" />
<trkpt lat="45.419094" lon="-72.642843" />
<trkpt lat="45.419048" lon="-72.642161" />
<trkpt lat="45.418900" lon="-72.639957" />
<trkpt lat="45.418868" lon="-72.639381" />
<trkpt lat="45.418790" lon="-72.638171" />
<trkpt lat="45.418537" lon="-72.634304" />
<trkpt lat="45.418503" lon="-72.633793" />
<trkpt lat="45.418381" lon="-72.631917" />
<trkpt lat="45.418276" lon="-72.630523" />
<trkpt lat="45.418405" lon="-72.630430" />
<trkpt lat="45.418497" lon="-72.630345" />
<trkpt lat="45.418597" lon="-72.630222" />
<trkpt lat="45.418666" lon="-72.630090" />
<trkpt lat="45.418756" lon="-72.629839" />
<trkpt lat="45.418788" lon="-72.629587" />
<trkpt lat="45.418781" lon="-72.629338" />
<trkpt lat="45.418731" lon="-72.628869" />
<trkpt lat="45.418499" lon="-72.627800" />
<trkpt lat="45.418477" lon="-72.627610" />
<trkpt lat="45.418423" lon="-72.626455" />
<trkpt lat="45.418268" lon="-72.624821" />
<trkpt lat="45.418286" lon="-72.624643" />
<trkpt lat="45.418325" lon="-72.624500" />
<trkpt lat="45.418421" lon="-72.624241" />
<trkpt lat="45.418524" lon="-72.624079" />
<trkpt lat="45.418607" lon="-72.623995" />
<trkpt lat="45.418699" lon="-72.623935" />
<trkpt lat="45.418778" lon="-72.623918" />
<trkpt lat="45.418878" lon="-72.623926" />
<trkpt lat="45.418924" lon="-72.623944" />
<trkpt lat="45.419066" lon="-72.624041" />
<trkpt lat="45.419173" lon="-72.624080" />
<trkpt lat="45.419322" lon="-72.624093" />
<trkpt lat="45.419472" lon="-72.624051" />
<trkpt lat="45.419594" lon="-72.623977" />
<trkpt lat="45.420175" lon="-72.623459" />
<trkpt lat="45.420242" lon="-72.623413" />
<trkpt lat="45.420313" lon="-72.623394" />
<trkpt lat="45.420459" lon="-72.623379" />
<trkpt lat="45.420523" lon="-72.623352" />
<trkpt lat="45.420570" lon="-72.623301" />
<trkpt lat="45.420639" lon="-72.623194" />
<trkpt lat="45.420645" lon="-72.623038" />
<trkpt lat="45.420673" lon="-72.622861" />
<trkpt lat="45.420704" lon="-72.622755" />
<trkpt lat="45.420744" lon="-72.622702" />
<trkpt lat="45.420820" lon="-72.622672" />
<trkpt lat="45.421145" lon="-72.622753" />
<trkpt lat="45.421558" lon="-72.622924" />
<trkpt lat="45.421769" lon="-72.622961" />
<trkpt lat="45.422089" lon="-72.622913" />
<trkpt lat="45.422191" lon="-72.622918" />
<trkpt lat="45.422556" lon="-72.622988" />
<trkpt lat="45.422684" lon="-72.622972" />
<trkpt lat="45.423490" lon="-72.622527" />
<trkpt lat="45.424003" lon="-72.622111" />
<trkpt lat="45.424038" lon="-72.621590" />
<trkpt lat="45.424019" lon="-72.621461" />
<trkpt lat="45.423915" lon="-72.621178" />
<trkpt lat="45.423901" lon="-72.621110" />
<trkpt lat="45.423901" lon="-72.620975" />
<trkpt lat="45.423917" lon="-72.620563" />
<trkpt lat="45.424027" lon="-72.620014" />
<trkpt lat="45.424037" lon="-72.619878" />
<trkpt lat="45.424070" lon="-72.619212" />
<trkpt lat="45.424059" lon="-72.619126" />
<trkpt lat="45.424023" lon="-72.618998" />
<trkpt lat="45.424024" lon="-72.618933" />
<trkpt lat="45.424057" lon="-72.618795" />
<trkpt lat="45.424067" lon="-72.618688" />
<trkpt lat="45.424052" lon="-72.618209" />
<trkpt lat="45.424073" lon="-72.617977" />
<trkpt lat="45.424022" lon="-72.617931" />
<trkpt lat="45.417760" lon="-72.610767" />
<trkpt lat="45.417492" lon="-72.610463" />
<trkpt lat="45.417468" lon="-72.610382" />
<trkpt lat="45.417467" lon="-72.610327" />
<trkpt lat="45.417477" lon="-72.610281" />
<trkpt lat="45.417541" lon="-72.610180" />
<trkpt lat="45.417543" lon="-72.610092" />
<trkpt lat="45.417508" lon="-72.609306" />
<trkpt lat="45.417495" lon="-72.609220" />
<trkpt lat="45.417469" lon="-72.609114" />
<trkpt lat="45.417401" lon="-72.608910" />
<trkpt lat="45.417379" lon="-72.608786" />
<trkpt lat="45.417381" lon="-72.608717" />
<trkpt lat="45.417411" lon="-72.608547" />
<trkpt lat="45.417591" lon="-72.608201" />
<trkpt lat="45.418158" lon="-72.607111" />
<trkpt lat="45.418335" lon="-72.606936" />
<trkpt lat="45.418568" lon="-72.606818" />
<trkpt lat="45.418765" lon="-72.606764" />
<trkpt lat="45.419081" lon="-72.606770" />
<trkpt lat="45.419207" lon="-72.606729" />
<trkpt lat="45.419552" lon="-72.606494" />
<trkpt lat="45.419688" lon="-72.606346" />
<trkpt lat="45.419722" lon="-72.606200" />
<trkpt lat="45.419807" lon="-72.605528" />
<trkpt lat="45.419796" lon="-72.605355" />
<trkpt lat="45.419660" lon="-72.605005" />
<trkpt lat="45.419629" lon="-72.604737" />
<trkpt lat="45.419670" lon="-72.604537" />
<trkpt lat="45.419793" lon="-72.604285" />
<trkpt lat="45.419803" lon="-72.604168" />
<trkpt lat="45.419787" lon="-72.603789" />
<trkpt lat="45.419854" lon="-72.603585" />
<trkpt lat="45.419953" lon="-72.603086" />
<trkpt lat="45.419997" lon="-72.602899" />
<trkpt lat="45.420156" lon="-72.602660" />
<trkpt lat="45.420248" lon="-72.602482" />
<trkpt lat="45.420333" lon="-72.602235" />
<trkpt lat="45.420370" lon="-72.601864" />
<trkpt lat="45.420405" lon="-72.601637" />
<trkpt lat="45.420547" lon="-72.601335" />
<trkpt lat="45.420680" lon="-72.601115" />
<trkpt lat="45.420798" lon="-72.601027" />
<trkpt lat="45.421083" lon="-72.600884" />
<trkpt lat="45.421205" lon="-72.600796" />
<trkpt lat="45.421307" lon="-72.600687" />
<trkpt lat="45.421386" lon="-72.600530" />
<trkpt lat="45.421385" lon="-72.600376" />
<trkpt lat="45.421344" lon="-72.600239" />
<trkpt lat="45.421098" lon="-72.599765" />
<trkpt lat="45.421052" lon="-72.599608" />
<trkpt lat="45.421078" lon="-72.599461" />
<trkpt lat="45.421147" lon="-72.599303" />
<trkpt lat="45.421462" lon="-72.598967" />
<trkpt lat="45.421686" lon="-72.598852" />
<trkpt lat="45.421821" lon="-72.598696" />
<trkpt lat="45.421903" lon="-72.598388" />
<trkpt lat="45.421947" lon="-72.597958" />
<trkpt lat="45.422414" lon="-72.596997" />
<trkpt lat="45.422468" lon="-72.596844" />
<trkpt lat="45.422470" lon="-72.596616" />
<trkpt lat="45.422433" lon="-72.596360" />
<trkpt lat="45.422342" lon="-72.596177" />
<trkpt lat="45.421791" lon="-72.595773" />
<trkpt lat="45.421612" lon="-72.595662" />
<trkpt lat="45.421368" lon="-72.595345" />
<trkpt lat="45.421057" lon="-72.595168" />
<trkpt lat="45.420741" lon="-72.594830" />
<trkpt lat="45.420601" lon="-72.594260" />
<trkpt lat="45.420512" lon="-72.594012" />
<trkpt lat="45.420374" lon="-72.593571" />
<trkpt lat="45.420266" lon="-72.593081" />
<trkpt lat="45.420243" lon="-72.592790" />
<trkpt lat="45.420267" lon="-72.592594" />
<trkpt lat="45.420350" lon="-72.592199" />
<trkpt lat="45.420397" lon="-72.592024" />
<trkpt lat="45.420593" lon="-72.591724" />
<trkpt lat="45.420967" lon="-72.590921" />
<trkpt lat="45.421162" lon="-72.590706" />
<trkpt lat="45.421217" lon="-72.590561" />
<trkpt lat="45.421230" lon="-72.590396" />
<trkpt lat="45.421225" lon="-72.590106" />
<trkpt lat="45.421257" lon="-72.589991" />
<trkpt lat="45.421315" lon="-72.589888" />
<trkpt lat="45.421437" lon="-72.589801" />
<trkpt lat="45.421562" lon="-72.589749" />
<trkpt lat="45.421872" lon="-72.589739" />
<trkpt lat="45.422311" lon="-72.589562" />
<trkpt lat="45.422599" lon="-72.589311" />
<trkpt lat="45.422706" lon="-72.589169" />
<trkpt lat="45.422761" lon="-72.589030" />
<trkpt lat="45.422772" lon="-72.588857" />
<trkpt lat="45.422769" lon="-72.588636" />
<trkpt lat="45.422737" lon="-72.588428" />
<trkpt lat="45.422284" lon="-72.587386" />
<trkpt lat="45.422236" lon="-72.587208" />
<trkpt lat="45.422235" lon="-72.587065" />
<trkpt lat="45.422256" lon="-72.586393" />
<trkpt lat="45.422243" lon="-72.586237" />
<trkpt lat="45.422207" lon="-72.585997" />
<trkpt lat="45.421976" lon="-72.585520" />
<trkpt lat="45.421841" lon="-72.584723" />
<trkpt lat="45.421854" lon="-72.584402" />
<trkpt lat="45.421834" lon="-72.583703" />
<trkpt lat="45.421861" lon="-72.583467" />
<trkpt lat="45.421912" lon="-72.583249" />
<trkpt lat="45.421914" lon="-72.583035" />
<trkpt lat="45.421848" lon="-72.582630" />
<trkpt lat="45.421849" lon="-72.582456" />
<trkpt lat="45.421895" lon="-72.582237" />
<trkpt lat="45.421955" lon="-72.581998" />
<trkpt lat="45.421960" lon="-72.581788" />
<trkpt lat="45.421917" lon="-72.581296" />
<trkpt lat="45.421939" lon="-72.581078" />
<trkpt lat="45.422050" lon="-72.580700" />
<trkpt lat="45.422187" lon="-72.580215" />
<trkpt lat="45.422251" lon="-72.580081" />
<trkpt lat="45.422187" lon="-72.580215" />
<trkpt lat="45.422050" lon="-72.580700" />
<trkpt lat="45.421939" lon="-72.581078" />
<trkpt lat="45.421917" lon="-72.581296" />
<trkpt lat="45.421960" lon="-72.581788" />
<trkpt lat="45.421955" lon="-72.581998" />
<trkpt lat="45.421895" lon="-72.582237" />
<trkpt lat="45.421849" lon="-72.582456" />
<trkpt lat="45.421848" lon="-72.582630" />
<trkpt lat="45.421882" lon="-72.582817" />
<trkpt lat="45.421914" lon="-72.583035" />
<trkpt lat="45.421912" lon="-72.583249" />
<trkpt lat="45.421861" lon="-72.583467" />
<trkpt lat="45.421834" lon="-72.583703" />
<trkpt lat="45.421854" lon="-72.584402" />
<trkpt lat="45.421841" lon="-72.584723" />
<trkpt lat="45.421976" lon="-72.585520" />
<trkpt lat="45.422207" lon="-72.585997" />
<trkpt lat="45.422243" lon="-72.586237" />
<trkpt lat="45.422256" lon="-72.586393" />
<trkpt lat="45.422235" lon="-72.587065" />
<trkpt lat="45.422236" lon="-72.587208" />
<trkpt lat="45.422284" lon="-72.587386" />
<trkpt lat="45.422737" lon="-72.588428" />
<trkpt lat="45.422769" lon="-72.588636" />
<trkpt lat="45.422772" lon="-72.588857" />
<trkpt lat="45.422761" lon="-72.589030" />
<trkpt lat="45.422706" lon="-72.589169" />
<trkpt lat="45.422599" lon="-72.589311" />
<trkpt lat="45.422311" lon="-72.589562" />
<trkpt lat="45.422157" lon="-72.589629" />
<trkpt lat="45.421872" lon="-72.589739" />
<trkpt lat="45.421562" lon="-72.589749" />
<trkpt lat="45.421437" lon="-72.589801" />
<trkpt lat="45.421315" lon="-72.589888" />
<trkpt lat="45.421257" lon="-72.589991" />
<trkpt lat="45.421225" lon="-72.590106" />
<trkpt lat="45.421230" lon="-72.590396" />
<trkpt lat="45.421217" lon="-72.590561" />
<trkpt lat="45.421162" lon="-72.590706" />
<trkpt lat="45.421074" lon="-72.590805" />
<trkpt lat="45.420967" lon="-72.590921" />
<trkpt lat="45.420593" lon="-72.591724" />
<trkpt lat="45.420397" lon="-72.592024" />
<trkpt lat="45.420350" lon="-72.592199" />
<trkpt lat="45.420267" lon="-72.592594" />
<trkpt lat="45.420243" lon="-72.592790" />
<trkpt lat="45.420266" lon="-72.593081" />
<trkpt lat="45.420374" lon="-72.593571" />
<trkpt lat="45.420512" lon="-72.594012" />
<trkpt lat="45.420601" lon="-72.594260" />
<trkpt lat="45.420741" lon="-72.594830" />
<trkpt lat="45.421057" lon="-72.595168" />
<trkpt lat="45.421368" lon="-72.595345" />
<trkpt lat="45.421612" lon="-72.595662" />
<trkpt lat="45.421791" lon="-72.595773" />
<trkpt lat="45.422342" lon="-72.596177" />
<trkpt lat="45.422433" lon="-72.596360" />
<trkpt lat="45.422470" lon="-72.596616" />
<trkpt lat="45.422468" lon="-72.596844" />
<trkpt lat="45.422414" lon="-72.596997" />
<trkpt lat="45.421947" lon="-72.597958" />
<trkpt lat="45.421903" lon="-72.598388" />
<trkpt lat="45.421821" lon="-72.598696" />
<trkpt lat="45.421686" lon="-72.598852" />
<trkpt lat="45.421462" lon="-72.598967" />
<trkpt lat="45.421147" lon="-72.599303" />
<trkpt lat="45.421078" lon="-72.599461" />
<trkpt lat="45.421052" lon="-72.599608" />
<trkpt lat="45.421098" lon="-72.599765" />
<trkpt lat="45.421344" lon="-72.600239" />
<trkpt lat="45.421385" lon="-72.600376" />
<trkpt lat="45.421386" lon="-72.600530" />
<trkpt lat="45.421307" lon="-72.600687" />
<trkpt lat="45.421205" lon="-72.600796" />
<trkpt lat="45.421082" lon="-72.600884" />
<trkpt lat="45.420798" lon="-72.601027" />
<trkpt lat="45.420680" lon="-72.601115" />
<trkpt lat="45.420547" lon="-72.601335" />
<trkpt lat="45.420405" lon="-72.601637" />
<trkpt lat="45.420370" lon="-72.601865" />
<trkpt lat="45.420333" lon="-72.602235" />
<trkpt lat="45.420248" lon="-72.602482" />
<trkpt lat="45.420156" lon="-72.602660" />
<trkpt lat="45.419997" lon="-72.602899" />
<trkpt lat="45.419953" lon="-72.603086" />
<trkpt lat="45.419854" lon="-72.603585" />
<trkpt lat="45.419787" lon="-72.603789" />
<trkpt lat="45.419793" lon="-72.603992" />
<trkpt lat="45.419803" lon="-72.604168" />
<trkpt lat="45.419793" lon="-72.604286" />
<trkpt lat="45.419670" lon="-72.604537" />
<trkpt lat="45.419629" lon="-72.604737" />
<trkpt lat="45.419660" lon="-72.605005" />
<trkpt lat="45.419795" lon="-72.605355" />
<trkpt lat="45.419807" lon="-72.605528" />
<trkpt lat="45.419722" lon="-72.606200" />
<trkpt lat="45.419688" lon="-72.606346" />
<trkpt lat="45.419552" lon="-72.606494" />
<trkpt lat="45.419207" lon="-72.606729" />
<trkpt lat="45.419081" lon="-72.606770" />
<trkpt lat="45.418945" lon="-72.606766" />
<trkpt lat="45.418765" lon="-72.606764" />
<trkpt lat="45.418568" lon="-72.606818" />
<trkpt lat="45.418335" lon="-72.606936" />
<trkpt lat="45.418157" lon="-72.607111" />
<trkpt lat="45.417894" lon="-72.607618" />
<trkpt lat="45.417591" lon="-72.608201" />
<trkpt lat="45.417411" lon="-72.608547" />
<trkpt lat="45.417381" lon="-72.608717" />
<trkpt lat="45.417379" lon="-72.608786" />
<trkpt lat="45.417401" lon="-72.608910" />
<trkpt lat="45.417469" lon="-72.609114" />
<trkpt lat="45.417494" lon="-72.609220" />
<trkpt lat="45.417508" lon="-72.609306" />
<trkpt lat="45.417543" lon="-72.610092" />
<trkpt lat="45.417541" lon="-72.610180" />
<trkpt lat="45.417477" lon="-72.610281" />
<trkpt lat="45.417468" lon="-72.610382" />
<trkpt lat="45.417492" lon="-72.610463" />
<trkpt lat="45.417760" lon="-72.610767" />
<trkpt lat="45.424022" lon="-72.617931" />
<trkpt lat="45.424073" lon="-72.617977" />
<trkpt lat="45.424119" lon="-72.618019" />
<trkpt lat="45.424267" lon="-72.618041" />
<trkpt lat="45.424399" lon="-72.618021" />
<trkpt lat="45.424788" lon="-72.617962" />
<trkpt lat="45.424998" lon="-72.618065" />
<trkpt lat="45.425096" lon="-72.618149" />
<trkpt lat="45.425207" lon="-72.618245" />
<trkpt lat="45.425471" lon="-72.618466" />
<trkpt lat="45.425654" lon="-72.618564" />
<trkpt lat="45.425757" lon="-72.618606" />
<trkpt lat="45.425843" lon="-72.618569" />
<trkpt lat="45.425883" lon="-72.618532" />
<trkpt lat="45.425976" lon="-72.618398" />
<trkpt lat="45.426050" lon="-72.618202" />
<trkpt lat="45.426162" lon="-72.617984" />
<trkpt lat="45.426440" lon="-72.617503" />
<trkpt lat="45.426577" lon="-72.617203" />
<trkpt lat="45.426628" lon="-72.617135" />
<trkpt lat="45.426715" lon="-72.617100" />
<trkpt lat="45.426802" lon="-72.617095" />
<trkpt lat="45.426911" lon="-72.617119" />
<trkpt lat="45.427109" lon="-72.617218" />
<trkpt lat="45.427198" lon="-72.617192" />
<trkpt lat="45.427308" lon="-72.617134" />
<trkpt lat="45.427430" lon="-72.616856" />
<trkpt lat="45.427603" lon="-72.616404" />
<trkpt lat="45.427611" lon="-72.616247" />
<trkpt lat="45.427658" lon="-72.616131" />
<trkpt lat="45.427696" lon="-72.616077" />
<trkpt lat="45.427772" lon="-72.616044" />
<trkpt lat="45.427849" lon="-72.616062" />
<trkpt lat="45.428061" lon="-72.616156" />
<trkpt lat="45.427984" lon="-72.616364" />
<trkpt lat="45.428030" lon="-72.616231" />
<trkpt lat="45.428061" lon="-72.616156" />
<trkpt lat="45.428106" lon="-72.616013" />
<trkpt lat="45.428149" lon="-72.615909" />
<trkpt lat="45.428266" lon="-72.615709" />
<trkpt lat="45.428325" lon="-72.615653" />
<trkpt lat="45.428490" lon="-72.615532" />
<trkpt lat="45.429141" lon="-72.615272" />
<trkpt lat="45.429697" lon="-72.615150" />
<trkpt lat="45.429918" lon="-72.615102" />
<trkpt lat="45.430247" lon="-72.615030" />
<trkpt lat="45.430344" lon="-72.615077" />
<trkpt lat="45.430414" lon="-72.615148" />
<trkpt lat="45.430516" lon="-72.615463" />
<trkpt lat="45.430605" lon="-72.615621" />
<trkpt lat="45.430827" lon="-72.615878" />
<trkpt lat="45.430871" lon="-72.616020" />
<trkpt lat="45.430880" lon="-72.616128" />
<trkpt lat="45.430902" lon="-72.616813" />
<trkpt lat="45.430946" lon="-72.617945" />
<trkpt lat="45.430973" lon="-72.618673" />
<trkpt lat="45.430978" lon="-72.618811" />
<trkpt lat="45.431005" lon="-72.619334" />
<trkpt lat="45.431046" lon="-72.620139" />
<trkpt lat="45.431207" lon="-72.623059" />
<trkpt lat="45.431232" lon="-72.623742" />
<trkpt lat="45.431280" lon="-72.623913" />
<trkpt lat="45.431348" lon="-72.623981" />
<trkpt lat="45.431873" lon="-72.624232" />
<trkpt lat="45.432265" lon="-72.624349" />
<trkpt lat="45.432461" lon="-72.624435" />
<trkpt lat="45.432737" lon="-72.624568" />
<trkpt lat="45.432982" lon="-72.624725" />
<trkpt lat="45.434193" lon="-72.625463" />
<trkpt lat="45.434238" lon="-72.625481" />
<trkpt lat="45.434308" lon="-72.625494" />
<trkpt lat="45.434652" lon="-72.625522" />
<trkpt lat="45.434953" lon="-72.625582" />
<trkpt lat="45.435195" lon="-72.625680" />
<trkpt lat="45.435397" lon="-72.625816" />
<trkpt lat="45.435598" lon="-72.625979" />
<trkpt lat="45.436053" lon="-72.626401" />
<trkpt lat="45.436159" lon="-72.626486" />
<trkpt lat="45.436272" lon="-72.626549" />
<trkpt lat="45.436405" lon="-72.626592" />
<trkpt lat="45.436589" lon="-72.626600" />
<trkpt lat="45.437569" lon="-72.626602" />
<trkpt lat="45.437618" lon="-72.626578" />
<trkpt lat="45.437707" lon="-72.626533" />
<trkpt lat="45.437761" lon="-72.626475" />
<trkpt lat="45.438060" lon="-72.626035" />
<trkpt lat="45.438120" lon="-72.625979" />
<trkpt lat="45.438180" lon="-72.625932" />
<trkpt lat="45.438259" lon="-72.625885" />
<trkpt lat="45.438341" lon="-72.625863" />
<trkpt lat="45.438435" lon="-72.625835" />
<trkpt lat="45.439281" lon="-72.625691" />
<trkpt lat="45.439378" lon="-72.625642" />
<trkpt lat="45.440596" lon="-72.624595" />
<trkpt lat="45.441208" lon="-72.624000" />
<trkpt lat="45.441964" lon="-72.623499" />
<trkpt lat="45.442016" lon="-72.623421" />
<trkpt lat="45.442046" lon="-72.623287" />
<trkpt lat="45.442240" lon="-72.622236" />
<trkpt lat="45.442461" lon="-72.621598" />
<trkpt lat="45.442491" lon="-72.621237" />
<trkpt lat="45.442441" lon="-72.621010" />
<trkpt lat="45.442382" lon="-72.620925" />
<trkpt lat="45.441857" lon="-72.620732" />
<trkpt lat="45.441614" lon="-72.620584" />
<trkpt lat="45.441508" lon="-72.620416" />
<trkpt lat="45.441369" lon="-72.619936" />
<trkpt lat="45.440985" lon="-72.619650" />
<trkpt lat="45.440734" lon="-72.619247" />
<trkpt lat="45.440659" lon="-72.618995" />
<trkpt lat="45.440619" lon="-72.618606" />
<trkpt lat="45.440672" lon="-72.618137" />
<trkpt lat="45.440737" lon="-72.617907" />
<trkpt lat="45.440762" lon="-72.617651" />
<trkpt lat="45.440726" lon="-72.617479" />
<trkpt lat="45.440542" lon="-72.617071" />
<trkpt lat="45.440391" lon="-72.616941" />
<trkpt lat="45.440045" lon="-72.617144" />
<trkpt lat="45.439648" lon="-72.616986" />
<trkpt lat="45.439501" lon="-72.616787" />
<trkpt lat="45.439246" lon="-72.616118" />
<trkpt lat="45.439216" lon="-72.615874" />
<trkpt lat="45.439263" lon="-72.615426" />
<trkpt lat="45.439220" lon="-72.615016" />
<trkpt lat="45.439310" lon="-72.614376" />
<trkpt lat="45.439446" lon="-72.612494" />
<trkpt lat="45.439409" lon="-72.612187" />
<trkpt lat="45.439257" lon="-72.611493" />
<trkpt lat="45.439224" lon="-72.610557" />
<trkpt lat="45.439185" lon="-72.609461" />
<trkpt lat="45.439077" lon="-72.608507" />
<trkpt lat="45.439032" lon="-72.608350" />
<trkpt lat="45.438749" lon="-72.607968" />
<trkpt lat="45.438459" lon="-72.607457" />
<trkpt lat="45.438033" lon="-72.607047" />
<trkpt lat="45.437769" lon="-72.606624" />
<trkpt lat="45.436372" lon="-72.604976" />
<trkpt lat="45.436301" lon="-72.604867" />
<trkpt lat="45.436236" lon="-72.604568" />
<trkpt lat="45.436234" lon="-72.604349" />
<trkpt lat="45.436415" lon="-72.603434" />
<trkpt lat="45.436492" lon="-72.603244" />
<trkpt lat="45.437283" lon="-72.601900" />
<trkpt lat="45.437402" lon="-72.601686" />
<trkpt lat="45.437484" lon="-72.601487" />
<trkpt lat="45.437513" lon="-72.601383" />
<trkpt lat="45.437569" lon="-72.601204" />
<trkpt lat="45.437610" lon="-72.601122" />
<trkpt lat="45.437705" lon="-72.601050" />
<trkpt lat="45.437914" lon="-72.600930" />
<trkpt lat="45.438048" lon="-72.600822" />
<trkpt lat="45.438114" lon="-72.600734" />
<trkpt lat="45.438386" lon="-72.600248" />
<trkpt lat="45.438734" lon="-72.599914" />
<trkpt lat="45.438911" lon="-72.599671" />
<trkpt lat="45.438953" lon="-72.599599" />
<trkpt lat="45.438977" lon="-72.599492" />
<trkpt lat="45.438990" lon="-72.599417" />
<trkpt lat="45.438969" lon="-72.599289" />
<trkpt lat="45.438921" lon="-72.599066" />
<trkpt lat="45.438904" lon="-72.598898" />
<trkpt lat="45.438913" lon="-72.598801" />
<trkpt lat="45.438964" lon="-72.598690" />
<trkpt lat="45.439061" lon="-72.598548" />
<trkpt lat="45.439180" lon="-72.598449" />
<trkpt lat="45.439284" lon="-72.598414" />
<trkpt lat="45.439458" lon="-72.598394" />
<trkpt lat="45.439935" lon="-72.598345" />
<trkpt lat="45.440130" lon="-72.598355" />
<trkpt lat="45.440276" lon="-72.598342" />
<trkpt lat="45.440584" lon="-72.598190" />
<trkpt lat="45.440719" lon="-72.598155" />
<trkpt lat="45.440821" lon="-72.598186" />
<trkpt lat="45.440952" lon="-72.598259" />
<trkpt lat="45.441077" lon="-72.598297" />
<trkpt lat="45.441279" lon="-72.598313" />
<trkpt lat="45.441396" lon="-72.598328" />
<trkpt lat="45.441697" lon="-72.598472" />
<trkpt lat="45.441789" lon="-72.598521" />
<trkpt lat="45.441966" lon="-72.598720" />
<trkpt lat="45.442093" lon="-72.598756" />
<trkpt lat="45.442191" lon="-72.598725" />
<trkpt lat="45.442269" lon="-72.598646" />
<trkpt lat="45.442328" lon="-72.598526" />
<trkpt lat="45.442351" lon="-72.598342" />
<trkpt lat="45.442418" lon="-72.598100" />
<trkpt lat="45.442445" lon="-72.597768" />
<trkpt lat="45.442412" lon="-72.597545" />
<trkpt lat="45.442353" lon="-72.597323" />
<trkpt lat="45.442095" lon="-72.596695" />
<trkpt lat="45.441983" lon="-72.596512" />
<trkpt lat="45.441683" lon="-72.596192" />
<trkpt lat="45.441653" lon="-72.596112" />
<trkpt lat="45.441633" lon="-72.595923" />
<trkpt lat="45.441628" lon="-72.595811" />
<trkpt lat="45.441609" lon="-72.595312" />
<trkpt lat="45.441587" lon="-72.595240" />
<trkpt lat="45.441481" lon="-72.594849" />
<trkpt lat="45.441312" lon="-72.594459" />
<trkpt lat="45.441098" lon="-72.593315" />
<trkpt lat="45.441134" lon="-72.592740" />
<trkpt lat="45.441285" lon="-72.592232" />
<trkpt lat="45.441595" lon="-72.591790" />
<trkpt lat="45.441757" lon="-72.591521" />
<trkpt lat="45.441802" lon="-72.591219" />
<trkpt lat="45.441771" lon="-72.590981" />
<trkpt lat="45.441486" lon="-72.590570" />
<trkpt lat="45.441403" lon="-72.590408" />
<trkpt lat="45.441379" lon="-72.590225" />
<trkpt lat="45.441363" lon="-72.589833" />
<trkpt lat="45.441442" lon="-72.589459" />
<trkpt lat="45.441552" lon="-72.588751" />
<trkpt lat="45.441656" lon="-72.588471" />
<trkpt lat="45.441946" lon="-72.588210" />
<trkpt lat="45.442005" lon="-72.588040" />
<trkpt lat="45.442006" lon="-72.587898" />
<trkpt lat="45.441945" lon="-72.586905" />
<trkpt lat="45.441966" lon="-72.586432" />
<trkpt lat="45.442089" lon="-72.585920" />
<trkpt lat="45.442120" lon="-72.585711" />
<trkpt lat="45.442049" lon="-72.585385" />
<trkpt lat="45.441749" lon="-72.584679" />
<trkpt lat="45.441714" lon="-72.584047" />
<trkpt lat="45.441601" lon="-72.583857" />
<trkpt lat="45.441484" lon="-72.583815" />
<trkpt lat="45.440424" lon="-72.583779" />
<trkpt lat="45.440175" lon="-72.583730" />
<trkpt lat="45.439913" lon="-72.583609" />
<trkpt lat="45.439000" lon="-72.582935" />
<trkpt lat="45.438221" lon="-72.582722" />
<trkpt lat="45.438048" lon="-72.582757" />
<trkpt lat="45.437829" lon="-72.582865" />
<trkpt lat="45.437563" lon="-72.583291" />
<trkpt lat="45.437410" lon="-72.583697" />
<trkpt lat="45.437284" lon="-72.584268" />
<trkpt lat="45.437248" lon="-72.584320" />
<trkpt lat="45.437150" lon="-72.584345" />
<trkpt lat="45.436732" lon="-72.584147" />
<trkpt lat="45.436319" lon="-72.583718" />
<trkpt lat="45.436246" lon="-72.583551" />
<trkpt lat="45.436163" lon="-72.583015" />
<trkpt lat="45.436118" lon="-72.582814" />
<trkpt lat="45.436042" lon="-72.582597" />
<trkpt lat="45.436027" lon="-72.582449" />
<trkpt lat="45.436110" lon="-72.582039" />
<trkpt lat="45.436131" lon="-72.581762" />
<trkpt lat="45.435962" lon="-72.580599" />
<trkpt lat="45.435973" lon="-72.580404" />
<trkpt lat="45.436134" lon="-72.580148" />
<trkpt lat="45.437260" lon="-72.580109" />
<trkpt lat="45.437508" lon="-72.580101" />
<trkpt lat="45.437937" lon="-72.580096" />
<trkpt lat="45.422251" lon="-72.580081" />
<trkpt lat="45.422634" lon="-72.579685" />
<trkpt lat="45.422694" lon="-72.579579" />
<trkpt lat="45.422721" lon="-72.579444" />
<trkpt lat="45.422720" lon="-72.579231" />
<trkpt lat="45.422743" lon="-72.579074" />
<trkpt lat="45.422786" lon="-72.578947" />
<trkpt lat="45.422862" lon="-72.578790" />
<trkpt lat="45.422903" lon="-72.578647" />
<trkpt lat="45.422916" lon="-72.578464" />
<trkpt lat="45.422921" lon="-72.578263" />
<trkpt lat="45.423004" lon="-72.577748" />
<trkpt lat="45.423028" lon="-72.577500" />
<trkpt lat="45.423080" lon="-72.577176" />
<trkpt lat="45.423164" lon="-72.576841" />
<trkpt lat="45.423290" lon="-72.576560" />
<trkpt lat="45.423373" lon="-72.576439" />
<trkpt lat="45.423572" lon="-72.576232" />
<trkpt lat="45.423622" lon="-72.576154" />
<trkpt lat="45.423670" lon="-72.576012" />
<trkpt lat="45.423753" lon="-72.575654" />
<trkpt lat="45.423755" lon="-72.575528" />
<trkpt lat="45.423727" lon="-72.575367" />
<trkpt lat="45.423619" lon="-72.575125" />
<trkpt lat="45.423479" lon="-72.574842" />
<trkpt lat="45.423375" lon="-72.574549" />
<trkpt lat="45.423353" lon="-72.574335" />
<trkpt lat="45.423380" lon="-72.573925" />
<trkpt lat="45.423370" lon="-72.573368" />
<trkpt lat="45.423378" lon="-72.572343" />
<trkpt lat="45.423353" lon="-72.572020" />
<trkpt lat="45.423356" lon="-72.571848" />
<trkpt lat="45.423388" lon="-72.571716" />
<trkpt lat="45.423559" lon="-72.571160" />
<trkpt lat="45.423579" lon="-72.571044" />
<trkpt lat="45.423610" lon="-72.570663" />
<trkpt lat="45.423605" lon="-72.570489" />
<trkpt lat="45.423571" lon="-72.570188" />
<trkpt lat="45.423508" lon="-72.569895" />
<trkpt lat="45.423407" lon="-72.569504" />
<trkpt lat="45.423363" lon="-72.569389" />
<trkpt lat="45.423345" lon="-72.569214" />
<trkpt lat="45.423367" lon="-72.568988" />
<trkpt lat="45.423381" lon="-72.568678" />
<trkpt lat="45.423377" lon="-72.568502" />
<trkpt lat="45.423477" lon="-72.567969" />
<trkpt lat="45.423502" lon="-72.567704" />
<trkpt lat="45.423505" lon="-72.567520" />
<trkpt lat="45.423486" lon="-72.567261" />
<trkpt lat="45.423430" lon="-72.566993" />
<trkpt lat="45.423367" lon="-72.566841" />
<trkpt lat="45.422940" lon="-72.565960" />
<trkpt lat="45.422834" lon="-72.565649" />
<trkpt lat="45.422744" lon="-72.565432" />
<trkpt lat="45.422331" lon="-72.564724" />
<trkpt lat="45.422192" lon="-72.564347" />
<trkpt lat="45.422129" lon="-72.564084" />
<trkpt lat="45.421964" lon="-72.563559" />
<trkpt lat="45.421834" lon="-72.563219" />
<trkpt lat="45.421663" lon="-72.562812" />
<trkpt lat="45.421520" lon="-72.562561" />
<trkpt lat="45.421322" lon="-72.562169" />
<trkpt lat="45.421268" lon="-72.562007" />
<trkpt lat="45.421246" lon="-72.561768" />
<trkpt lat="45.421235" lon="-72.561327" />
<trkpt lat="45.421208" lon="-72.561021" />
<trkpt lat="45.421057" lon="-72.560170" />
<trkpt lat="45.421015" lon="-72.559867" />
<trkpt lat="45.421029" lon="-72.559742" />
<trkpt lat="45.421070" lon="-72.559624" />
<trkpt lat="45.421160" lon="-72.559453" />
<trkpt lat="45.421206" lon="-72.559315" />
<trkpt lat="45.421209" lon="-72.559070" />
<trkpt lat="45.421129" lon="-72.558373" />
<trkpt lat="45.421137" lon="-72.558220" />
<trkpt lat="45.421267" lon="-72.557778" />
<trkpt lat="45.421290" lon="-72.557637" />
<trkpt lat="45.421302" lon="-72.557456" />
<trkpt lat="45.421291" lon="-72.557281" />
<trkpt lat="45.421117" lon="-72.556546" />
<trkpt lat="45.421072" lon="-72.556054" />
<trkpt lat="45.421055" lon="-72.555746" />
<trkpt lat="45.421011" lon="-72.555523" />
<trkpt lat="45.420902" lon="-72.555316" />
<trkpt lat="45.420571" lon="-72.554837" />
<trkpt lat="45.420430" lon="-72.554731" />
<trkpt lat="45.420305" lon="-72.554695" />
<trkpt lat="45.420138" lon="-72.554694" />
<trkpt lat="45.419968" lon="-72.554635" />
<trkpt lat="45.419815" lon="-72.554592" />
<trkpt lat="45.419690" lon="-72.554497" />
<trkpt lat="45.419474" lon="-72.554244" />
<trkpt lat="45.419341" lon="-72.554149" />
<trkpt lat="45.419266" lon="-72.554116" />
<trkpt lat="45.419160" lon="-72.554023" />
<trkpt lat="45.419070" lon="-72.553894" />
<trkpt lat="45.418859" lon="-72.553506" />
<trkpt lat="45.418720" lon="-72.553330" />
<trkpt lat="45.418569" lon="-72.553180" />
<trkpt lat="45.418495" lon="-72.553043" />
<trkpt lat="45.418456" lon="-72.552898" />
<trkpt lat="45.418462" lon="-72.552727" />
<trkpt lat="45.418489" lon="-72.552640" />
<trkpt lat="45.418563" lon="-72.552532" />
<trkpt lat="45.418780" lon="-72.552409" />
<trkpt lat="45.418821" lon="-72.552363" />
<trkpt lat="45.418820" lon="-72.552301" />
<trkpt lat="45.418798" lon="-72.552203" />
<trkpt lat="45.418690" lon="-72.551917" />
<trkpt lat="45.418668" lon="-72.551745" />
<trkpt lat="45.418701" lon="-72.551329" />
<trkpt lat="45.418739" lon="-72.551129" />
<trkpt lat="45.418781" lon="-72.550985" />
<trkpt lat="45.418834" lon="-72.550852" />
<trkpt lat="45.418945" lon="-72.550748" />
<trkpt lat="45.419024" lon="-72.550702" />
<trkpt lat="45.419115" lon="-72.550701" />
<trkpt lat="45.419271" lon="-72.550803" />
<trkpt lat="45.419360" lon="-72.550849" />
<trkpt lat="45.419475" lon="-72.550864" />
<trkpt lat="45.419365" lon="-72.550022" />
<trkpt lat="45.419318" lon="-72.549371" />
<trkpt lat="45.419255" lon="-72.548638" />
<trkpt lat="45.419111" lon="-72.547481" />
<trkpt lat="45.419019" lon="-72.546524" />
<trkpt lat="45.418914" lon="-72.545652" />
<trkpt lat="45.418892" lon="-72.545343" />
<trkpt lat="45.418840" lon="-72.544872" />
<trkpt lat="45.418612" lon="-72.543661" />
<trkpt lat="45.418550" lon="-72.543399" />
<trkpt lat="45.418470" lon="-72.543126" />
<trkpt lat="45.418234" lon="-72.542412" />
<trkpt lat="45.418182" lon="-72.542257" />
<trkpt lat="45.418087" lon="-72.542006" />
<trkpt lat="45.417342" lon="-72.540057" />
<trkpt lat="45.417235" lon="-72.539727" />
<trkpt lat="45.416437" lon="-72.537566" />
<trkpt lat="45.416251" lon="-72.537100" />
<trkpt lat="45.416062" lon="-72.536690" />
<trkpt lat="45.415807" lon="-72.536180" />
<trkpt lat="45.415544" lon="-72.535678" />
<trkpt lat="45.415322" lon="-72.535283" />
<trkpt lat="45.414936" lon="-72.534660" />
<trkpt lat="45.414040" lon="-72.533282" />
<trkpt lat="45.413330" lon="-72.532122" />
<trkpt lat="45.411616" lon="-72.529378" />
<trkpt lat="45.411053" lon="-72.528566" />
<trkpt lat="45.410879" lon="-72.528330" />
<trkpt lat="45.410599" lon="-72.528007" />
<trkpt lat="45.410480" lon="-72.527862" />
<trkpt lat="45.410363" lon="-72.527745" />
<trkpt lat="45.409925" lon="-72.527346" />
<trkpt lat="45.409356" lon="-72.526922" />
<trkpt lat="45.409267" lon="-72.526856" />
<trkpt lat="45.408939" lon="-72.526592" />
<trkpt lat="45.408460" lon="-72.526224" />
<trkpt lat="45.408150" lon="-72.526009" />
<trkpt lat="45.407418" lon="-72.525523" />
<trkpt lat="45.406848" lon="-72.525089" />
<trkpt lat="45.406557" lon="-72.524845" />
<trkpt lat="45.406355" lon="-72.524654" />
<trkpt lat="45.406133" lon="-72.524410" />
<trkpt lat="45.405815" lon="-72.523970" />
<trkpt lat="45.405523" lon="-72.523483" />
<trkpt lat="45.405338" lon="-72.523101" />
<trkpt lat="45.405141" lon="-72.522587" />
<trkpt lat="45.405014" lon="-72.522142" />
<trkpt lat="45.404892" lon="-72.521633" />
<trkpt lat="45.404564" lon="-72.519682" />
<trkpt lat="45.404367" lon="-72.518637" />
<trkpt lat="45.404097" lon="-72.517434" />
<trkpt lat="45.403970" lon="-72.516962" />
<trkpt lat="45.403811" lon="-72.516459" />
<trkpt lat="45.403609" lon="-72.515987" />
<trkpt lat="45.403419" lon="-72.515626" />
<trkpt lat="45.403244" lon="-72.515319" />
<trkpt lat="45.403053" lon="-72.515017" />
<trkpt lat="45.401213" lon="-72.512245" />
<trkpt lat="45.401066" lon="-72.512041" />
<trkpt lat="45.400879" lon="-72.511865" />
<trkpt lat="45.400814" lon="-72.511798" />
<trkpt lat="45.400625" lon="-72.511525" />
<trkpt lat="45.400579" lon="-72.511466" />
<trkpt lat="45.400545" lon="-72.511388" />
<trkpt lat="45.400540" lon="-72.511351" />
<trkpt lat="45.400543" lon="-72.511228" />
<trkpt lat="45.400547" lon="-72.511151" />
<trkpt lat="45.400538" lon="-72.511088" />
<trkpt lat="45.400514" lon="-72.511032" />
<trkpt lat="45.400475" lon="-72.510973" />
<trkpt lat="45.400427" lon="-72.510925" />
<trkpt lat="45.400277" lon="-72.510775" />
<trkpt lat="45.400184" lon="-72.510671" />
<trkpt lat="45.399938" lon="-72.510313" />
<trkpt lat="45.399185" lon="-72.509181" />
<trkpt lat="45.398588" lon="-72.508275" />
<trkpt lat="45.398364" lon="-72.507910" />
<trkpt lat="45.398190" lon="-72.507612" />
<trkpt lat="45.398013" lon="-72.507280" />
<trkpt lat="45.397796" lon="-72.506843" />
<trkpt lat="45.397591" lon="-72.506409" />
<trkpt lat="45.397436" lon="-72.506063" />
<trkpt lat="45.397294" lon="-72.505712" />
<trkpt lat="45.397180" lon="-72.505447" />
<trkpt lat="45.397018" lon="-72.504991" />
<trkpt lat="45.396795" lon="-72.504324" />
<trkpt lat="45.396649" lon="-72.503829" />
<trkpt lat="45.396055" lon="-72.501603" />
<trkpt lat="45.395960" lon="-72.501266" />
<trkpt lat="45.395895" lon="-72.501076" />
<trkpt lat="45.395789" lon="-72.500802" />
<trkpt lat="45.395686" lon="-72.500563" />
<trkpt lat="45.395442" lon="-72.500121" />
<trkpt lat="45.395314" lon="-72.499944" />
<trkpt lat="45.395048" lon="-72.499637" />
<trkpt lat="45.394907" lon="-72.499499" />
<trkpt lat="45.394609" lon="-72.499266" />
<trkpt lat="45.394449" lon="-72.499173" />
<trkpt lat="45.394264" lon="-72.499092" />
<trkpt lat="45.394109" lon="-72.499046" />
<trkpt lat="45.393708" lon="-72.498975" />
<trkpt lat="45.393553" lon="-72.498967" />
<trkpt lat="45.393395" lon="-72.498978" />
<trkpt lat="45.393170" lon="-72.499023" />
<trkpt lat="45.392759" lon="-72.499137" />
<trkpt lat="45.391790" lon="-72.499510" />
<trkpt lat="45.389517" lon="-72.500399" />
<trkpt lat="45.388776" lon="-72.500744" />
<trkpt lat="45.388709" lon="-72.500774" />
<trkpt lat="45.388602" lon="-72.500803" />
<trkpt lat="45.388352" lon="-72.500843" />
<trkpt lat="45.388288" lon="-72.500867" />
<trkpt lat="45.388239" lon="-72.500925" />
<trkpt lat="45.388208" lon="-72.500974" />
<trkpt lat="45.388185" lon="-72.501014" />
<trkpt lat="45.388130" lon="-72.501057" />
<trkpt lat="45.387989" lon="-72.501131" />
<trkpt lat="45.387136" lon="-72.501528" />
<trkpt lat="45.386512" lon="-72.501800" />
<trkpt lat="45.385333" lon="-72.502355" />
<trkpt lat="45.384790" lon="-72.502627" />
<trkpt lat="45.384447" lon="-72.502813" />
<trkpt lat="45.384018" lon="-72.503072" />
<trkpt lat="45.382326" lon="-72.504230" />
<trkpt lat="45.381458" lon="-72.504858" />
<trkpt lat="45.381001" lon="-72.505144" />
<trkpt lat="45.380864" lon="-72.505234" />
<trkpt lat="45.380196" lon="-72.505770" />
<trkpt lat="45.379911" lon="-72.506039" />
<trkpt lat="45.379758" lon="-72.506207" />
<trkpt lat="45.379563" lon="-72.506438" />
<trkpt lat="45.379454" lon="-72.506578" />
<trkpt lat="45.379247" lon="-72.506855" />
<trkpt lat="45.379086" lon="-72.507101" />
<trkpt lat="45.378882" lon="-72.507453" />
<trkpt lat="45.378288" lon="-72.508636" />
<trkpt lat="45.378121" lon="-72.508937" />
<trkpt lat="45.377891" lon="-72.509315" />
<trkpt lat="45.377700" lon="-72.509587" />
<trkpt lat="45.377431" lon="-72.509897" />
<trkpt lat="45.377144" lon="-72.510188" />
<trkpt lat="45.376923" lon="-72.510371" />
<trkpt lat="45.376595" lon="-72.510603" />
<trkpt lat="45.376273" lon="-72.510783" />
<trkpt lat="45.375995" lon="-72.510889" />
<trkpt lat="45.375659" lon="-72.510983" />
<trkpt lat="45.375411" lon="-72.511028" />
<trkpt lat="45.375118" lon="-72.511061" />
<trkpt lat="45.374950" lon="-72.511071" />
<trkpt lat="45.373509" lon="-72.511130" />
<trkpt lat="45.372143" lon="-72.511191" />
<trkpt lat="45.370308" lon="-72.511252" />
<trkpt lat="45.370109" lon="-72.511259" />
<trkpt lat="45.367385" lon="-72.511373" />
<trkpt lat="45.363495" lon="-72.511515" />
<trkpt lat="45.362197" lon="-72.511574" />
<trkpt lat="45.362160" lon="-72.511582" />
<trkpt lat="45.362010" lon="-72.511677" />
<trkpt lat="45.361950" lon="-72.511707" />
<trkpt lat="45.361901" lon="-72.511716" />
<trkpt lat="45.361835" lon="-72.511707" />
<trkpt lat="45.361759" lon="-72.511633" />
<trkpt lat="45.361707" lon="-72.511574" />
<trkpt lat="45.361671" lon="-72.511550" />
<trkpt lat="45.361640" lon="-72.511550" />
<trkpt lat="45.361462" lon="-72.511593" />
<trkpt lat="45.360132" lon="-72.511696" />
<trkpt lat="45.359217" lon="-72.511803" />
<trkpt lat="45.358561" lon="-72.511868" />
<trkpt lat="45.357794" lon="-72.511922" />
<trkpt lat="45.357323" lon="-72.511936" />
<trkpt lat="45.356926" lon="-72.511919" />
<trkpt lat="45.355090" lon="-72.511769" />
<trkpt lat="45.354619" lon="-72.511742" />
<trkpt lat="45.354259" lon="-72.511749" />
<trkpt lat="45.353981" lon="-72.511780" />
<trkpt lat="45.353594" lon="-72.511861" />
<trkpt lat="45.353272" lon="-72.511942" />
<trkpt lat="45.352939" lon="-72.512082" />
<trkpt lat="45.352651" lon="-72.512234" />
<trkpt lat="45.352223" lon="-72.512512" />
<trkpt lat="45.351256" lon="-72.513171" />
<trkpt lat="45.351074" lon="-72.513281" />
<trkpt lat="45.350803" lon="-72.513417" />
<trkpt lat="45.350290" lon="-72.513631" />
<trkpt lat="45.350296" lon="-72.513859" />
<trkpt lat="45.350321" lon="-72.514261" />
<trkpt lat="45.350325" lon="-72.514314" />
<trkpt lat="45.350427" lon="-72.515267" />
<trkpt lat="45.350434" lon="-72.515330" />
<trkpt lat="45.350445" lon="-72.515437" />
<trkpt lat="45.350280" lon="-72.515508" />
<trkpt lat="45.350095" lon="-72.515573" />
<trkpt lat="45.350015" lon="-72.515601" />
<trkpt lat="45.349962" lon="-72.515620" />
<trkpt lat="45.349801" lon="-72.515678" />
<trkpt lat="45.349751" lon="-72.515695" />
<trkpt lat="45.349722" lon="-72.515706" />
<trkpt lat="45.349634" lon="-72.515737" />
<trkpt lat="45.349386" lon="-72.515826" />
<trkpt lat="45.349253" lon="-72.515874" />
<trkpt lat="45.348876" lon="-72.516009" />
<trkpt lat="45.348854" lon="-72.516017" />
<trkpt lat="45.348672" lon="-72.516084" />
<trkpt lat="45.348496" lon="-72.516146" />
<trkpt lat="45.348398" lon="-72.516181" />
<trkpt lat="45.347984" lon="-72.516329" />
<trkpt lat="45.347869" lon="-72.516370" />
<trkpt lat="45.347819" lon="-72.516388" />
<trkpt lat="45.347628" lon="-72.516457" />
<trkpt lat="45.347477" lon="-72.516511" />
<trkpt lat="45.347363" lon="-72.516552" />
<trkpt lat="45.347260" lon="-72.516589" />
<trkpt lat="45.347223" lon="-72.516601" />
<trkpt lat="45.346980" lon="-72.516690" />
<trkpt lat="45.346949" lon="-72.516593" />
<trkpt lat="45.346877" lon="-72.516480" />
<trkpt lat="45.346826" lon="-72.516427" />
<trkpt lat="45.346710" lon="-72.516346" />
<trkpt lat="45.346573" lon="-72.516254" />
<trkpt lat="45.346532" lon="-72.516226" />
<trkpt lat="45.346454" lon="-72.516174" />
<trkpt lat="45.346364" lon="-72.516113" />
<trkpt lat="45.346203" lon="-72.516005" />
<trkpt lat="45.346156" lon="-72.515973" />
<trkpt lat="45.346122" lon="-72.515951" />
<trkpt lat="45.346033" lon="-72.515891" />
<trkpt lat="45.345933" lon="-72.515824" />
<trkpt lat="45.345911" lon="-72.515808" />
<trkpt lat="45.345479" lon="-72.515518" />
<trkpt lat="45.345226" lon="-72.515347" />
<trkpt lat="45.345111" lon="-72.515270" />
<trkpt lat="45.345002" lon="-72.515197" />
<trkpt lat="45.344882" lon="-72.515116" />
<trkpt lat="45.344794" lon="-72.515056" />
<trkpt lat="45.344609" lon="-72.514929" />
<trkpt lat="45.344387" lon="-72.514778" />
<trkpt lat="45.343354" lon="-72.514092" />
<trkpt lat="45.342649" lon="-72.513616" />
<trkpt lat="45.342601" lon="-72.513663" />
<trkpt lat="45.342302" lon="-72.513694" />
<trkpt lat="45.341123" lon="-72.513770" />
<trkpt lat="45.339353" lon="-72.513861" />
<trkpt lat="45.339056" lon="-72.513873" />
<trkpt lat="45.338992" lon="-72.513868" />
<trkpt lat="45.338894" lon="-72.513854" />
<trkpt lat="45.338820" lon="-72.513836" />
<trkpt lat="45.338787" lon="-72.513829" />
<trkpt lat="45.338666" lon="-72.513692" />
<trkpt lat="45.338631" lon="-72.513684" />
<trkpt lat="45.338514" lon="-72.513690" />
<trkpt lat="45.338460" lon="-72.513674" />
<trkpt lat="45.338423" lon="-72.513643" />
<trkpt lat="45.338386" lon="-72.513581" />
<trkpt lat="45.338310" lon="-72.513360" />
<trkpt lat="45.338240" lon="-72.513356" />
<trkpt lat="45.338198" lon="-72.513374" />
<trkpt lat="45.338143" lon="-72.513397" />
<trkpt lat="45.338111" lon="-72.513414" />
<trkpt lat="45.338060" lon="-72.513440" />
<trkpt lat="45.338026" lon="-72.513442" />
<trkpt lat="45.338000" lon="-72.513428" />
<trkpt lat="45.337979" lon="-72.513393" />
<trkpt lat="45.337431" lon="-72.511176" />
<trkpt lat="45.336639" lon="-72.511549" />
<trkpt lat="45.336614" lon="-72.511508" />
<trkpt lat="45.334643" lon="-72.508575" />
<trkpt lat="45.334556" lon="-72.508457" />
<trkpt lat="45.334403" lon="-72.508278" />
<trkpt lat="45.334261" lon="-72.508124" />
<trkpt lat="45.334112" lon="-72.507984" />
<trkpt lat="45.333957" lon="-72.507859" />
<trkpt lat="45.333797" lon="-72.507750" />
<trkpt lat="45.333631" lon="-72.507655" />
<trkpt lat="45.333462" lon="-72.507577" />
<trkpt lat="45.333289" lon="-72.507516" />
<trkpt lat="45.333114" lon="-72.507471" />
<trkpt lat="45.332936" lon="-72.507443" />
<trkpt lat="45.332776" lon="-72.507430" />
<trkpt lat="45.331626" lon="-72.507400" />
<trkpt lat="45.331579" lon="-72.507401" />
<trkpt lat="45.331496" lon="-72.507400" />
<trkpt lat="45.330025" lon="-72.507358" />
<trkpt lat="45.329573" lon="-72.507325" />
<trkpt lat="45.329207" lon="-72.507288" />
<trkpt lat="45.329152" lon="-72.507280" />
<trkpt lat="45.329079" lon="-72.507261" />
<trkpt lat="45.328850" lon="-72.507197" />
<trkpt lat="45.328633" lon="-72.507108" />
<trkpt lat="45.328432" lon="-72.506992" />
<trkpt lat="45.328173" lon="-72.506826" />
<trkpt lat="45.327930" lon="-72.506634" />
<trkpt lat="45.327201" lon="-72.505902" />
<trkpt lat="45.327133" lon="-72.505834" />
<trkpt lat="45.327047" lon="-72.505747" />
<trkpt lat="45.325738" lon="-72.504427" />
<trkpt lat="45.325568" lon="-72.504263" />
<trkpt lat="45.325345" lon="-72.504052" />
<trkpt lat="45.325140" lon="-72.503885" />
<trkpt lat="45.324972" lon="-72.503763" />
<trkpt lat="45.324727" lon="-72.503614" />
<trkpt lat="45.324503" lon="-72.503500" />
<trkpt lat="45.324255" lon="-72.503403" />
<trkpt lat="45.324026" lon="-72.503335" />
<trkpt lat="45.323806" lon="-72.503288" />
<trkpt lat="45.322192" lon="-72.503067" />
<trkpt lat="45.322024" lon="-72.503048" />
<trkpt lat="45.318351" lon="-72.502519" />
<trkpt lat="45.316755" lon="-72.502311" />
<trkpt lat="45.316534" lon="-72.502258" />
<trkpt lat="45.316316" lon="-72.502185" />
<trkpt lat="45.316102" lon="-72.502090" />
<trkpt lat="45.315893" lon="-72.501976" />
<trkpt lat="45.315690" lon="-72.501842" />
<trkpt lat="45.313824" lon="-72.500409" />
<trkpt lat="45.313708" lon="-72.500342" />
<trkpt lat="45.313585" lon="-72.500296" />
<trkpt lat="45.312924" lon="-72.500096" />
<trkpt lat="45.312860" lon="-72.500044" />
<trkpt lat="45.312818" lon="-72.499987" />
<trkpt lat="45.312804" lon="-72.499942" />
<trkpt lat="45.312800" lon="-72.499867" />
<trkpt lat="45.312804" lon="-72.499788" />
<trkpt lat="45.312819" lon="-72.499717" />
<trkpt lat="45.312834" lon="-72.499635" />
<trkpt lat="45.312842" lon="-72.499539" />
<trkpt lat="45.312828" lon="-72.499487" />
<trkpt lat="45.312801" lon="-72.499451" />
<trkpt lat="45.312748" lon="-72.499418" />
<trkpt lat="45.312426" lon="-72.499264" />
<trkpt lat="45.312011" lon="-72.499051" />
<trkpt lat="45.311828" lon="-72.498981" />
<trkpt lat="45.311607" lon="-72.498903" />
<trkpt lat="45.311406" lon="-72.498847" />
<trkpt lat="45.311234" lon="-72.498817" />
<trkpt lat="45.311150" lon="-72.498810" />
<trkpt lat="45.310728" lon="-72.498826" />
<trkpt lat="45.310540" lon="-72.498868" />
<trkpt lat="45.310429" lon="-72.498882" />
<trkpt lat="45.310125" lon="-72.498890" />
<trkpt lat="45.308862" lon="-72.499024" />
<trkpt lat="45.308802" lon="-72.499032" />
<trkpt lat="45.308766" lon="-72.499036" />
<trkpt lat="45.308732" lon="-72.499039" />
<trkpt lat="45.308697" lon="-72.499040" />
<trkpt lat="45.308287" lon="-72.499030" />
<trkpt lat="45.308062" lon="-72.498994" />
<trkpt lat="45.307816" lon="-72.498933" />
<trkpt lat="45.307606" lon="-72.498869" />
<trkpt lat="45.305848" lon="-72.498151" />
<trkpt lat="45.303524" lon="-72.497226" />
<trkpt lat="45.303189" lon="-72.497100" />
<trkpt lat="45.302901" lon="-72.497005" />
<trkpt lat="45.302609" lon="-72.496941" />
<trkpt lat="45.302315" lon="-72.496909" />
<trkpt lat="45.302019" lon="-72.496907" />
<trkpt lat="45.301721" lon="-72.496920" />
<trkpt lat="45.300119" lon="-72.497063" />
<trkpt lat="45.297295" lon="-72.497369" />
<trkpt lat="45.294208" lon="-72.497630" />
<trkpt lat="45.293939" lon="-72.497634" />
<trkpt lat="45.293778" lon="-72.497627" />
<trkpt lat="45.293602" lon="-72.497608" />
<trkpt lat="45.293323" lon="-72.497556" />
<trkpt lat="45.293222" lon="-72.497517" />
<trkpt lat="45.293064" lon="-72.497468" />
<trkpt lat="45.292588" lon="-72.497257" />
<trkpt lat="45.292192" lon="-72.497003" />
<trkpt lat="45.291290" lon="-72.496235" />
<trkpt lat="45.290790" lon="-72.495795" />
<trkpt lat="45.290356" lon="-72.495413" />
<trkpt lat="45.289856" lon="-72.494989" />
<trkpt lat="45.289261" lon="-72.494471" />
<trkpt lat="45.289190" lon="-72.494410" />
<trkpt lat="45.288966" lon="-72.494215" />
<trkpt lat="45.288585" lon="-72.493900" />
<trkpt lat="45.288096" lon="-72.493451" />
<trkpt lat="45.287674" lon="-72.493011" />
<trkpt lat="45.287227" lon="-72.492565" />
<trkpt lat="45.287192" lon="-72.492500" />
<trkpt lat="45.287106" lon="-72.492465" />
<trkpt lat="45.287017" lon="-72.492409" />
<trkpt lat="45.286932" lon="-72.492336" />
<trkpt lat="45.286514" lon="-72.491877" />
<trkpt lat="45.286509" lon="-72.492037" />
<trkpt lat="45.286470" lon="-72.492066" />
<trkpt lat="45.286398" lon="-72.492046" />
<trkpt lat="45.286141" lon="-72.491839" />
<trkpt lat="45.285785" lon="-72.491527" />
<trkpt lat="45.285728" lon="-72.491433" />
<trkpt lat="45.285653" lon="-72.491274" />
<trkpt lat="45.285563" lon="-72.491171" />
<trkpt lat="45.285479" lon="-72.491100" />
<trkpt lat="45.284762" lon="-72.490617" />
<trkpt lat="45.284425" lon="-72.490376" />
<trkpt lat="45.283767" lon="-72.490005" />
<trkpt lat="45.283346" lon="-72.489869" />
<trkpt lat="45.283013" lon="-72.489791" />
<trkpt lat="45.278216" lon="-72.489182" />
<trkpt lat="45.276705" lon="-72.488995" />
<trkpt lat="45.276540" lon="-72.488975" />
<trkpt lat="45.276160" lon="-72.488925" />
<trkpt lat="45.275477" lon="-72.488845" />
<trkpt lat="45.270319" lon="-72.488270" />
<trkpt lat="45.265178" lon="-72.487600" />
<trkpt lat="45.262153" lon="-72.487231" />
<trkpt lat="45.260832" lon="-72.487056" />
<trkpt lat="45.258674" lon="-72.486811" />
<trkpt lat="45.258597" lon="-72.486785" />
<trkpt lat="45.258483" lon="-72.486729" />
<trkpt lat="45.258421" lon="-72.486723" />
<trkpt lat="45.258291" lon="-72.486775" />
<trkpt lat="45.258247" lon="-72.486784" />
<trkpt lat="45.253691" lon="-72.486216" />
<trkpt lat="45.252337" lon="-72.486033" />
<trkpt lat="45.252145" lon="-72.486026" />
<trkpt lat="45.251578" lon="-72.485956" />
<trkpt lat="45.251388" lon="-72.485912" />
<trkpt lat="45.251246" lon="-72.485880" />
<trkpt lat="45.250681" lon="-72.485783" />
<trkpt lat="45.250019" lon="-72.485712" />
<trkpt lat="45.248725" lon="-72.485570" />
<trkpt lat="45.246269" lon="-72.485292" />
<trkpt lat="45.246042" lon="-72.485278" />
<trkpt lat="45.245624" lon="-72.485301" />
<trkpt lat="45.245210" lon="-72.485364" />
<trkpt lat="45.244778" lon="-72.485473" />
<trkpt lat="45.244482" lon="-72.485603" />
<trkpt lat="45.243640" lon="-72.486122" />
<trkpt lat="45.243283" lon="-72.486374" />
<trkpt lat="45.242862" lon="-72.486770" />
<trkpt lat="45.242627" lon="-72.487009" />
<trkpt lat="45.242464" lon="-72.487187" />
<trkpt lat="45.242422" lon="-72.487294" />
<trkpt lat="45.242378" lon="-72.487379" />
<trkpt lat="45.241887" lon="-72.488061" />
<trkpt lat="45.241101" lon="-72.489136" />
<trkpt lat="45.240186" lon="-72.490502" />
<trkpt lat="45.239936" lon="-72.490799" />
<trkpt lat="45.239636" lon="-72.491062" />
<trkpt lat="45.237333" lon="-72.492442" />
<trkpt lat="45.235360" lon="-72.493849" />
<trkpt lat="45.235039" lon="-72.494095" />
<trkpt lat="45.233987" lon="-72.494902" />
<trkpt lat="45.233648" lon="-72.495165" />
<trkpt lat="45.232330" lon="-72.496158" />
<trkpt lat="45.231836" lon="-72.496487" />
<trkpt lat="45.231142" lon="-72.496889" />
<trkpt lat="45.229754" lon="-72.497614" />
<trkpt lat="45.229188" lon="-72.497953" />
<trkpt lat="45.228904" lon="-72.498213" />
<trkpt lat="45.228744" lon="-72.498404" />
<trkpt lat="45.228432" lon="-72.498865" />
<trkpt lat="45.228373" lon="-72.498945" />
<trkpt lat="45.226655" lon="-72.501501" />
<trkpt lat="45.226077" lon="-72.502316" />
<trkpt lat="45.225889" lon="-72.502638" />
<trkpt lat="45.225779" lon="-72.502892" />
<trkpt lat="45.225754" lon="-72.502970" />
<trkpt lat="45.225755" lon="-72.503021" />
<trkpt lat="45.225793" lon="-72.503178" />
<trkpt lat="45.225801" lon="-72.503269" />
<trkpt lat="45.225792" lon="-72.503361" />
<trkpt lat="45.225668" lon="-72.503710" />
<trkpt lat="45.225453" lon="-72.504398" />
<trkpt lat="45.225417" lon="-72.504676" />
<trkpt lat="45.225397" lon="-72.505102" />
<trkpt lat="45.225402" lon="-72.505487" />
<trkpt lat="45.225462" lon="-72.506004" />
<trkpt lat="45.225472" lon="-72.506189" />
<trkpt lat="45.225596" lon="-72.508511" />
<trkpt lat="45.225585" lon="-72.509265" />
<trkpt lat="45.225456" lon="-72.510467" />
<trkpt lat="45.225353" lon="-72.510943" />
<trkpt lat="45.225173" lon="-72.511461" />
<trkpt lat="45.225005" lon="-72.511892" />
<trkpt lat="45.224624" lon="-72.512598" />
<trkpt lat="45.224230" lon="-72.513213" />
<trkpt lat="45.224174" lon="-72.513301" />
<trkpt lat="45.224100" lon="-72.513418" />
<trkpt lat="45.222003" lon="-72.516608" />
<trkpt lat="45.221928" lon="-72.516725" />
<trkpt lat="45.221909" lon="-72.516753" />
<trkpt lat="45.221914" lon="-72.516832" />
<trkpt lat="45.221922" lon="-72.516935" />
<trkpt lat="45.221886" lon="-72.516944" />
<trkpt lat="45.221966" lon="-72.518686" />
<trkpt lat="45.222014" lon="-72.518965" />
<trkpt lat="45.222100" lon="-72.519262" />
<trkpt lat="45.222404" lon="-72.520035" />
<trkpt lat="45.222498" lon="-72.520318" />
<trkpt lat="45.222669" lon="-72.520935" />
<trkpt lat="45.222750" lon="-72.521371" />
<trkpt lat="45.222784" lon="-72.521735" />
<trkpt lat="45.222798" lon="-72.522090" />
<trkpt lat="45.222796" lon="-72.522464" />
<trkpt lat="45.222773" lon="-72.522826" />
<trkpt lat="45.222726" lon="-72.523049" />
<trkpt lat="45.222669" lon="-72.523198" />
<trkpt lat="45.222590" lon="-72.523349" />
<trkpt lat="45.222477" lon="-72.523503" />
<trkpt lat="45.221923" lon="-72.524119" />
<trkpt lat="45.221763" lon="-72.524286" />
<trkpt lat="45.221562" lon="-72.524483" />
<trkpt lat="45.220932" lon="-72.525105" />
<trkpt lat="45.220343" lon="-72.525745" />
<trkpt lat="45.219638" lon="-72.526560" />
<trkpt lat="45.219534" lon="-72.526692" />
<trkpt lat="45.219044" lon="-72.527318" />
<trkpt lat="45.217844" lon="-72.528833" />
<trkpt lat="45.217135" lon="-72.529685" />
<trkpt lat="45.216897" lon="-72.529972" />
<trkpt lat="45.216843" lon="-72.530037" />
<trkpt lat="45.215440" lon="-72.531746" />
<trkpt lat="45.214317" lon="-72.533116" />
<trkpt lat="45.213623" lon="-72.533978" />
<trkpt lat="45.213573" lon="-72.534030" />
<trkpt lat="45.213532" lon="-72.534060" />
<trkpt lat="45.213500" lon="-72.534070" />
<trkpt lat="45.213456" lon="-72.534071" />
<trkpt lat="45.213337" lon="-72.534028" />
<trkpt lat="45.213269" lon="-72.534385" />
<trkpt lat="45.212965" lon="-72.536003" />
<trkpt lat="45.212625" lon="-72.537756" />
<trkpt lat="45.212421" lon="-72.538811" />
<trkpt lat="45.212319" lon="-72.539337" />
<trkpt lat="45.212560" lon="-72.539430" />
<trkpt lat="45.212621" lon="-72.539399" />
<trkpt lat="45.212856" lon="-72.539502" />
<trkpt lat="45.212621" lon="-72.539399" />
<trkpt lat="45.212560" lon="-72.539430" />
<trkpt lat="45.212319" lon="-72.539337" />
<trkpt lat="45.212421" lon="-72.538811" />
<trkpt lat="45.212625" lon="-72.537756" />
<trkpt lat="45.212965" lon="-72.536003" />
<trkpt lat="45.212740" lon="-72.535980" />
<trkpt lat="45.211561" lon="-72.535946" />
<trkpt lat="45.210907" lon="-72.535924" />
<trkpt lat="45.210121" lon="-72.535898" />
<trkpt lat="45.208432" lon="-72.535881" />
<trkpt lat="45.206398" lon="-72.535840" />
<trkpt lat="45.205694" lon="-72.535815" />
<trkpt lat="45.205086" lon="-72.535789" />
<trkpt lat="45.203400" lon="-72.535865" />
<trkpt lat="45.202797" lon="-72.535757" />
<trkpt lat="45.202712" lon="-72.535757" />
<trkpt lat="45.202506" lon="-72.535790" />
<trkpt lat="45.202255" lon="-72.535881" />
<trkpt lat="45.202118" lon="-72.535915" />
<trkpt lat="45.201920" lon="-72.535932" />
<trkpt lat="45.201830" lon="-72.535929" />
<trkpt lat="45.201415" lon="-72.535811" />
<trkpt lat="45.201095" lon="-72.535774" />
<trkpt lat="45.198953" lon="-72.535787" />
<trkpt lat="45.198819" lon="-72.535817" />
<trkpt lat="45.198709" lon="-72.535855" />
<trkpt lat="45.198529" lon="-72.535956" />
<trkpt lat="45.198470" lon="-72.536004" />
<trkpt lat="45.198341" lon="-72.536166" />
<trkpt lat="45.198002" lon="-72.536740" />
<trkpt lat="45.197914" lon="-72.536859" />
<trkpt lat="45.197828" lon="-72.536944" />
<trkpt lat="45.197718" lon="-72.537020" />
<trkpt lat="45.197625" lon="-72.537070" />
<trkpt lat="45.197440" lon="-72.537113" />
<trkpt lat="45.197342" lon="-72.537119" />
<trkpt lat="45.197224" lon="-72.537119" />
<trkpt lat="45.197111" lon="-72.537099" />
<trkpt lat="45.197016" lon="-72.537068" />
<trkpt lat="45.196823" lon="-72.536969" />
<trkpt lat="45.196619" lon="-72.536817" />
<trkpt lat="45.196134" lon="-72.536348" />
<trkpt lat="45.195868" lon="-72.536120" />
<trkpt lat="45.195749" lon="-72.536095" />
<trkpt lat="45.194233" lon="-72.536085" />
<trkpt lat="45.193743" lon="-72.536054" />
<trkpt lat="45.193436" lon="-72.536675" />
<trkpt lat="45.193253" lon="-72.537007" />
<trkpt lat="45.193184" lon="-72.537119" />
<trkpt lat="45.192127" lon="-72.538603" />
<trkpt lat="45.190769" lon="-72.540874" />
<trkpt lat="45.190545" lon="-72.541257" />
<trkpt lat="45.190491" lon="-72.541360" />
<trkpt lat="45.190454" lon="-72.541465" />
<trkpt lat="45.190384" lon="-72.541709" />
<trkpt lat="45.190291" lon="-72.542152" />
<trkpt lat="45.190158" lon="-72.543013" />
<trkpt lat="45.190051" lon="-72.543532" />
<trkpt lat="45.189974" lon="-72.543833" />
<trkpt lat="45.189861" lon="-72.544213" />
<trkpt lat="45.189508" lon="-72.545065" />
<trkpt lat="45.189220" lon="-72.545730" />
<trkpt lat="45.187865" lon="-72.548018" />
<trkpt lat="45.187869" lon="-72.551083" />
<trkpt lat="45.187844" lon="-72.552327" />
<trkpt lat="45.187809" lon="-72.553091" />
<trkpt lat="45.187739" lon="-72.553902" />
<trkpt lat="45.187646" lon="-72.555433" />
<trkpt lat="45.187581" lon="-72.556073" />
<trkpt lat="45.187564" lon="-72.556549" />
<trkpt lat="45.187567" lon="-72.557013" />
<trkpt lat="45.187573" lon="-72.557171" />
<trkpt lat="45.187599" lon="-72.557473" />
<trkpt lat="45.187645" lon="-72.557759" />
<trkpt lat="45.187738" lon="-72.558184" />
<trkpt lat="45.187829" lon="-72.558493" />
<trkpt lat="45.187991" lon="-72.559006" />
<trkpt lat="45.188790" lon="-72.561368" />
<trkpt lat="45.188625" lon="-72.561478" />
<trkpt lat="45.188440" lon="-72.561577" />
<trkpt lat="45.188047" lon="-72.561731" />
<trkpt lat="45.187855" lon="-72.561793" />
<trkpt lat="45.186929" lon="-72.562080" />
<trkpt lat="45.184975" lon="-72.562693" />
<trkpt lat="45.183194" lon="-72.563210" />
<trkpt lat="45.181102" lon="-72.563737" />
<trkpt lat="45.180634" lon="-72.563854" />
<trkpt lat="45.180052" lon="-72.563965" />
<trkpt lat="45.179846" lon="-72.563986" />
<trkpt lat="45.179155" lon="-72.564033" />
<trkpt lat="45.178607" lon="-72.564065" />
<trkpt lat="45.178213" lon="-72.564073" />
<trkpt lat="45.177596" lon="-72.564086" />
<trkpt lat="45.177280" lon="-72.564061" />
<trkpt lat="45.176594" lon="-72.563938" />
<trkpt lat="45.176181" lon="-72.563816" />
<trkpt lat="45.175478" lon="-72.563539" />
<trkpt lat="45.175347" lon="-72.563509" />
<trkpt lat="45.175108" lon="-72.563481" />
<trkpt lat="45.174964" lon="-72.563477" />
<trkpt lat="45.174760" lon="-72.563514" />
<trkpt lat="45.172279" lon="-72.564630" />
<trkpt lat="45.172092" lon="-72.564728" />
<trkpt lat="45.171521" lon="-72.565032" />
<trkpt lat="45.171326" lon="-72.565185" />
<trkpt lat="45.170981" lon="-72.565515" />
<trkpt lat="45.170770" lon="-72.565671" />
<trkpt lat="45.170604" lon="-72.565777" />
<trkpt lat="45.170207" lon="-72.565935" />
<trkpt lat="45.169962" lon="-72.566028" />
<trkpt lat="45.169875" lon="-72.566065" />
<trkpt lat="45.167984" lon="-72.566652" />
<trkpt lat="45.167068" lon="-72.566978" />
<trkpt lat="45.166840" lon="-72.567120" />
<trkpt lat="45.166712" lon="-72.567190" />
<trkpt lat="45.166602" lon="-72.567287" />
<trkpt lat="45.166190" lon="-72.567573" />
<trkpt lat="45.164987" lon="-72.568228" />
<trkpt lat="45.163518" lon="-72.569087" />
<trkpt lat="45.162378" lon="-72.569733" />
<trkpt lat="45.161440" lon="-72.570223" />
<trkpt lat="45.161148" lon="-72.570400" />
<trkpt lat="45.161048" lon="-72.570446" />
<trkpt lat="45.160603" lon="-72.570616" />
<trkpt lat="45.160158" lon="-72.570773" />
<trkpt lat="45.160013" lon="-72.570817" />
<trkpt lat="45.159770" lon="-72.570844" />
<trkpt lat="45.159608" lon="-72.570849" />
<trkpt lat="45.156566" lon="-72.570733" />
<trkpt lat="45.153621" lon="-72.570680" />
<trkpt lat="45.152719" lon="-72.570604" />
<trkpt lat="45.151332" lon="-72.570549" />
<trkpt lat="45.151035" lon="-72.570574" />
<trkpt lat="45.150775" lon="-72.570636" />
<trkpt lat="45.150642" lon="-72.570705" />
<trkpt lat="45.150537" lon="-72.570825" />
<trkpt lat="45.150358" lon="-72.571142" />
<trkpt lat="45.149369" lon="-72.573074" />
<trkpt lat="45.148669" lon="-72.574465" />
<trkpt lat="45.147094" lon="-72.577683" />
<trkpt lat="45.146902" lon="-72.578030" />
<trkpt lat="45.146814" lon="-72.578050" />
<trkpt lat="45.146064" lon="-72.578066" />
<trkpt lat="45.143115" lon="-72.578119" />
<trkpt lat="45.142087" lon="-72.578150" />
<trkpt lat="45.141766" lon="-72.578161" />
<trkpt lat="45.140933" lon="-72.578149" />
<trkpt lat="45.140709" lon="-72.578133" />
<trkpt lat="45.139960" lon="-72.578175" />
<trkpt lat="45.139335" lon="-72.578217" />
<trkpt lat="45.138855" lon="-72.578248" />
<trkpt lat="45.138407" lon="-72.578281" />
<trkpt lat="45.138130" lon="-72.578268" />
<trkpt lat="45.137714" lon="-72.578249" />
<trkpt lat="45.137525" lon="-72.578232" />
<trkpt lat="45.137428" lon="-72.578197" />
<trkpt lat="45.137301" lon="-72.578137" />
<trkpt lat="45.137157" lon="-72.578038" />
<trkpt lat="45.137074" lon="-72.577974" />
<trkpt lat="45.136963" lon="-72.577897" />
<trkpt lat="45.136806" lon="-72.577745" />
<trkpt lat="45.136739" lon="-72.577653" />
<trkpt lat="45.136581" lon="-72.577303" />
<trkpt lat="45.136516" lon="-72.577216" />
<trkpt lat="45.136319" lon="-72.577008" />
<trkpt lat="45.136083" lon="-72.576811" />
<trkpt lat="45.135806" lon="-72.576651" />
<trkpt lat="45.135600" lon="-72.576582" />
<trkpt lat="45.135505" lon="-72.576564" />
<trkpt lat="45.134643" lon="-72.576571" />
<trkpt lat="45.134474" lon="-72.576603" />
<trkpt lat="45.134353" lon="-72.576676" />
<trkpt lat="45.134202" lon="-72.576822" />
<trkpt lat="45.133615" lon="-72.577559" />
<trkpt lat="45.133398" lon="-72.577896" />
<trkpt lat="45.133321" lon="-72.577957" />
<trkpt lat="45.132942" lon="-72.578081" />
<trkpt lat="45.132709" lon="-72.578132" />
<trkpt lat="45.131691" lon="-72.578190" />
<trkpt lat="45.131562" lon="-72.578215" />
<trkpt lat="45.131426" lon="-72.578272" />
<trkpt lat="45.131283" lon="-72.578351" />
<trkpt lat="45.131189" lon="-72.578431" />
<trkpt lat="45.130811" lon="-72.578867" />
<trkpt lat="45.130312" lon="-72.579486" />
<trkpt lat="45.129918" lon="-72.580007" />
<trkpt lat="45.129148" lon="-72.581270" />
<trkpt lat="45.128165" lon="-72.582756" />
<trkpt lat="45.127441" lon="-72.583723" />
<trkpt lat="45.126632" lon="-72.584934" />
<trkpt lat="45.126536" lon="-72.585115" />
<trkpt lat="45.126450" lon="-72.585278" />
<trkpt lat="45.126308" lon="-72.585597" />
<trkpt lat="45.126242" lon="-72.585799" />
<trkpt lat="45.126191" lon="-72.586054" />
<trkpt lat="45.126132" lon="-72.586256" />
<trkpt lat="45.125658" lon="-72.587574" />
<trkpt lat="45.125490" lon="-72.587939" />
<trkpt lat="45.125415" lon="-72.588056" />
<trkpt lat="45.124410" lon="-72.589412" />
<trkpt lat="45.124152" lon="-72.589879" />
<trkpt lat="45.123501" lon="-72.590943" />
<trkpt lat="45.123024" lon="-72.591670" />
<trkpt lat="45.122724" lon="-72.592161" />
<trkpt lat="45.122384" lon="-72.592603" />
<trkpt lat="45.121231" lon="-72.594457" />
<trkpt lat="45.120910" lon="-72.595104" />
<trkpt lat="45.120759" lon="-72.595465" />
<trkpt lat="45.120710" lon="-72.595581" />
<trkpt lat="45.120436" lon="-72.596396" />
<trkpt lat="45.119818" lon="-72.598022" />
<trkpt lat="45.119372" lon="-72.599179" />
<trkpt lat="45.119131" lon="-72.599681" />
<trkpt lat="45.118895" lon="-72.600119" />
<trkpt lat="45.118371" lon="-72.600967" />
<trkpt lat="45.118026" lon="-72.601435" />
<trkpt lat="45.117724" lon="-72.601797" />
<trkpt lat="45.117331" lon="-72.602237" />
<trkpt lat="45.117266" lon="-72.602307" />
<trkpt lat="45.117144" lon="-72.602441" />
<trkpt lat="45.116919" lon="-72.602666" />
<trkpt lat="45.116625" lon="-72.602933" />
<trkpt lat="45.116231" lon="-72.603245" />
<trkpt lat="45.116059" lon="-72.603364" />
<trkpt lat="45.115327" lon="-72.603843" />
<trkpt lat="45.114824" lon="-72.604174" />
<trkpt lat="45.114625" lon="-72.604337" />
<trkpt lat="45.114438" lon="-72.604541" />
<trkpt lat="45.114320" lon="-72.604713" />
<trkpt lat="45.114181" lon="-72.604934" />
<trkpt lat="45.113934" lon="-72.605402" />
<trkpt lat="45.113566" lon="-72.606168" />
<trkpt lat="45.113449" lon="-72.606391" />
<trkpt lat="45.113225" lon="-72.606804" />
<trkpt lat="45.112954" lon="-72.607228" />
<trkpt lat="45.112730" lon="-72.607568" />
<trkpt lat="45.112536" lon="-72.607903" />
<trkpt lat="45.111407" lon="-72.610095" />
<trkpt lat="45.110639" lon="-72.611661" />
<trkpt lat="45.110189" lon="-72.612577" />
<trkpt lat="45.109788" lon="-72.611316" />
<trkpt lat="45.109644" lon="-72.610768" />
<trkpt lat="45.109598" lon="-72.610562" />
<trkpt lat="45.109364" lon="-72.609307" />
<trkpt lat="45.109298" lon="-72.608608" />
<trkpt lat="45.109178" lon="-72.608352" />
<trkpt lat="45.109145" lon="-72.608264" />
<trkpt lat="45.109070" lon="-72.608153" />
<trkpt lat="45.108989" lon="-72.608070" />
<trkpt lat="45.108786" lon="-72.607994" />
<trkpt lat="45.108406" lon="-72.607919" />
<trkpt lat="45.108090" lon="-72.607828" />
<trkpt lat="45.107938" lon="-72.607777" />
<trkpt lat="45.107807" lon="-72.607732" />
<trkpt lat="45.107727" lon="-72.607705" />
<trkpt lat="45.107765" lon="-72.607284" />
<trkpt lat="45.107767" lon="-72.607018" />
<trkpt lat="45.107740" lon="-72.606839" />
<trkpt lat="45.107705" lon="-72.606698" />
<trkpt lat="45.107465" lon="-72.605948" />
<trkpt lat="45.107151" lon="-72.604966" />
<trkpt lat="45.107135" lon="-72.604857" />
<trkpt lat="45.107140" lon="-72.604733" />
<trkpt lat="45.107154" lon="-72.604617" />
<trkpt lat="45.107213" lon="-72.604364" />
<trkpt lat="45.107762" lon="-72.602869" />
<trkpt lat="45.107794" lon="-72.602748" />
<trkpt lat="45.107809" lon="-72.602611" />
<trkpt lat="45.107815" lon="-72.602483" />
<trkpt lat="45.107813" lon="-72.602294" />
<trkpt lat="45.107751" lon="-72.601605" />
<trkpt lat="45.107648" lon="-72.600643" />
<trkpt lat="45.107507" lon="-72.599246" />
<trkpt lat="45.107422" lon="-72.598688" />
<trkpt lat="45.107307" lon="-72.598332" />
<trkpt lat="45.107138" lon="-72.597881" />
<trkpt lat="45.106919" lon="-72.597390" />
<trkpt lat="45.106600" lon="-72.596722" />
<trkpt lat="45.106503" lon="-72.596480" />
<trkpt lat="45.106425" lon="-72.596202" />
<trkpt lat="45.106380" lon="-72.595935" />
<trkpt lat="45.106356" lon="-72.595735" />
<trkpt lat="45.106330" lon="-72.595439" />
<trkpt lat="45.106320" lon="-72.595117" />
<trkpt lat="45.106296" lon="-72.594359" />
<trkpt lat="45.106205" lon="-72.590151" />
<trkpt lat="45.106170" lon="-72.588196" />
<trkpt lat="45.106168" lon="-72.588095" />
<trkpt lat="45.106158" lon="-72.587568" />
<trkpt lat="45.106088" lon="-72.585033" />
<trkpt lat="45.105984" lon="-72.581301" />
<trkpt lat="45.105965" lon="-72.580357" />
<trkpt lat="45.105842" lon="-72.575612" />
<trkpt lat="45.105808" lon="-72.573941" />
<trkpt lat="45.105792" lon="-72.573509" />
<trkpt lat="45.105742" lon="-72.572421" />
<trkpt lat="45.105632" lon="-72.569406" />
<trkpt lat="45.105596" lon="-72.568432" />
<trkpt lat="45.105529" lon="-72.566736" />
<trkpt lat="45.105474" lon="-72.565591" />
<trkpt lat="45.105415" lon="-72.564894" />
<trkpt lat="45.105056" lon="-72.562624" />
<trkpt lat="45.104910" lon="-72.561792" />
<trkpt lat="45.104895" lon="-72.561711" />
<trkpt lat="45.104883" lon="-72.561649" />
<trkpt lat="45.104840" lon="-72.561419" />
<trkpt lat="45.104699" lon="-72.561453" />
</trkseg></trk></gpx>
